ISO-10303-21;
HEADER;
FILE_DESCRIPTION(('ViewDefinition[DesignTransferView]'),'2;1');
FILE_NAME('s03-activity.ifc','2026-09-30T17:00:09+08:00',(''),(''),'IfcOpenShell 0.8.5-post1','Bonsai 0.8.5-post1','Nobody');
FILE_SCHEMA(('IFC4'));
ENDSEC;
DATA;
#1=IFCPROJECT('32NlS3AzLFiPSDR$ptr8b0',$,'My Project',$,$,$,$,(#10,#22),#5);
#2=IFCSIUNIT(*,.LENGTHUNIT.,$,.METRE.);
#3=IFCSIUNIT(*,.AREAUNIT.,$,.SQUARE_METRE.);
#4=IFCSIUNIT(*,.VOLUMEUNIT.,$,.CUBIC_METRE.);
#5=IFCUNITASSIGNMENT((#2,#3,#4));
#6=IFCCARTESIANPOINT((0.,0.,0.));
#7=IFCDIRECTION((0.,0.,1.));
#8=IFCDIRECTION((1.,0.,0.));
#9=IFCAXIS2PLACEMENT3D(#6,#7,#8);
#10=IFCGEOMETRICREPRESENTATIONCONTEXT($,'Model',3,1.0000000000000001E-05,#9,$);
#11=IFCGEOMETRICREPRESENTATIONSUBCONTEXT('Body','Model',*,*,*,*,#10,$,.MODEL_VIEW.,$);
#12=IFCGEOMETRICREPRESENTATIONSUBCONTEXT('Axis','Model',*,*,*,*,#10,$,.GRAPH_VIEW.,$);
#13=IFCGEOMETRICREPRESENTATIONSUBCONTEXT('Box','Model',*,*,*,*,#10,$,.MODEL_VIEW.,$);
#14=IFCGEOMETRICREPRESENTATIONSUBCONTEXT('Annotation','Model',*,*,*,*,#10,$,.SECTION_VIEW.,$);
#15=IFCGEOMETRICREPRESENTATIONSUBCONTEXT('Annotation','Model',*,*,*,*,#10,$,.ELEVATION_VIEW.,$);
#16=IFCGEOMETRICREPRESENTATIONSUBCONTEXT('Annotation','Model',*,*,*,*,#10,$,.MODEL_VIEW.,$);
#17=IFCGEOMETRICREPRESENTATIONSUBCONTEXT('Annotation','Model',*,*,*,*,#10,$,.PLAN_VIEW.,$);
#18=IFCGEOMETRICREPRESENTATIONSUBCONTEXT('Profile','Model',*,*,*,*,#10,$,.ELEVATION_VIEW.,$);
#19=IFCCARTESIANPOINT((0.,0.));
#20=IFCDIRECTION((1.,0.));
#21=IFCAXIS2PLACEMENT2D(#19,#20);
#22=IFCGEOMETRICREPRESENTATIONCONTEXT($,'Plan',2,1.0000000000000001E-05,#21,$);
#23=IFCGEOMETRICREPRESENTATIONSUBCONTEXT('Axis','Plan',*,*,*,*,#22,$,.GRAPH_VIEW.,$);
#24=IFCGEOMETRICREPRESENTATIONSUBCONTEXT('Body','Plan',*,*,*,*,#22,$,.PLAN_VIEW.,$);
#25=IFCGEOMETRICREPRESENTATIONSUBCONTEXT('Annotation','Plan',*,*,*,*,#22,$,.PLAN_VIEW.,$);
#26=IFCGEOMETRICREPRESENTATIONSUBCONTEXT('Annotation','Plan',*,*,*,*,#22,$,.REFLECTED_PLAN_VIEW.,$);
#27=IFCSITE('1GgEF2Mdz6fQWkGDocwsbU',$,'My Site',$,$,#50,$,$,$,$,$,$,$,$);
#33=IFCBUILDING('1C5_GswK56$Rs6is6DfQGm',$,'My Building',$,$,#56,$,$,$,$,$,$);
#39=IFCBUILDINGSTOREY('0VdURIdgXC49H_zyr6vSdv',$,'2F',$,$,#10387,$,$,$,$);
#45=IFCRELAGGREGATES('1tavmkOIDCAed8srLN1h_2',$,$,$,#1,(#27));
#46=IFCCARTESIANPOINT((0.,0.,0.));
#47=IFCDIRECTION((0.,0.,1.));
#48=IFCDIRECTION((1.,0.,0.));
#49=IFCAXIS2PLACEMENT3D(#46,#47,#48);
#50=IFCLOCALPLACEMENT($,#49);
#51=IFCRELAGGREGATES('3AGl97UIL0MglElVJZXbMI',$,$,$,#27,(#33));
#52=IFCCARTESIANPOINT((0.,0.,0.));
#53=IFCDIRECTION((0.,0.,1.));
#54=IFCDIRECTION((1.,0.,0.));
#55=IFCAXIS2PLACEMENT3D(#52,#53,#54);
#56=IFCLOCALPLACEMENT(#50,#55);
#57=IFCRELAGGREGATES('2SOqF$aVH0Phj4Q_SBiDJx',$,$,$,#33,(#63,#39));
#63=IFCBUILDINGSTOREY('3Ds90qsFX8XeFKkgAUOonM',$,'GF',$,$,#79,$,$,$,$);
#75=IFCCARTESIANPOINT((0.,0.,0.));
#76=IFCDIRECTION((0.,0.,1.));
#77=IFCDIRECTION((1.,0.,0.));
#78=IFCAXIS2PLACEMENT3D(#75,#76,#77);
#79=IFCLOCALPLACEMENT(#56,#78);
#80=IFCWALLTYPE('1I24y$Jd1C9hWHmDCUcL2o',$,'Wall',$,$,(#85),$,$,$,.SOLIDWALL.);
#81=IFCMATERIAL('Unknown',$,$);
#82=IFCMATERIALLAYERSET((#84),$,$);
#83=IFCRELASSOCIATESMATERIAL('00Sp63EUXA89hX6OhNRZKE',$,$,$,(#80),#82);
#84=IFCMATERIALLAYER(#81,0.10000000000000001,$,$,$,$,$);
#85=IFCPROPERTYSET('2KNl2KHGj9VgX0OwylCRMJ',$,'EPset_Parametric',$,(#86));
#86=IFCPROPERTYSINGLEVALUE('LayerSetDirection',$,IFCLABEL('AXIS2'),$);
#127=IFCWALL('1nelYUEp16Cw2CBtmMMBkD',$,'Wall',$,$,#1084,#135,$,$);
#128=IFCRELCONTAINEDINSPATIALSTRUCTURE('2HPWPLINH6LhSj1ShMY2lg',$,$,$,(#167,#4791,#2763,#267,#242,#750,#620,#292,#1267,#127,#820,#192,#645,#1946,#1136,#3428,#4536,#1574,#3801,#317,#217,#845),#63);
#129=IFCRELDEFINESBYTYPE('0sCzhnIIv9_9JWAtmwX5aG',$,$,$,(#6727,#5291,#5391,#5216,#167,#267,#7175,#6369,#6470,#6272,#5911,#292,#127,#5416,#820,#750,#620,#192,#5441,#645,#5266,#845,#6636,#6001,#317,#217,#242),#80);
#130=IFCMATERIALLAYERSETUSAGE(#82,.AXIS2.,.POSITIVE.,0.,$);
#131=IFCRELASSOCIATESMATERIAL('3pkzQRm01BugMQbVtxMR38',$,$,$,(#127),#130);
#135=IFCPRODUCTDEFINITIONSHAPE($,$,(#1129,#1126));
#151=IFCPROPERTYSET('3Bhp7BN5z61gZK6kpgg7PH',$,'EPset_Parametric',$,(#153));
#152=IFCRELDEFINESBYPROPERTIES('0lUPKO4H9Dfulo_JrDNgnM',$,$,$,(#127),#151);
#153=IFCPROPERTYSINGLEVALUE('Engine',$,IFCLABEL('Bonsai.DumbLayer2'),$);
#167=IFCWALL('1r5_Z7g$9EjxXRrXGD88k7',$,'Wall',$,$,#1116,#173,$,$);
#168=IFCMATERIALLAYERSETUSAGE(#82,.AXIS2.,.POSITIVE.,0.,$);
#169=IFCRELASSOCIATESMATERIAL('1SywjVt49EDREEemW_DKvg',$,$,$,(#167),#168);
#173=IFCPRODUCTDEFINITIONSHAPE($,$,(#1111,#1108));
#189=IFCPROPERTYSET('1gtG7bFzH2kfzomMf7yQdc',$,'EPset_Parametric',$,(#191));
#190=IFCRELDEFINESBYPROPERTIES('2H3973eYL5lQNiKlRpj$AQ',$,$,$,(#167),#189);
#191=IFCPROPERTYSINGLEVALUE('Engine',$,IFCLABEL('Bonsai.DumbLayer2'),$);
#192=IFCWALL('2kMDdy6kzABRRFQY1ieEdO',$,'Wall',$,$,#451,#198,$,$);
#193=IFCMATERIALLAYERSETUSAGE(#82,.AXIS2.,.POSITIVE.,0.,$);
#194=IFCRELASSOCIATESMATERIAL('1LE1S$MpfFIBgB$ip84JxC',$,$,$,(#192),#193);
#198=IFCPRODUCTDEFINITIONSHAPE($,$,(#496,#493));
#214=IFCPROPERTYSET('1C0Bjp7aPF98CYCOt5BjzX',$,'EPset_Parametric',$,(#216));
#215=IFCRELDEFINESBYPROPERTIES('02WQrcxF14XuYYhzBrF6ur',$,$,$,(#192),#214);
#216=IFCPROPERTYSINGLEVALUE('Engine',$,IFCLABEL('Bonsai.DumbLayer2'),$);
#217=IFCWALL('0iDW6gf0b64RzrO8QbZFhG',$,'Wall',$,$,#483,#223,$,$);
#218=IFCMATERIALLAYERSETUSAGE(#82,.AXIS2.,.POSITIVE.,0.,$);
#219=IFCRELASSOCIATESMATERIAL('0Pb9WfQX1EXAzYg0LPIUIG',$,$,$,(#217),#218);
#223=IFCPRODUCTDEFINITIONSHAPE($,$,(#523,#520));
#239=IFCPROPERTYSET('2zkhUdM7v3BuAnS2$JOxcL',$,'EPset_Parametric',$,(#241));
#240=IFCRELDEFINESBYPROPERTIES('1oHMl2_E1FQg2tCI5eFIX9',$,$,$,(#217),#239);
#241=IFCPROPERTYSINGLEVALUE('Engine',$,IFCLABEL('Bonsai.DumbLayer2'),$);
#242=IFCWALL('2OtT1KEEX7aPnStrtCNDNf',$,'Wall',$,$,#253,#248,$,$);
#243=IFCMATERIALLAYERSETUSAGE(#82,.AXIS2.,.POSITIVE.,0.,$);
#244=IFCRELASSOCIATESMATERIAL('08YUgCMg15Be12YEGY8Uul',$,$,$,(#242),#243);
#248=IFCPRODUCTDEFINITIONSHAPE($,$,(#1033,#1030));
#249=IFCCARTESIANPOINT((0.77660548686981201,5.0197362899780273,0.));
#250=IFCDIRECTION((0.,0.,1.));
#251=IFCDIRECTION((-0.99999999999992428,3.8941436741876494E-07,0.));
#252=IFCAXIS2PLACEMENT3D(#249,#250,#251);
#253=IFCLOCALPLACEMENT(#79,#252);
#264=IFCPROPERTYSET('03Wp_abLXE_Q10rxk02tuz',$,'EPset_Parametric',$,(#266));
#265=IFCRELDEFINESBYPROPERTIES('11uDvR_LfCXQ5xT4RWHCuH',$,$,$,(#242),#264);
#266=IFCPROPERTYSINGLEVALUE('Engine',$,IFCLABEL('Bonsai.DumbLayer2'),$);
#267=IFCWALL('25snr8BEf5cxT1ocr8ArjX',$,'Wall',$,$,#542,#273,$,$);
#268=IFCMATERIALLAYERSETUSAGE(#82,.AXIS2.,.POSITIVE.,0.,$);
#269=IFCRELASSOCIATESMATERIAL('3eQpqPBDDBUfuMZfaDKCeU',$,$,$,(#267),#268);
#273=IFCPRODUCTDEFINITIONSHAPE($,$,(#749,#746));
#289=IFCPROPERTYSET('0WAuA6Gxz2LQpJQv5xkMdU',$,'EPset_Parametric',$,(#291));
#290=IFCRELDEFINESBYPROPERTIES('3M_3EOI2v7FutzEq_DoswC',$,$,$,(#267),#289);
#291=IFCPROPERTYSINGLEVALUE('Engine',$,IFCLABEL('Bonsai.DumbLayer2'),$);
#292=IFCWALL('23Xd9ruiP1FwBGu3uAP6Rf',$,'Wall',$,$,#574,#298,$,$);
#293=IFCMATERIALLAYERSETUSAGE(#82,.AXIS2.,.POSITIVE.,0.,$);
#294=IFCRELASSOCIATESMATERIAL('1jTh0BXQj4a8ORI4mDvFjv',$,$,$,(#292),#293);
#298=IFCPRODUCTDEFINITIONSHAPE($,$,(#619,#616));
#314=IFCPROPERTYSET('0LiJ6CJCnEDwHQQ2FNe4kZ',$,'EPset_Parametric',$,(#316));
#315=IFCRELDEFINESBYPROPERTIES('10mgM_ubX0q8aCGpyaWfq7',$,$,$,(#292),#314);
#316=IFCPROPERTYSINGLEVALUE('Engine',$,IFCLABEL('Bonsai.DumbLayer2'),$);
#317=IFCWALL('2$_hfahrj1H9IeWUtc0NcT',$,'Wall',$,$,#606,#323,$,$);
#318=IFCMATERIALLAYERSETUSAGE(#82,.AXIS2.,.POSITIVE.,0.,$);
#319=IFCRELASSOCIATESMATERIAL('2XMGE_6crEyerlxyZva5D3',$,$,$,(#317),#318);
#323=IFCPRODUCTDEFINITIONSHAPE($,$,(#1097,#1094));
#339=IFCPROPERTYSET('0MR9LTxGfCpxCtXsiEtp4T',$,'EPset_Parametric',$,(#341));
#340=IFCRELDEFINESBYPROPERTIES('2GHuyy8uDB6hUS$qLBrd0N',$,$,$,(#317),#339);
#341=IFCPROPERTYSINGLEVALUE('Engine',$,IFCLABEL('Bonsai.DumbLayer2'),$);
#433=IFCRELCONNECTSPATHELEMENTS('3yhdyfLvvFPR1ilU6yqHzS',$,$,$,$,#192,#167,(),(),.ATEND.,.ATSTART.);
#447=IFCCARTESIANPOINT((4.2266056255380109,6.5197367668152175,0.));
#448=IFCDIRECTION((0.,0.,1.));
#449=IFCDIRECTION((-0.99999999999998868,-1.5099580252808492E-07,0.));
#450=IFCAXIS2PLACEMENT3D(#447,#448,#449);
#451=IFCLOCALPLACEMENT(#79,#450);
#465=IFCRELCONNECTSPATHELEMENTS('0oG$_kkIfD$h89Zfqqjtyr',$,$,$,$,#217,#192,(),(),.ATEND.,.ATSTART.);
#479=IFCCARTESIANPOINT((0.77660536766052579,6.5197362458796606,0.));
#480=IFCDIRECTION((0.,0.,1.));
#481=IFCDIRECTION((7.5497901264043123E-08,-0.99999999999999722,0.));
#482=IFCAXIS2PLACEMENT3D(#479,#480,#481);
#483=IFCLOCALPLACEMENT(#79,#482);
#484=IFCCARTESIANPOINTLIST2D(((0.,0.),(0.10000002264937295,0.10000000000000001),(3.3500002654273144,0.10000000000000001),(3.4500002578775244,0.)));
#485=IFCINDEXEDPOLYCURVE(#484,(IFCLINEINDEX((1,2,3,4,1))),$);
#486=IFCARBITRARYCLOSEDPROFILEDEF(.AREA.,$,#485);
#487=IFCCARTESIANPOINT((0.,0.,0.));
#488=IFCDIRECTION((0.,0.,1.));
#489=IFCDIRECTION((1.,0.,0.));
#490=IFCAXIS2PLACEMENT3D(#487,#488,#489);
#491=IFCDIRECTION((0.,0.,1.));
#492=IFCEXTRUDEDAREASOLID(#486,#490,#491,2.9900000095367432);
#493=IFCSHAPEREPRESENTATION(#11,'Body','SweptSolid',(#492));
#494=IFCCARTESIANPOINTLIST2D(((0.,0.),(3.4500002578775244,0.)));
#495=IFCINDEXEDPOLYCURVE(#494,$,$);
#496=IFCSHAPEREPRESENTATION(#23,'Axis','Curve2D',(#495));
#497=IFCRELCONNECTSPATHELEMENTS('0jIrUOLRvACvcq7bBBNi1m',$,$,$,$,#242,#217,(),(),.ATEND.,.ATSTART.);
#511=IFCCARTESIANPOINTLIST2D(((0.,0.),(0.099999992450210171,0.10000000000000001),(1.6000000023928718,0.10000000000000001),(1.4999999559016342,0.)));
#512=IFCINDEXEDPOLYCURVE(#511,(IFCLINEINDEX((1,2,3,4,1))),$);
#513=IFCARBITRARYCLOSEDPROFILEDEF(.AREA.,$,#512);
#514=IFCCARTESIANPOINT((0.,0.,0.));
#515=IFCDIRECTION((0.,0.,1.));
#516=IFCDIRECTION((1.,0.,0.));
#517=IFCAXIS2PLACEMENT3D(#514,#515,#516);
#518=IFCDIRECTION((0.,0.,1.));
#519=IFCEXTRUDEDAREASOLID(#513,#517,#518,2.9900000095367432);
#520=IFCSHAPEREPRESENTATION(#11,'Body','SweptSolid',(#519));
#521=IFCCARTESIANPOINTLIST2D(((0.,0.),(1.4999999559016342,0.)));
#522=IFCINDEXEDPOLYCURVE(#521,$,$);
#523=IFCSHAPEREPRESENTATION(#23,'Axis','Curve2D',(#522));
#524=IFCRELCONNECTSPATHELEMENTS('15RcvnVrH7_R5KaGkMU3Xi',$,$,$,$,#267,#242,(),(),.ATEND.,.ATSTART.);
#538=IFCCARTESIANPOINT((-2.7733945846558301,5.0197376723990592,0.));
#539=IFCDIRECTION((0.,0.,1.));
#540=IFCDIRECTION((7.5497901264043123E-08,-0.99999999999999722,0.));
#541=IFCAXIS2PLACEMENT3D(#538,#539,#540);
#542=IFCLOCALPLACEMENT(#79,#541);
#556=IFCRELCONNECTSPATHELEMENTS('0hNUr82aX9mfo4jCsjmksQ',$,$,$,$,#292,#267,(),(),.ATEND.,.ATSTART.);
#570=IFCCARTESIANPOINT((-2.7733941958415631,-0.13026332855224609,0.));
#571=IFCDIRECTION((0.,0.,1.));
#572=IFCDIRECTION((1.,0.,0.));
#573=IFCAXIS2PLACEMENT3D(#570,#571,#572);
#574=IFCLOCALPLACEMENT(#79,#573);
#588=IFCRELCONNECTSPATHELEMENTS('1pWQBXmmP4Dhz57tWWWikm',$,$,$,$,#317,#292,(),(),.ATEND.,.ATSTART.);
#602=IFCCARTESIANPOINT((0.22660589218133342,-0.13026332855224609,0.));
#603=IFCDIRECTION((0.,0.,1.));
#604=IFCDIRECTION((-2.8212997449371656E-07,-0.99999999999996025,0.));
#605=IFCAXIS2PLACEMENT3D(#602,#603,#604);
#606=IFCLOCALPLACEMENT(#79,#605);
#607=IFCCARTESIANPOINTLIST2D(((0.,0.),(0.099999992450210171,0.10000000000000001),(3.1000001162358979,0.10000000000000001),(3.0000000880228965,0.)));
#608=IFCINDEXEDPOLYCURVE(#607,(IFCLINEINDEX((1,2,3,4,1))),$);
#609=IFCARBITRARYCLOSEDPROFILEDEF(.AREA.,$,#608);
#610=IFCCARTESIANPOINT((0.,0.,0.));
#611=IFCDIRECTION((0.,0.,1.));
#612=IFCDIRECTION((1.,0.,0.));
#613=IFCAXIS2PLACEMENT3D(#610,#611,#612);
#614=IFCDIRECTION((0.,0.,1.));
#615=IFCEXTRUDEDAREASOLID(#609,#613,#614,2.9900000095367432);
#616=IFCSHAPEREPRESENTATION(#11,'Body','SweptSolid',(#615));
#617=IFCCARTESIANPOINTLIST2D(((0.,0.),(3.0000000880228965,0.)));
#618=IFCINDEXEDPOLYCURVE(#617,$,$);
#619=IFCSHAPEREPRESENTATION(#23,'Axis','Curve2D',(#618));
#620=IFCWALL('1qevxU_cHB_PATvsZKx6E9',$,'Wall',$,$,#631,#626,$,$);
#621=IFCMATERIALLAYERSETUSAGE(#82,.AXIS2.,.POSITIVE.,0.,$);
#622=IFCRELASSOCIATESMATERIAL('0PuZ6$u9r77ukSyejhQSay',$,$,$,(#620),#621);
#626=IFCPRODUCTDEFINITIONSHAPE($,$,(#722,#719));
#627=IFCCARTESIANPOINT((0.32660591602325439,-0.030263325199484825,0.));
#628=IFCDIRECTION((0.,0.,1.));
#629=IFCDIRECTION((7.5497901264043109E-08,0.99999999999999711,0.));
#630=IFCAXIS2PLACEMENT3D(#627,#628,#629);
#631=IFCLOCALPLACEMENT(#79,#630);
#642=IFCPROPERTYSET('11oHGIdmfEpwEeNhRUjh9E',$,'EPset_Parametric',$,(#644));
#643=IFCRELDEFINESBYPROPERTIES('0MLt2i$4nDrB0f3gKB1tHB',$,$,$,(#620),#642);
#644=IFCPROPERTYSINGLEVALUE('Engine',$,IFCLABEL('Bonsai.DumbLayer2'),$);
#645=IFCWALL('24BnmfsLn2SBAGekmy6YrY',$,'Wall',$,$,#656,#651,$,$);
#646=IFCMATERIALLAYERSETUSAGE(#82,.AXIS2.,.POSITIVE.,0.,$);
#647=IFCRELASSOCIATESMATERIAL('0LCBfOA4j07RSUTdUQHdvU',$,$,$,(#645),#646);
#651=IFCPRODUCTDEFINITIONSHAPE($,$,(#736,#733));
#652=IFCCARTESIANPOINT((0.32660612463951111,2.6197366714477539,0.));
#653=IFCDIRECTION((0.,0.,1.));
#654=IFCDIRECTION((-0.99999999999998868,-1.5099580252808492E-07,0.));
#655=IFCAXIS2PLACEMENT3D(#652,#653,#654);
#656=IFCLOCALPLACEMENT(#79,#655);
#667=IFCPROPERTYSET('2Tu71o3cP73x2pLYeYoY2z',$,'EPset_Parametric',$,(#669));
#668=IFCRELDEFINESBYPROPERTIES('2J7B7wbf9EgvAfK2FZmlFI',$,$,$,(#645),#667);
#669=IFCPROPERTYSINGLEVALUE('Engine',$,IFCLABEL('Bonsai.DumbLayer2'),$);
#696=IFCRELCONNECTSPATHELEMENTS('2Gxa8XitP1MAzlYlZTAsdA',$,$,$,$,#645,#620,(),(),.ATEND.,.ATSTART.);
#710=IFCCARTESIANPOINTLIST2D(((0.,0.),(0.,0.10000000000000001),(2.5499999739978718,0.10000000000000001),(2.6499999966472449,0.)));
#711=IFCINDEXEDPOLYCURVE(#710,(IFCLINEINDEX((1,2,3,4,1))),$);
#712=IFCARBITRARYCLOSEDPROFILEDEF(.AREA.,$,#711);
#713=IFCCARTESIANPOINT((0.,0.,0.));
#714=IFCDIRECTION((0.,0.,1.));
#715=IFCDIRECTION((1.,0.,0.));
#716=IFCAXIS2PLACEMENT3D(#713,#714,#715);
#717=IFCDIRECTION((0.,0.,1.));
#718=IFCEXTRUDEDAREASOLID(#712,#716,#717,2.9900000095367432);
#719=IFCSHAPEREPRESENTATION(#11,'Body','SweptSolid',(#718));
#720=IFCCARTESIANPOINTLIST2D(((0.,0.),(2.6499999966472449,0.)));
#721=IFCINDEXEDPOLYCURVE(#720,$,$);
#722=IFCSHAPEREPRESENTATION(#23,'Axis','Curve2D',(#721));
#723=IFCRELCONNECTSPATHELEMENTS('33bFsNUQbFlAHtHeUOS4$5',$,$,$,$,#645,#267,(),(),.ATPATH.,.ATEND.);
#724=IFCCARTESIANPOINTLIST2D(((0.,0.),(0.10000002264937295,0.10000000000000001),(3.0000005271032739,0.10000000000000001),(3.0000005195534838,0.)));
#725=IFCINDEXEDPOLYCURVE(#724,(IFCLINEINDEX((1,2,3,4,1))),$);
#726=IFCARBITRARYCLOSEDPROFILEDEF(.AREA.,$,#725);
#727=IFCCARTESIANPOINT((0.,0.,0.));
#728=IFCDIRECTION((0.,0.,1.));
#729=IFCDIRECTION((1.,0.,0.));
#730=IFCAXIS2PLACEMENT3D(#727,#728,#729);
#731=IFCDIRECTION((0.,0.,1.));
#732=IFCEXTRUDEDAREASOLID(#726,#730,#731,2.9900000095367432);
#733=IFCSHAPEREPRESENTATION(#11,'Body','SweptSolid',(#732));
#734=IFCCARTESIANPOINTLIST2D(((0.,0.),(3.1000005195534843,0.)));
#735=IFCINDEXEDPOLYCURVE(#734,$,$);
#736=IFCSHAPEREPRESENTATION(#23,'Axis','Curve2D',(#735));
#737=IFCCARTESIANPOINTLIST2D(((0.,0.),(0.1000000464912377,0.10000000000000001),(5.05000100850111,0.10000000000000001),(5.1500010009513204,0.)));
#738=IFCINDEXEDPOLYCURVE(#737,(IFCLINEINDEX((1,2,3,4,1))),$);
#739=IFCARBITRARYCLOSEDPROFILEDEF(.AREA.,$,#738);
#740=IFCCARTESIANPOINT((0.,0.,0.));
#741=IFCDIRECTION((0.,0.,1.));
#742=IFCDIRECTION((1.,0.,0.));
#743=IFCAXIS2PLACEMENT3D(#740,#741,#742);
#744=IFCDIRECTION((0.,0.,1.));
#745=IFCEXTRUDEDAREASOLID(#739,#743,#744,2.9900000095367432);
#746=IFCSHAPEREPRESENTATION(#11,'Body','SweptSolid',(#745));
#747=IFCCARTESIANPOINTLIST2D(((0.,0.),(5.1500010009513204,0.)));
#748=IFCINDEXEDPOLYCURVE(#747,$,$);
#749=IFCSHAPEREPRESENTATION(#23,'Axis','Curve2D',(#748));
#750=IFCWALL('1mYevEdtf3wBSxUUKGKOCM',$,'Wall',$,$,#792,#756,$,$);
#751=IFCMATERIALLAYERSETUSAGE(#82,.AXIS2.,.POSITIVE.,0.,$);
#752=IFCRELASSOCIATESMATERIAL('3ywHPMwRj2LPkNk3uRCPVB',$,$,$,(#750),#751);
#756=IFCPRODUCTDEFINITIONSHAPE($,$,(#996,#993));
#772=IFCPROPERTYSET('2q_oXuKxT708CP0T2w$yA5',$,'EPset_Parametric',$,(#774));
#773=IFCRELDEFINESBYPROPERTIES('1ihB93GqD90BxJghZs6DMH',$,$,$,(#750),#772);
#774=IFCPROPERTYSINGLEVALUE('Engine',$,IFCLABEL('Bonsai.DumbLayer2'),$);
#788=IFCCARTESIANPOINT((-1.1805208921432495,2.6197366714477539,0.));
#789=IFCDIRECTION((0.,0.,1.));
#790=IFCDIRECTION((1.9470718370939353E-07,0.99999999999998113,0.));
#791=IFCAXIS2PLACEMENT3D(#788,#789,#790);
#792=IFCLOCALPLACEMENT(#79,#791);
#793=IFCRELCONNECTSPATHELEMENTS('33JmAtlZT29fzYzUN5NRLi',$,$,$,$,#750,#242,(),(),.ATPATH.,.ATEND.);
#820=IFCWALL('2eO4dx9Vj2xvPebwGDs8ut',$,'Wall',$,$,#1020,#826,$,$);
#821=IFCMATERIALLAYERSETUSAGE(#82,.AXIS2.,.POSITIVE.,0.,$);
#822=IFCRELASSOCIATESMATERIAL('09pYmRLQP4suzBjFcFcCYT',$,$,$,(#820),#821);
#826=IFCPRODUCTDEFINITIONSHAPE($,$,(#1047,#1044));
#842=IFCPROPERTYSET('0jzgfR95jFBxwcD0AVKhsB',$,'EPset_Parametric',$,(#844));
#843=IFCRELDEFINESBYPROPERTIES('2SiAPcNLL91epDIRtLf30a',$,$,$,(#820),#842);
#844=IFCPROPERTYSINGLEVALUE('Engine',$,IFCLABEL('Bonsai.DumbLayer2'),$);
#845=IFCWALL('2S5249wKv6FuJiRcSt5Rfw',$,'Wall',$,$,#1065,#851,$,$);
#846=IFCMATERIALLAYERSETUSAGE(#82,.AXIS2.,.POSITIVE.,0.,$);
#847=IFCRELASSOCIATESMATERIAL('380eNp9zX119bmLUbL3yqi',$,$,$,(#845),#846);
#851=IFCPRODUCTDEFINITIONSHAPE($,$,(#1060,#1057));
#867=IFCPROPERTYSET('08P6iRTdjE5PpYITkqp7vd',$,'EPset_Parametric',$,(#869));
#868=IFCRELDEFINESBYPROPERTIES('2kdAIF5dnEihY$i3mZ4UOO',$,$,$,(#845),#867);
#869=IFCPROPERTYSINGLEVALUE('Engine',$,IFCLABEL('Bonsai.DumbLayer2'),$);
#965=IFCRELCONNECTSPATHELEMENTS('11vdoQMHj9_Pgrv_Pz6bYW',$,$,$,$,#845,#750,(),(),.ATPATH.,.ATEND.);
#984=IFCCARTESIANPOINTLIST2D(((0.,0.),(0.,0.10000000000000001),(2.3000004001339844,0.10000000000000001),(2.3000003806632661,0.)));
#985=IFCINDEXEDPOLYCURVE(#984,(IFCLINEINDEX((1,2,3,4,1))),$);
#986=IFCARBITRARYCLOSEDPROFILEDEF(.AREA.,$,#985);
#987=IFCCARTESIANPOINT((0.,0.,0.));
#988=IFCDIRECTION((0.,0.,1.));
#989=IFCDIRECTION((1.,0.,0.));
#990=IFCAXIS2PLACEMENT3D(#987,#988,#989);
#991=IFCDIRECTION((0.,0.,1.));
#992=IFCEXTRUDEDAREASOLID(#986,#990,#991,2.9900000095367432);
#993=IFCSHAPEREPRESENTATION(#11,'Body','SweptSolid',(#992));
#994=IFCCARTESIANPOINTLIST2D(((0.,0.),(2.4000003806632679,0.)));
#995=IFCINDEXEDPOLYCURVE(#994,$,$);
#996=IFCSHAPEREPRESENTATION(#23,'Axis','Curve2D',(#995));
#1002=IFCRELCONNECTSPATHELEMENTS('2ZSH$LUob4TOWOkQE3ukur',$,$,$,$,#820,#242,(),(),.ATPATH.,.ATSTART.);
#1016=IFCCARTESIANPOINT((0.77564579424376279,5.0197362903517462,0.));
#1017=IFCDIRECTION((0.,0.,1.));
#1018=IFCDIRECTION((1.9470718370939353E-07,-0.99999999999998113,0.));
#1019=IFCAXIS2PLACEMENT3D(#1016,#1017,#1018);
#1020=IFCLOCALPLACEMENT(#79,#1019);
#1021=IFCCARTESIANPOINTLIST2D(((0.,0.),(-0.10000004649123767,0.10000000000000001),(3.4500000190722355,0.10000000000000001),(3.5500000655634731,0.)));
#1022=IFCINDEXEDPOLYCURVE(#1021,(IFCLINEINDEX((1,2,3,4,1))),$);
#1023=IFCARBITRARYCLOSEDPROFILEDEF(.AREA.,$,#1022);
#1024=IFCCARTESIANPOINT((0.,0.,0.));
#1025=IFCDIRECTION((0.,0.,1.));
#1026=IFCDIRECTION((1.,0.,0.));
#1027=IFCAXIS2PLACEMENT3D(#1024,#1025,#1026);
#1028=IFCDIRECTION((0.,0.,1.));
#1029=IFCEXTRUDEDAREASOLID(#1023,#1027,#1028,2.9900000095367432);
#1030=IFCSHAPEREPRESENTATION(#11,'Body','SweptSolid',(#1029));
#1031=IFCCARTESIANPOINTLIST2D(((0.,0.),(3.5500000655634731,0.)));
#1032=IFCINDEXEDPOLYCURVE(#1031,$,$);
#1033=IFCSHAPEREPRESENTATION(#23,'Axis','Curve2D',(#1032));
#1034=IFCRELCONNECTSPATHELEMENTS('0ves3ma6549RSVNE7hwJGA',$,$,$,$,#820,#845,(),(),.ATSTART.,.ATEND.);
#1035=IFCCARTESIANPOINTLIST2D(((0.10000000000001706,0.),(0.10000005841217217,0.10000000000000001),(1.5609635464111054,0.10000000000000001),(1.4609634879989331,0.)));
#1036=IFCINDEXEDPOLYCURVE(#1035,(IFCLINEINDEX((1,2,3,4,1))),$);
#1037=IFCARBITRARYCLOSEDPROFILEDEF(.AREA.,$,#1036);
#1038=IFCCARTESIANPOINT((0.,0.,0.));
#1039=IFCDIRECTION((0.,0.,1.));
#1040=IFCDIRECTION((1.,0.,0.));
#1041=IFCAXIS2PLACEMENT3D(#1038,#1039,#1040);
#1042=IFCDIRECTION((0.,0.,1.));
#1043=IFCEXTRUDEDAREASOLID(#1037,#1041,#1042,2.9900000095367432);
#1044=IFCSHAPEREPRESENTATION(#11,'Body','SweptSolid',(#1043));
#1045=IFCCARTESIANPOINTLIST2D(((0.,0.),(1.4609634879989331,0.)));
#1046=IFCINDEXEDPOLYCURVE(#1045,$,$);
#1047=IFCSHAPEREPRESENTATION(#23,'Axis','Curve2D',(#1046));
#1048=IFCCARTESIANPOINTLIST2D(((0.,0.),(-0.10000005841217217,0.10000000000000001),(1.9561667685392994,0.10000000000000001),(1.9561667880100178,0.)));
#1049=IFCINDEXEDPOLYCURVE(#1048,(IFCLINEINDEX((1,2,3,4,1))),$);
#1050=IFCARBITRARYCLOSEDPROFILEDEF(.AREA.,$,#1049);
#1051=IFCCARTESIANPOINT((0.,0.,0.));
#1052=IFCDIRECTION((0.,0.,1.));
#1053=IFCDIRECTION((1.,0.,0.));
#1054=IFCAXIS2PLACEMENT3D(#1051,#1052,#1053);
#1055=IFCDIRECTION((0.,0.,1.));
#1056=IFCEXTRUDEDAREASOLID(#1050,#1054,#1055,2.9900000095367432);
#1057=IFCSHAPEREPRESENTATION(#11,'Body','SweptSolid',(#1056));
#1058=IFCCARTESIANPOINTLIST2D(((0.,0.),(1.9561667880100178,0.)));
#1059=IFCINDEXEDPOLYCURVE(#1058,$,$);
#1060=IFCSHAPEREPRESENTATION(#23,'Axis','Curve2D',(#1059));
#1061=IFCCARTESIANPOINT((0.77564607870384883,3.5587728023528404,0.));
#1062=IFCDIRECTION((0.,0.,1.));
#1063=IFCDIRECTION((-0.99999999999992428,3.8941436741876494E-07,0.));
#1064=IFCAXIS2PLACEMENT3D(#1061,#1062,#1063);
#1065=IFCLOCALPLACEMENT(#79,#1064);
#1066=IFCRELCONNECTSPATHELEMENTS('3M1UIaDD5EggvRyKgOtVCc',$,$,$,$,#127,#317,(),(),.ATEND.,.ATSTART.);
#1080=IFCCARTESIANPOINT((0.22660519818591307,-2.5901062488555908,0.));
#1081=IFCDIRECTION((0.,0.,1.));
#1082=IFCDIRECTION((1.,0.,0.));
#1083=IFCAXIS2PLACEMENT3D(#1080,#1081,#1082);
#1084=IFCLOCALPLACEMENT(#79,#1083);
#1085=IFCCARTESIANPOINTLIST2D(((0.,0.),(-0.10000002821300143,0.10000000000000001),(2.3598428920904415,0.10000000000000001),(2.4598429203034429,0.)));
#1086=IFCINDEXEDPOLYCURVE(#1085,(IFCLINEINDEX((1,2,3,4,1))),$);
#1087=IFCARBITRARYCLOSEDPROFILEDEF(.AREA.,$,#1086);
#1088=IFCCARTESIANPOINT((0.,0.,0.));
#1089=IFCDIRECTION((0.,0.,1.));
#1090=IFCDIRECTION((1.,0.,0.));
#1091=IFCAXIS2PLACEMENT3D(#1088,#1089,#1090);
#1092=IFCDIRECTION((0.,0.,1.));
#1093=IFCEXTRUDEDAREASOLID(#1087,#1091,#1092,2.9900000095367432);
#1094=IFCSHAPEREPRESENTATION(#11,'Body','SweptSolid',(#1093));
#1095=IFCCARTESIANPOINTLIST2D(((0.,0.),(2.4598429203034429,0.)));
#1096=IFCINDEXEDPOLYCURVE(#1095,$,$);
#1097=IFCSHAPEREPRESENTATION(#23,'Axis','Curve2D',(#1096));
#1098=IFCRELCONNECTSPATHELEMENTS('1N1edLFLb0G9wYNIqfY5Pi',$,$,$,$,#167,#127,(),(),.ATEND.,.ATSTART.);
#1099=IFCCARTESIANPOINTLIST2D(((0.,0.),(0.099999992450210157,0.10000000000000001),(9.0098429930214596,0.10000000000000001),(9.1098430156708332,0.)));
#1100=IFCINDEXEDPOLYCURVE(#1099,(IFCLINEINDEX((1,2,3,4,1))),$);
#1101=IFCARBITRARYCLOSEDPROFILEDEF(.AREA.,$,#1100);
#1102=IFCCARTESIANPOINT((0.,0.,0.));
#1103=IFCDIRECTION((0.,0.,1.));
#1104=IFCDIRECTION((1.,0.,0.));
#1105=IFCAXIS2PLACEMENT3D(#1102,#1103,#1104);
#1106=IFCDIRECTION((0.,0.,1.));
#1107=IFCEXTRUDEDAREASOLID(#1101,#1105,#1106,2.9900000095367432);
#1108=IFCSHAPEREPRESENTATION(#11,'Body','SweptSolid',(#1107));
#1109=IFCCARTESIANPOINTLIST2D(((0.,0.),(9.1098430156708332,0.)));
#1110=IFCINDEXEDPOLYCURVE(#1109,$,$);
#1111=IFCSHAPEREPRESENTATION(#23,'Axis','Curve2D',(#1110));
#1112=IFCCARTESIANPOINT((4.2266049377639821,-2.5901062488555908,0.));
#1113=IFCDIRECTION((0.,0.,1.));
#1114=IFCDIRECTION((7.5497901264043123E-08,0.99999999999999722,0.));
#1115=IFCAXIS2PLACEMENT3D(#1112,#1113,#1114);
#1116=IFCLOCALPLACEMENT(#79,#1115);
#1117=IFCCARTESIANPOINTLIST2D(((0.,0.),(0.10000002821300144,0.10000000000000001),(3.8999997471278589,0.10000000000000001),(3.9999997395780689,0.)));
#1118=IFCINDEXEDPOLYCURVE(#1117,(IFCLINEINDEX((1,2,3,4,1))),$);
#1119=IFCARBITRARYCLOSEDPROFILEDEF(.AREA.,$,#1118);
#1120=IFCCARTESIANPOINT((0.,0.,0.));
#1121=IFCDIRECTION((0.,0.,1.));
#1122=IFCDIRECTION((1.,0.,0.));
#1123=IFCAXIS2PLACEMENT3D(#1120,#1121,#1122);
#1124=IFCDIRECTION((0.,0.,1.));
#1125=IFCEXTRUDEDAREASOLID(#1119,#1123,#1124,3.);
#1126=IFCSHAPEREPRESENTATION(#11,'Body','SweptSolid',(#1125));
#1127=IFCCARTESIANPOINTLIST2D(((0.,0.),(3.9999997395780689,0.)));
#1128=IFCINDEXEDPOLYCURVE(#1127,$,$);
#1129=IFCSHAPEREPRESENTATION(#23,'Axis','Curve2D',(#1128));
#1130=IFCSLABTYPE('3A2zvhYXr6wuv$uO72YRvW',$,'Slab',$,$,(#1134),$,$,$,.FLOOR.);
#1131=IFCMATERIALLAYERSET((#1133),$,$);
#1132=IFCRELASSOCIATESMATERIAL('1hxVA9HmD0CO86rYK$nGt_',$,$,$,(#1130),#1131);
#1133=IFCMATERIALLAYER(#81,0.10000000000000001,$,$,$,$,$);
#1134=IFCPROPERTYSET('1RFf8TO$n0gfupWY1p$tdb',$,'EPset_Parametric',$,(#1135));
#1135=IFCPROPERTYSINGLEVALUE('LayerSetDirection',$,IFCLABEL('AXIS3'),$);
#1136=IFCSLAB('2HGgQGdNTA$hE0xcACKfGC',$,'Slab',$,$,#1144,#1151,$,$);
#1137=IFCRELDEFINESBYTYPE('0LWr4twUT9_9rat51RL4_u',$,$,$,(#1136,#10104,#6792,#5058),#1130);
#1138=IFCMATERIALLAYERSETUSAGE(#1131,.AXIS3.,.POSITIVE.,-0.10000000149011612,$);
#1139=IFCRELASSOCIATESMATERIAL('3I6fOgaDnF4OWMvej7NK7i',$,$,$,(#1136),#1138);
#1140=IFCCARTESIANPOINT((4.2266049385070801,-2.5901062488555908,0.));
#1141=IFCDIRECTION((0.,0.,1.));
#1142=IFCDIRECTION((1.,0.,0.));
#1143=IFCAXIS2PLACEMENT3D(#1140,#1141,#1142);
#1144=IFCLOCALPLACEMENT(#79,#1143);
#1145=IFCCARTESIANPOINTLIST2D(((0.,0.),(4.76837158203125E-07,9.1098432540893555),(-3.4499995708465576,9.1098423004150391),(-3.4499993324279785,7.6098423004150391),(-6.9999995231628418,7.6098442077636719),(-6.9999990463256836,2.4598429203033447),(-3.9999990463256836,2.4598429203033447),(-3.9999997615814209,0.),(0.,0.)));
#1146=IFCINDEXEDPOLYCURVE(#1145,$,$);
#1147=IFCDIRECTION((0.,0.,1.));
#1148=IFCARBITRARYCLOSEDPROFILEDEF(.AREA.,$,#1146);
#1149=IFCEXTRUDEDAREASOLID(#1148,#1158,#1147,0.10000000000000001);
#1150=IFCSHAPEREPRESENTATION(#11,'Body','SweptSolid',(#1149));
#1151=IFCPRODUCTDEFINITIONSHAPE($,$,(#1150));
#1152=IFCPROPERTYSET('388tnOxE52IA0XV_TFpBY$',$,'EPset_Parametric',$,(#1154));
#1153=IFCRELDEFINESBYPROPERTIES('3cfPVar8nDr8fGeU5559_D',$,$,$,(#1136),#1152);
#1154=IFCPROPERTYSINGLEVALUE('Engine',$,IFCLABEL('Bonsai.DumbLayer3'),$);
#1155=IFCCARTESIANPOINT((-0.,-0.,-0.10000000149011612));
#1156=IFCDIRECTION((0.,0.,1.));
#1157=IFCDIRECTION((1.,0.,0.));
#1158=IFCAXIS2PLACEMENT3D(#1155,#1156,#1157);
#1159=IFCDOORTYPE('099z0F3Dv3JQhSXu7b5r4h',$,'Main-GF',$,$,(#1160),(#1169,#1247,#1266),$,$,.DOOR.,.SINGLE_SWING_LEFT.,$,$);
#1160=IFCPROPERTYSET('1PdJjhGfX2cvD9FW7u1B0X',$,'BBIM_Door',$,(#1161));
#1161=IFCPROPERTYSINGLEVALUE('Data',$,IFCTEXT('{"door_type": "SINGLE_SWING_LEFT", "overall_height": 2.0, "overall_width": 0.8999999761581421, "lining_properties": {"lining_depth": 0.05000000074505806, "lining_thickness": 0.05000000074505806, "lining_offset": 0.0, "lining_to_panel_offset_x": 0.02500000037252903, "lining_to_panel_offset_y": 0.02500000037252903, "transom_thickness": 0.0, "casing_thickness": 0.07500000298023224, "casing_depth": 0.004999999888241291, "threshold_thickness": 0.02500000037252903, "threshold_depth": 0.10000000149011612, "threshold_offset": 0.0}, "panel_properties": {"panel_depth": 0.03500000014901161, "panel_width_ratio": 1.0}}'),$);
#1165=IFCCARTESIANPOINT((0.,0.,0.));
#1166=IFCDIRECTION((1.,0.,0.));
#1167=IFCDIRECTION((0.,0.,1.));
#1168=IFCAXIS2PLACEMENT3D(#1165,#1167,#1166);
#1169=IFCREPRESENTATIONMAP(#1168,#1349);
#1243=IFCCARTESIANPOINT((0.,0.,0.));
#1244=IFCDIRECTION((1.,0.,0.));
#1245=IFCDIRECTION((0.,0.,1.));
#1246=IFCAXIS2PLACEMENT3D(#1243,#1245,#1244);
#1247=IFCREPRESENTATIONMAP(#1246,#1422);
#1262=IFCCARTESIANPOINT((0.,0.,0.));
#1263=IFCDIRECTION((1.,0.,0.));
#1264=IFCDIRECTION((0.,0.,1.));
#1265=IFCAXIS2PLACEMENT3D(#1262,#1264,#1263);
#1266=IFCREPRESENTATIONMAP(#1265,#1440);
#1267=IFCDOOR('3pYVc7_K1DFh0ftXE5Dc$U',$,'Door',$,$,#1465,#1276,$,2.,0.89999997615814209,$,.SINGLE_SWING_LEFT.,$);
#1268=IFCRELDEFINESBYTYPE('2n$S1qtg11H9D2qsbPnDcw',$,$,$,(#1267),#1159);
#1269=IFCCARTESIANPOINT((0.,0.,0.));
#1270=IFCDIRECTION((1.,0.,0.));
#1271=IFCDIRECTION((0.,1.,0.));
#1272=IFCDIRECTION((0.,0.,1.));
#1273=IFCCARTESIANTRANSFORMATIONOPERATOR3D(#1270,#1271,#1269,1.,#1272);
#1274=IFCMAPPEDITEM(#1169,#1273);
#1275=IFCSHAPEREPRESENTATION(#18,'Profile','MappedRepresentation',(#1274));
#1276=IFCPRODUCTDEFINITIONSHAPE($,$,(#1275,#1283,#1290));
#1277=IFCCARTESIANPOINT((0.,0.,0.));
#1278=IFCDIRECTION((1.,0.,0.));
#1279=IFCDIRECTION((0.,1.,0.));
#1280=IFCDIRECTION((0.,0.,1.));
#1281=IFCCARTESIANTRANSFORMATIONOPERATOR3D(#1278,#1279,#1277,1.,#1280);
#1282=IFCMAPPEDITEM(#1247,#1281);
#1283=IFCSHAPEREPRESENTATION(#11,'Body','MappedRepresentation',(#1282));
#1284=IFCCARTESIANPOINT((0.,0.,0.));
#1285=IFCDIRECTION((1.,0.,0.));
#1286=IFCDIRECTION((0.,1.,0.));
#1287=IFCDIRECTION((0.,0.,1.));
#1288=IFCCARTESIANTRANSFORMATIONOPERATOR3D(#1285,#1286,#1284,1.,#1287);
#1289=IFCMAPPEDITEM(#1266,#1288);
#1290=IFCSHAPEREPRESENTATION(#24,'Body','MappedRepresentation',(#1289));
#1291=IFCOPENINGELEMENT('3EnwJOV0j1LOP2MPySvfOq',$,'Opening',$,$,#1460,#1319,$,.OPENING.);
#1307=IFCCARTESIANPOINT((0.,0.,0.));
#1308=IFCDIRECTION((1.,0.,0.));
#1309=IFCDIRECTION((0.,0.,1.));
#1310=IFCAXIS2PLACEMENT3D(#1307,#1309,#1308);
#1311=IFCREPRESENTATIONMAP(#1310,#1450);
#1312=IFCCARTESIANPOINT((0.,0.,0.));
#1313=IFCDIRECTION((1.,0.,0.));
#1314=IFCDIRECTION((0.,1.,0.));
#1315=IFCDIRECTION((0.,0.,1.));
#1316=IFCCARTESIANTRANSFORMATIONOPERATOR3D(#1313,#1314,#1312,1.,#1315);
#1317=IFCMAPPEDITEM(#1311,#1316);
#1318=IFCSHAPEREPRESENTATION(#11,'Body','MappedRepresentation',(#1317));
#1319=IFCPRODUCTDEFINITIONSHAPE($,$,(#1318));
#1320=IFCRELVOIDSELEMENT('1sCNB26FP88hDAtgjzIKZZ',$,$,$,#127,#1291);
#1326=IFCRELFILLSELEMENT('2uOG_F0Pn8m97BkXrU_zUk',$,$,$,#1291,#1267);
#1347=IFCCARTESIANPOINTLIST3D(((0.,0.,0.),(0.89999997615814209,0.,0.),(0.89999997615814209,0.,2.),(0.,0.,2.)));
#1348=IFCINDEXEDPOLYCURVE(#1347,(IFCLINEINDEX((1,2,3,4,1))),$);
#1349=IFCSHAPEREPRESENTATION(#18,'Profile','Curve3D',(#1348));
#1350=IFCCARTESIANPOINTLIST2D(((0.,0.),(0.,2.),(0.89999997615814209,2.),(0.89999997615814209,0.),(0.87499997578561306,0.),(0.87499997578561306,1.974999999627471),(0.02500000037252903,1.974999999627471),(0.02500000037252903,0.)));
#1351=IFCINDEXEDPOLYCURVE(#1350,(IFCLINEINDEX((1,2,3,4,5,6,7,8,1))),$);
#1352=IFCARBITRARYCLOSEDPROFILEDEF(.AREA.,$,#1351);
#1353=IFCCARTESIANPOINT((0.,0.02500000037252903,0.));
#1354=IFCDIRECTION((0.,-1.,0.));
#1355=IFCDIRECTION((1.,0.,0.));
#1356=IFCAXIS2PLACEMENT3D(#1353,#1354,#1355);
#1357=IFCDIRECTION((0.,0.,-1.));
#1358=IFCEXTRUDEDAREASOLID(#1352,#1356,#1357,0.02500000037252903);
#1359=IFCCARTESIANPOINTLIST2D(((0.,0.),(0.,2.),(0.89999997615814209,2.),(0.89999997615814209,0.),(0.84999997541308403,0.),(0.84999997541308403,1.9499999992549419),(0.05000000074505806,1.9499999992549419),(0.05000000074505806,0.)));
#1360=IFCINDEXEDPOLYCURVE(#1359,(IFCLINEINDEX((1,2,3,4,5,6,7,8,1))),$);
#1361=IFCARBITRARYCLOSEDPROFILEDEF(.AREA.,$,#1360);
#1362=IFCCARTESIANPOINT((0.,0.,0.));
#1363=IFCDIRECTION((0.,-1.,0.));
#1364=IFCDIRECTION((1.,0.,0.));
#1365=IFCAXIS2PLACEMENT3D(#1362,#1363,#1364);
#1366=IFCDIRECTION((0.,0.,-1.));
#1367=IFCEXTRUDEDAREASOLID(#1361,#1365,#1366,0.02500000037252903);
#1368=IFCCARTESIANPOINTLIST2D(((0.,0.),(0.79999997466802597,0.),(0.79999997466802597,0.10000000149011612),(0.,0.10000000149011612)));
#1369=IFCINDEXEDPOLYCURVE(#1368,(IFCLINEINDEX((1,2,3,4,1))),$);
#1370=IFCARBITRARYCLOSEDPROFILEDEF(.AREA.,$,#1369);
#1371=IFCCARTESIANPOINT((0.05000000074505806,0.,0.));
#1372=IFCDIRECTION((0.,0.,1.));
#1373=IFCDIRECTION((1.,0.,0.));
#1374=IFCAXIS2PLACEMENT3D(#1371,#1372,#1373);
#1375=IFCDIRECTION((0.,0.,1.));
#1376=IFCEXTRUDEDAREASOLID(#1370,#1374,#1375,0.02500000037252903);
#1377=IFCCARTESIANPOINTLIST2D(((0.,0.),(0.,2.0250000022351742),(0.94999998062849045,2.0250000022351742),(0.94999998062849045,0.),(0.87499997764825821,0.),(0.87499997764825821,1.9499999992549419),(0.075000002980232239,1.9499999992549419),(0.075000002980232239,0.)));
#1378=IFCINDEXEDPOLYCURVE(#1377,(IFCLINEINDEX((1,2,3,4,5,6,7,8,1))),$);
#1379=IFCARBITRARYCLOSEDPROFILEDEF(.AREA.,$,#1378);
#1380=IFCCARTESIANPOINT((-0.025000002235174179,-0.004999999888241291,0.));
#1381=IFCDIRECTION((0.,-1.,0.));
#1382=IFCDIRECTION((1.,0.,0.));
#1383=IFCAXIS2PLACEMENT3D(#1380,#1381,#1382);
#1384=IFCDIRECTION((0.,0.,-1.));
#1385=IFCEXTRUDEDAREASOLID(#1379,#1383,#1384,0.004999999888241291);
#1386=IFCCARTESIANPOINTLIST2D(((0.,0.),(0.,2.0250000022351742),(0.94999998062849045,2.0250000022351742),(0.94999998062849045,0.),(0.89999997802078724,0.),(0.89999997802078724,1.974999999627471),(0.050000002607703209,1.974999999627471),(0.050000002607703209,0.)));
#1387=IFCINDEXEDPOLYCURVE(#1386,(IFCLINEINDEX((1,2,3,4,5,6,7,8,1))),$);
#1388=IFCARBITRARYCLOSEDPROFILEDEF(.AREA.,$,#1387);
#1389=IFCCARTESIANPOINT((-0.025000002235174179,0.05000000074505806,0.));
#1390=IFCDIRECTION((0.,-1.,0.));
#1391=IFCDIRECTION((1.,0.,0.));
#1392=IFCAXIS2PLACEMENT3D(#1389,#1390,#1391);
#1393=IFCDIRECTION((0.,0.,-1.));
#1394=IFCEXTRUDEDAREASOLID(#1388,#1392,#1393,0.004999999888241291);
#1395=IFCCARTESIANPOINTLIST2D(((0.,0.),(0.84999997541308403,0.),(0.84999997541308403,0.035000000149011612),(0.,0.035000000149011612)));
#1396=IFCINDEXEDPOLYCURVE(#1395,(IFCLINEINDEX((1,2,3,4,1))),$);
#1397=IFCARBITRARYCLOSEDPROFILEDEF(.AREA.,$,#1396);
#1398=IFCCARTESIANPOINT((0.02500000037252903,0.02500000037252903,0.02500000037252903));
#1399=IFCDIRECTION((0.,0.,1.));
#1400=IFCDIRECTION((1.,0.,0.));
#1401=IFCAXIS2PLACEMENT3D(#1398,#1399,#1400);
#1402=IFCDIRECTION((0.,0.,1.));
#1403=IFCEXTRUDEDAREASOLID(#1397,#1401,#1402,1.9499999992549419);
#1404=IFCCARTESIANPOINTLIST2D(((0.,0.),(0.,-0.040000000000000001),(-0.11999999999999988,-0.040000000000000001),(-0.11999999999999988,-0.02),(-0.020000000000000018,-0.02),(-0.020000000000000018,0.)));
#1405=IFCINDEXEDPOLYCURVE(#1404,(IFCLINEINDEX((1,2,3,4,5,6,1))),$);
#1406=IFCARBITRARYCLOSEDPROFILEDEF(.AREA.,$,#1405);
#1407=IFCCARTESIANPOINT((0.82499997578561302,0.02500000037252903,1.015000000372529));
#1408=IFCDIRECTION((0.,0.,1.));
#1409=IFCDIRECTION((1.,0.,0.));
#1410=IFCAXIS2PLACEMENT3D(#1407,#1408,#1409);
#1411=IFCDIRECTION((0.,0.,1.));
#1412=IFCEXTRUDEDAREASOLID(#1406,#1410,#1411,0.02);
#1413=IFCEXTRUDEDAREASOLID(#1414,#1417,#1421,0.02);
#1414=IFCARBITRARYCLOSEDPROFILEDEF(.AREA.,$,#1415);
#1415=IFCINDEXEDPOLYCURVE(#1416,(IFCLINEINDEX((1,2,3,4,5,6,1))),$);
#1416=IFCCARTESIANPOINTLIST2D(((0.,0.),(0.,0.040000000000000008),(-0.11999999999999988,0.040000000000000008),(-0.11999999999999988,0.020000000000000004),(-0.020000000000000018,0.020000000000000004),(-0.020000000000000018,0.)));
#1417=IFCAXIS2PLACEMENT3D(#1418,#1419,#1420);
#1418=IFCCARTESIANPOINT((0.82499997578561302,0.060000000521540642,1.015000000372529));
#1419=IFCDIRECTION((0.,0.,1.));
#1420=IFCDIRECTION((1.,0.,0.));
#1421=IFCDIRECTION((0.,0.,1.));
#1422=IFCSHAPEREPRESENTATION(#11,'Body','SweptSolid',(#1358,#1367,#1403,#1412,#1413,#1376,#1385,#1394));
#1423=IFCSHAPEREPRESENTATION(#11,'Body','SweptSolid',(#1358,#1367,#1376,#1385,#1394));
#1424=IFCSHAPEASPECT((#1423),'Lining',$,.T.,#1276);
#1425=IFCSHAPEREPRESENTATION(#11,'Body','SweptSolid',(#1403,#1412,#1413));
#1426=IFCSHAPEASPECT((#1425),'Framing',$,.T.,#1276);
#1427=IFCCARTESIANPOINTLIST2D(((0.,0.),(0.,0.05000000074505806),(0.02500000037252903,0.05000000074505806),(0.02500000037252903,0.02500000037252903),(0.05000000074505806,0.02500000037252903),(0.05000000074505806,0.)));
#1428=IFCINDEXEDPOLYCURVE(#1427,(IFCLINEINDEX((1,2,3,4,5,6,1))),$);
#1429=IFCINDEXEDPOLYCURVE(#1430,(IFCLINEINDEX((1,2,3,4,5,6,1))),$);
#1430=IFCCARTESIANPOINTLIST2D(((0.89999997615814209,0.),(0.89999997615814209,0.05000000074505806),(0.87499997578561306,0.05000000074505806),(0.87499997578561306,0.02500000037252903),(0.84999997541308403,0.02500000037252903),(0.84999997541308403,0.)));
#1431=IFCDIRECTION((1.,0.));
#1432=IFCCARTESIANPOINT((0.060000000521540642,0.05000000074505806));
#1433=IFCAXIS2PLACEMENT2D(#1432,#1431);
#1434=IFCELLIPSE(#1433,0.81499997526407242,0.84999997541308403);
#1435=IFCCARTESIANPOINT((0.87499997578561306,0.05000000074505806));
#1436=IFCCARTESIANPOINT((0.060000000521540642,0.89999997615814209));
#1437=IFCTRIMMEDCURVE(#1434,(#1435),(#1436),.T.,.CARTESIAN.);
#1438=IFCCARTESIANPOINTLIST2D(((0.02500000037252903,0.05000000074505806),(0.060000000521540642,0.05000000074505806),(0.060000000521540642,0.89999997615814209),(0.02500000037252903,0.89999997615814209)));
#1439=IFCINDEXEDPOLYCURVE(#1438,(IFCLINEINDEX((1,2,3,4,1))),$);
#1440=IFCSHAPEREPRESENTATION(#24,'Body','Curve2D',(#1428,#1429,#1437,#1439));
#1441=IFCCARTESIANPOINTLIST2D(((0.,0.),(0.89999997615814209,0.),(0.89999997615814209,2.),(0.,2.)));
#1442=IFCINDEXEDPOLYCURVE(#1441,(IFCLINEINDEX((1,2,3,4,1))),$);
#1443=IFCARBITRARYCLOSEDPROFILEDEF(.AREA.,$,#1442);
#1444=IFCCARTESIANPOINT((0.,-0.60000002384185791,0.));
#1445=IFCDIRECTION((0.,-1.,0.));
#1446=IFCDIRECTION((1.,0.,0.));
#1447=IFCAXIS2PLACEMENT3D(#1444,#1445,#1446);
#1448=IFCDIRECTION((0.,0.,-1.));
#1449=IFCEXTRUDEDAREASOLID(#1443,#1447,#1448,1.2);
#1450=IFCSHAPEREPRESENTATION(#11,'Body','SweptSolid',(#1449));
#1456=IFCCARTESIANPOINT((0.35228715201092531,4.76837158203125E-07,0.));
#1457=IFCDIRECTION((0.,0.,1.));
#1458=IFCDIRECTION((0.99999999999997158,-2.3841857910155572E-07,0.));
#1459=IFCAXIS2PLACEMENT3D(#1456,#1457,#1458);
#1460=IFCLOCALPLACEMENT(#1084,#1459);
#1461=IFCCARTESIANPOINT((0.,0.,0.));
#1462=IFCDIRECTION((0.,0.,1.));
#1463=IFCDIRECTION((1.,0.,0.));
#1464=IFCAXIS2PLACEMENT3D(#1461,#1462,#1463);
#1465=IFCLOCALPLACEMENT(#1460,#1464);
#1466=IFCDOORTYPE('2Mn88gjM5CD8iUXiWEdu6y',$,'Guest-GF',$,$,(#1467),(#1469,#1477,#1555),$,$,.DOOR.,.SINGLE_SWING_LEFT.,$,$);
#1467=IFCPROPERTYSET('0zHHPPM6f1xP5IfZ_pyBOt',$,'BBIM_Door',$,(#1468));
#1468=IFCPROPERTYSINGLEVALUE('Data',$,IFCTEXT('{"door_type": "SINGLE_SWING_RIGHT", "overall_height": 2.0, "overall_width": 0.8999999761581421, "lining_properties": {"lining_depth": 0.05000000074505806, "lining_thickness": 0.05000000074505806, "lining_offset": 0.0, "lining_to_panel_offset_x": 0.02500000037252903, "lining_to_panel_offset_y": 0.02500000037252903, "transom_thickness": 0.0, "casing_thickness": 0.07500000298023224, "casing_depth": 0.004999999888241291, "threshold_thickness": 0.02500000037252903, "threshold_depth": 0.10000000149011612, "threshold_offset": 0.0}, "panel_properties": {"panel_depth": 0.03500000014901161, "panel_width_ratio": 1.0}}'),$);
#1469=IFCREPRESENTATIONMAP(#1470,#1656);
#1470=IFCAXIS2PLACEMENT3D(#1471,#1472,#1473);
#1471=IFCCARTESIANPOINT((0.,0.,0.));
#1472=IFCDIRECTION((0.,0.,1.));
#1473=IFCDIRECTION((1.,0.,0.));
#1477=IFCREPRESENTATIONMAP(#1478,#1729);
#1478=IFCAXIS2PLACEMENT3D(#1479,#1480,#1481);
#1479=IFCCARTESIANPOINT((0.,0.,0.));
#1480=IFCDIRECTION((0.,0.,1.));
#1481=IFCDIRECTION((1.,0.,0.));
#1555=IFCREPRESENTATIONMAP(#1556,#1747);
#1556=IFCAXIS2PLACEMENT3D(#1557,#1558,#1559);
#1557=IFCCARTESIANPOINT((0.,0.,0.));
#1558=IFCDIRECTION((0.,0.,1.));
#1559=IFCDIRECTION((1.,0.,0.));
#1574=IFCDOOR('1glxdwSUj6CuDrtek58JNY',$,'Door',$,$,#1772,#1583,$,2.,0.89999997615814209,$,.SINGLE_SWING_RIGHT.,$);
#1575=IFCRELDEFINESBYTYPE('0N1qmalj52wRtg74D6YZ7u',$,$,$,(#1574),#1466);
#1576=IFCCARTESIANPOINT((0.,0.,0.));
#1577=IFCDIRECTION((1.,0.,0.));
#1578=IFCDIRECTION((0.,1.,0.));
#1579=IFCDIRECTION((0.,0.,1.));
#1580=IFCCARTESIANTRANSFORMATIONOPERATOR3D(#1577,#1578,#1576,1.,#1579);
#1581=IFCMAPPEDITEM(#1469,#1580);
#1582=IFCSHAPEREPRESENTATION(#18,'Profile','MappedRepresentation',(#1581));
#1583=IFCPRODUCTDEFINITIONSHAPE($,$,(#1582,#1590,#1597));
#1584=IFCCARTESIANPOINT((0.,0.,0.));
#1585=IFCDIRECTION((1.,0.,0.));
#1586=IFCDIRECTION((0.,1.,0.));
#1587=IFCDIRECTION((0.,0.,1.));
#1588=IFCCARTESIANTRANSFORMATIONOPERATOR3D(#1585,#1586,#1584,1.,#1587);
#1589=IFCMAPPEDITEM(#1477,#1588);
#1590=IFCSHAPEREPRESENTATION(#11,'Body','MappedRepresentation',(#1589));
#1591=IFCCARTESIANPOINT((0.,0.,0.));
#1592=IFCDIRECTION((1.,0.,0.));
#1593=IFCDIRECTION((0.,1.,0.));
#1594=IFCDIRECTION((0.,0.,1.));
#1595=IFCCARTESIANTRANSFORMATIONOPERATOR3D(#1592,#1593,#1591,1.,#1594);
#1596=IFCMAPPEDITEM(#1555,#1595);
#1597=IFCSHAPEREPRESENTATION(#24,'Body','MappedRepresentation',(#1596));
#1598=IFCOPENINGELEMENT('0Aa0Upu8b5Gf9JJ3MTvkwo',$,'Opening',$,$,#1767,#1626,$,.OPENING.);
#1614=IFCCARTESIANPOINT((0.,0.,0.));
#1615=IFCDIRECTION((1.,0.,0.));
#1616=IFCDIRECTION((0.,0.,1.));
#1617=IFCAXIS2PLACEMENT3D(#1614,#1616,#1615);
#1618=IFCREPRESENTATIONMAP(#1617,#1757);
#1619=IFCCARTESIANPOINT((0.,0.,0.));
#1620=IFCDIRECTION((1.,0.,0.));
#1621=IFCDIRECTION((0.,1.,0.));
#1622=IFCDIRECTION((0.,0.,1.));
#1623=IFCCARTESIANTRANSFORMATIONOPERATOR3D(#1620,#1621,#1619,1.,#1622);
#1624=IFCMAPPEDITEM(#1618,#1623);
#1625=IFCSHAPEREPRESENTATION(#11,'Body','MappedRepresentation',(#1624));
#1626=IFCPRODUCTDEFINITIONSHAPE($,$,(#1625));
#1627=IFCRELVOIDSELEMENT('26QJ4HvgT7SP3uZ928thCS',$,$,$,#620,#1598);
#1633=IFCRELFILLSELEMENT('0dMcDz4Eb67OUsLFfJpHqv',$,$,$,#1598,#1574);
#1654=IFCCARTESIANPOINTLIST3D(((0.,0.,0.),(0.89999997615814209,0.,0.),(0.89999997615814209,0.,2.),(0.,0.,2.)));
#1655=IFCINDEXEDPOLYCURVE(#1654,(IFCLINEINDEX((1,2,3,4,1))),$);
#1656=IFCSHAPEREPRESENTATION(#18,'Profile','Curve3D',(#1655));
#1657=IFCCARTESIANPOINTLIST2D(((0.,0.),(0.,2.),(0.89999997615814209,2.),(0.89999997615814209,0.),(0.87499997578561306,0.),(0.87499997578561306,1.974999999627471),(0.02500000037252903,1.974999999627471),(0.02500000037252903,0.)));
#1658=IFCINDEXEDPOLYCURVE(#1657,(IFCLINEINDEX((1,2,3,4,5,6,7,8,1))),$);
#1659=IFCARBITRARYCLOSEDPROFILEDEF(.AREA.,$,#1658);
#1660=IFCCARTESIANPOINT((0.,0.02500000037252903,0.));
#1661=IFCDIRECTION((0.,-1.,0.));
#1662=IFCDIRECTION((1.,0.,0.));
#1663=IFCAXIS2PLACEMENT3D(#1660,#1661,#1662);
#1664=IFCDIRECTION((0.,0.,-1.));
#1665=IFCEXTRUDEDAREASOLID(#1659,#1663,#1664,0.02500000037252903);
#1666=IFCCARTESIANPOINTLIST2D(((0.,0.),(0.,2.),(0.89999997615814209,2.),(0.89999997615814209,0.),(0.84999997541308403,0.),(0.84999997541308403,1.9499999992549419),(0.05000000074505806,1.9499999992549419),(0.05000000074505806,0.)));
#1667=IFCINDEXEDPOLYCURVE(#1666,(IFCLINEINDEX((1,2,3,4,5,6,7,8,1))),$);
#1668=IFCARBITRARYCLOSEDPROFILEDEF(.AREA.,$,#1667);
#1669=IFCCARTESIANPOINT((0.,0.,0.));
#1670=IFCDIRECTION((0.,-1.,0.));
#1671=IFCDIRECTION((1.,0.,0.));
#1672=IFCAXIS2PLACEMENT3D(#1669,#1670,#1671);
#1673=IFCDIRECTION((0.,0.,-1.));
#1674=IFCEXTRUDEDAREASOLID(#1668,#1672,#1673,0.02500000037252903);
#1675=IFCCARTESIANPOINTLIST2D(((0.,0.),(0.79999997466802597,0.),(0.79999997466802597,0.10000000149011612),(0.,0.10000000149011612)));
#1676=IFCINDEXEDPOLYCURVE(#1675,(IFCLINEINDEX((1,2,3,4,1))),$);
#1677=IFCARBITRARYCLOSEDPROFILEDEF(.AREA.,$,#1676);
#1678=IFCCARTESIANPOINT((0.05000000074505806,0.,0.));
#1679=IFCDIRECTION((0.,0.,1.));
#1680=IFCDIRECTION((1.,0.,0.));
#1681=IFCAXIS2PLACEMENT3D(#1678,#1679,#1680);
#1682=IFCDIRECTION((0.,0.,1.));
#1683=IFCEXTRUDEDAREASOLID(#1677,#1681,#1682,0.02500000037252903);
#1684=IFCCARTESIANPOINTLIST2D(((0.,0.),(0.,2.0250000022351742),(0.94999998062849045,2.0250000022351742),(0.94999998062849045,0.),(0.87499997764825821,0.),(0.87499997764825821,1.9499999992549419),(0.075000002980232239,1.9499999992549419),(0.075000002980232239,0.)));
#1685=IFCINDEXEDPOLYCURVE(#1684,(IFCLINEINDEX((1,2,3,4,5,6,7,8,1))),$);
#1686=IFCARBITRARYCLOSEDPROFILEDEF(.AREA.,$,#1685);
#1687=IFCCARTESIANPOINT((-0.025000002235174179,-0.004999999888241291,0.));
#1688=IFCDIRECTION((0.,-1.,0.));
#1689=IFCDIRECTION((1.,0.,0.));
#1690=IFCAXIS2PLACEMENT3D(#1687,#1688,#1689);
#1691=IFCDIRECTION((0.,0.,-1.));
#1692=IFCEXTRUDEDAREASOLID(#1686,#1690,#1691,0.004999999888241291);
#1693=IFCCARTESIANPOINTLIST2D(((0.,0.),(0.,2.0250000022351742),(0.94999998062849045,2.0250000022351742),(0.94999998062849045,0.),(0.89999997802078724,0.),(0.89999997802078724,1.974999999627471),(0.050000002607703209,1.974999999627471),(0.050000002607703209,0.)));
#1694=IFCINDEXEDPOLYCURVE(#1693,(IFCLINEINDEX((1,2,3,4,5,6,7,8,1))),$);
#1695=IFCARBITRARYCLOSEDPROFILEDEF(.AREA.,$,#1694);
#1696=IFCCARTESIANPOINT((-0.025000002235174179,0.05000000074505806,0.));
#1697=IFCDIRECTION((0.,-1.,0.));
#1698=IFCDIRECTION((1.,0.,0.));
#1699=IFCAXIS2PLACEMENT3D(#1696,#1697,#1698);
#1700=IFCDIRECTION((0.,0.,-1.));
#1701=IFCEXTRUDEDAREASOLID(#1695,#1699,#1700,0.004999999888241291);
#1702=IFCCARTESIANPOINTLIST2D(((0.,0.),(0.84999997541308403,0.),(0.84999997541308403,0.035000000149011612),(0.,0.035000000149011612)));
#1703=IFCINDEXEDPOLYCURVE(#1702,(IFCLINEINDEX((1,2,3,4,1))),$);
#1704=IFCARBITRARYCLOSEDPROFILEDEF(.AREA.,$,#1703);
#1705=IFCCARTESIANPOINT((0.02500000037252903,0.02500000037252903,0.02500000037252903));
#1706=IFCDIRECTION((0.,0.,1.));
#1707=IFCDIRECTION((1.,0.,0.));
#1708=IFCAXIS2PLACEMENT3D(#1705,#1706,#1707);
#1709=IFCDIRECTION((0.,0.,1.));
#1710=IFCEXTRUDEDAREASOLID(#1704,#1708,#1709,1.9499999992549419);
#1711=IFCCARTESIANPOINTLIST2D(((0.,0.),(0.,-0.040000000000000001),(0.12,-0.040000000000000001),(0.12,-0.02),(0.02,-0.02),(0.02,0.)));
#1712=IFCINDEXEDPOLYCURVE(#1711,(IFCLINEINDEX((1,2,3,4,5,6,1))),$);
#1713=IFCARBITRARYCLOSEDPROFILEDEF(.AREA.,$,#1712);
#1714=IFCCARTESIANPOINT((0.075000000372529033,0.02500000037252903,1.015000000372529));
#1715=IFCDIRECTION((0.,0.,1.));
#1716=IFCDIRECTION((1.,0.,0.));
#1717=IFCAXIS2PLACEMENT3D(#1714,#1715,#1716);
#1718=IFCDIRECTION((0.,0.,1.));
#1719=IFCEXTRUDEDAREASOLID(#1713,#1717,#1718,0.02);
#1720=IFCEXTRUDEDAREASOLID(#1721,#1724,#1728,0.02);
#1721=IFCARBITRARYCLOSEDPROFILEDEF(.AREA.,$,#1722);
#1722=IFCINDEXEDPOLYCURVE(#1723,(IFCLINEINDEX((1,2,3,4,5,6,1))),$);
#1723=IFCCARTESIANPOINTLIST2D(((0.,0.),(0.,0.040000000000000008),(0.11999999999999998,0.040000000000000008),(0.11999999999999998,0.020000000000000004),(0.020000000000000004,0.020000000000000004),(0.020000000000000004,0.)));
#1724=IFCAXIS2PLACEMENT3D(#1725,#1726,#1727);
#1725=IFCCARTESIANPOINT((0.075000000372529033,0.060000000521540642,1.015000000372529));
#1726=IFCDIRECTION((0.,0.,1.));
#1727=IFCDIRECTION((1.,0.,0.));
#1728=IFCDIRECTION((0.,0.,1.));
#1729=IFCSHAPEREPRESENTATION(#11,'Body','SweptSolid',(#1665,#1674,#1710,#1719,#1720,#1683,#1692,#1701));
#1730=IFCSHAPEREPRESENTATION(#11,'Body','SweptSolid',(#1665,#1674,#1683,#1692,#1701));
#1731=IFCSHAPEASPECT((#1730),'Lining',$,.T.,#1583);
#1732=IFCSHAPEREPRESENTATION(#11,'Body','SweptSolid',(#1710,#1719,#1720));
#1733=IFCSHAPEASPECT((#1732),'Framing',$,.T.,#1583);
#1734=IFCCARTESIANPOINTLIST2D(((0.,0.),(0.,0.05000000074505806),(0.02500000037252903,0.05000000074505806),(0.02500000037252903,0.02500000037252903),(0.05000000074505806,0.02500000037252903),(0.05000000074505806,0.)));
#1735=IFCINDEXEDPOLYCURVE(#1734,(IFCLINEINDEX((1,2,3,4,5,6,1))),$);
#1736=IFCINDEXEDPOLYCURVE(#1737,(IFCLINEINDEX((1,2,3,4,5,6,1))),$);
#1737=IFCCARTESIANPOINTLIST2D(((0.89999997615814209,0.),(0.89999997615814209,0.05000000074505806),(0.87499997578561306,0.05000000074505806),(0.87499997578561306,0.02500000037252903),(0.84999997541308403,0.02500000037252903),(0.84999997541308403,0.)));
#1738=IFCDIRECTION((1.,0.));
#1739=IFCCARTESIANPOINT((0.83999997563660145,0.05000000074505806));
#1740=IFCAXIS2PLACEMENT2D(#1739,#1738);
#1741=IFCELLIPSE(#1740,0.81499997526407242,0.84999997541308403);
#1742=IFCCARTESIANPOINT((0.83999997563660145,0.89999997615814209));
#1743=IFCCARTESIANPOINT((0.02500000037252903,0.05000000074505806));
#1744=IFCTRIMMEDCURVE(#1741,(#1742),(#1743),.T.,.CARTESIAN.);
#1745=IFCCARTESIANPOINTLIST2D(((0.87499997578561306,0.05000000074505806),(0.83999997563660145,0.05000000074505806),(0.83999997563660145,0.89999997615814209),(0.87499997578561306,0.89999997615814209)));
#1746=IFCINDEXEDPOLYCURVE(#1745,(IFCLINEINDEX((1,2,3,4,1))),$);
#1747=IFCSHAPEREPRESENTATION(#24,'Body','Curve2D',(#1735,#1736,#1744,#1746));
#1748=IFCCARTESIANPOINTLIST2D(((0.,0.),(0.89999997615814209,0.),(0.89999997615814209,2.),(0.,2.)));
#1749=IFCINDEXEDPOLYCURVE(#1748,(IFCLINEINDEX((1,2,3,4,1))),$);
#1750=IFCARBITRARYCLOSEDPROFILEDEF(.AREA.,$,#1749);
#1751=IFCCARTESIANPOINT((0.,-0.60000002384185791,0.));
#1752=IFCDIRECTION((0.,-1.,0.));
#1753=IFCDIRECTION((1.,0.,0.));
#1754=IFCAXIS2PLACEMENT3D(#1751,#1752,#1753);
#1755=IFCDIRECTION((0.,0.,-1.));
#1756=IFCEXTRUDEDAREASOLID(#1750,#1754,#1755,1.2);
#1757=IFCSHAPEREPRESENTATION(#11,'Body','SweptSolid',(#1756));
#1763=IFCCARTESIANPOINT((1.5749603714794009,-5.9907731664310404E-08,0.));
#1764=IFCDIRECTION((0.,0.,1.));
#1765=IFCDIRECTION((0.99999999999997147,-2.384185719961227E-07,0.));
#1766=IFCAXIS2PLACEMENT3D(#1763,#1764,#1765);
#1767=IFCLOCALPLACEMENT(#631,#1766);
#1768=IFCCARTESIANPOINT((0.,-5.5511151231257827E-17,0.));
#1769=IFCDIRECTION((0.,0.,1.));
#1770=IFCDIRECTION((1.,5.2939559203393771E-23,0.));
#1771=IFCAXIS2PLACEMENT3D(#1768,#1769,#1770);
#1772=IFCLOCALPLACEMENT(#1767,#1771);
#1773=IFCDOORTYPE('03jRd84wz3SwCS28eyKjgA',$,'Bathroom-GF',$,$,(#1774),(#1776,#1784,#1862),$,$,.DOOR.,.SINGLE_SWING_LEFT.,$,$);
#1774=IFCPROPERTYSET('10pC7bHYj2FPQUeBh5$KSs',$,'BBIM_Door',$,(#1775));
#1775=IFCPROPERTYSINGLEVALUE('Data',$,IFCTEXT('{"door_type": "SINGLE_SWING_LEFT", "overall_height": 2.0, "overall_width": 0.7054365873336792, "lining_properties": {"lining_depth": 0.05000000074505806, "lining_thickness": 0.05000000074505806, "lining_offset": 0.0, "lining_to_panel_offset_x": 0.02500000037252903, "lining_to_panel_offset_y": 0.02500000037252903, "transom_thickness": 0.0, "casing_thickness": 0.07500000298023224, "casing_depth": 0.004999999888241291, "threshold_thickness": 0.02500000037252903, "threshold_depth": 0.10000000149011612, "threshold_offset": 0.0}, "panel_properties": {"panel_depth": 0.03500000014901161, "panel_width_ratio": 1.0}}'),$);
#1776=IFCREPRESENTATIONMAP(#1777,#2477);
#1777=IFCAXIS2PLACEMENT3D(#1778,#1779,#1780);
#1778=IFCCARTESIANPOINT((0.,0.,0.));
#1779=IFCDIRECTION((0.,0.,1.));
#1780=IFCDIRECTION((1.,0.,0.));
#1784=IFCREPRESENTATIONMAP(#1785,#2550);
#1785=IFCAXIS2PLACEMENT3D(#1786,#1787,#1788);
#1786=IFCCARTESIANPOINT((0.,0.,0.));
#1787=IFCDIRECTION((0.,0.,1.));
#1788=IFCDIRECTION((1.,0.,0.));
#1862=IFCREPRESENTATIONMAP(#1863,#2564);
#1863=IFCAXIS2PLACEMENT3D(#1864,#1865,#1866);
#1864=IFCCARTESIANPOINT((0.,0.,0.));
#1865=IFCDIRECTION((0.,0.,1.));
#1866=IFCDIRECTION((1.,0.,0.));
#1946=IFCDOOR('0Qzc5aHXj8m8lObqr89toR',$,'Door',$,$,#2589,#1955,$,2.,0.7054365873336792,$,.SINGLE_SWING_LEFT.,$);
#1947=IFCRELDEFINESBYTYPE('3vNsm$O$f6l8JJYzCH9cTw',$,$,$,(#1946),#1773);
#1948=IFCCARTESIANPOINT((0.,0.,0.));
#1949=IFCDIRECTION((1.,0.,0.));
#1950=IFCDIRECTION((0.,1.,0.));
#1951=IFCDIRECTION((0.,0.,1.));
#1952=IFCCARTESIANTRANSFORMATIONOPERATOR3D(#1949,#1950,#1948,1.,#1951);
#1953=IFCMAPPEDITEM(#1776,#1952);
#1954=IFCSHAPEREPRESENTATION(#18,'Profile','MappedRepresentation',(#1953));
#1955=IFCPRODUCTDEFINITIONSHAPE($,$,(#1954,#1962,#1969));
#1956=IFCCARTESIANPOINT((0.,0.,0.));
#1957=IFCDIRECTION((1.,0.,0.));
#1958=IFCDIRECTION((0.,1.,0.));
#1959=IFCDIRECTION((0.,0.,1.));
#1960=IFCCARTESIANTRANSFORMATIONOPERATOR3D(#1957,#1958,#1956,1.,#1959);
#1961=IFCMAPPEDITEM(#1784,#1960);
#1962=IFCSHAPEREPRESENTATION(#11,'Body','MappedRepresentation',(#1961));
#1963=IFCCARTESIANPOINT((0.,0.,0.));
#1964=IFCDIRECTION((1.,0.,0.));
#1965=IFCDIRECTION((0.,1.,0.));
#1966=IFCDIRECTION((0.,0.,1.));
#1967=IFCCARTESIANTRANSFORMATIONOPERATOR3D(#1964,#1965,#1963,1.,#1966);
#1968=IFCMAPPEDITEM(#1862,#1967);
#1969=IFCSHAPEREPRESENTATION(#24,'Body','MappedRepresentation',(#1968));
#1970=IFCOPENINGELEMENT('2K7DAejfD4ux96NwVrGl2A',$,'Opening',$,$,#2584,#1998,$,.OPENING.);
#1986=IFCCARTESIANPOINT((0.,0.,0.));
#1987=IFCDIRECTION((1.,0.,0.));
#1988=IFCDIRECTION((0.,0.,1.));
#1989=IFCAXIS2PLACEMENT3D(#1986,#1988,#1987);
#1990=IFCREPRESENTATIONMAP(#1989,#2574);
#1991=IFCCARTESIANPOINT((0.,0.,0.));
#1992=IFCDIRECTION((1.,0.,0.));
#1993=IFCDIRECTION((0.,1.,0.));
#1994=IFCDIRECTION((0.,0.,1.));
#1995=IFCCARTESIANTRANSFORMATIONOPERATOR3D(#1992,#1993,#1991,1.,#1994);
#1996=IFCMAPPEDITEM(#1990,#1995);
#1997=IFCSHAPEREPRESENTATION(#11,'Body','MappedRepresentation',(#1996));
#1998=IFCPRODUCTDEFINITIONSHAPE($,$,(#1997));
#1999=IFCRELVOIDSELEMENT('0t6KEwhIr02PfZT84wbtSV',$,$,$,#750,#1970);
#2005=IFCRELFILLSELEMENT('1T0xQzgv14WOa9QqurWT5W',$,$,$,#1970,#1946);
#2014=IFCCARTESIANPOINTLIST2D(((0.,0.),(0.,2.),(0.67652547359466553,2.),(0.67652547359466553,0.),(0.6515254732221365,0.),(0.6515254732221365,1.974999999627471),(0.02500000037252903,1.974999999627471),(0.02500000037252903,0.)));
#2015=IFCINDEXEDPOLYCURVE(#2014,(IFCLINEINDEX((1,2,3,4,5,6,7,8,1))),$);
#2016=IFCARBITRARYCLOSEDPROFILEDEF(.AREA.,$,#2015);
#2017=IFCCARTESIANPOINT((0.,0.02500000037252903,0.));
#2018=IFCDIRECTION((0.,-1.,0.));
#2019=IFCDIRECTION((1.,0.,0.));
#2020=IFCAXIS2PLACEMENT3D(#2017,#2018,#2019);
#2021=IFCDIRECTION((0.,0.,-1.));
#2022=IFCEXTRUDEDAREASOLID(#2016,#2020,#2021,0.02500000037252903);
#2023=IFCCARTESIANPOINTLIST2D(((0.,0.),(0.,2.),(0.67652547359466553,2.),(0.67652547359466553,0.),(0.62652547284960747,0.),(0.62652547284960747,1.9499999992549419),(0.05000000074505806,1.9499999992549419),(0.05000000074505806,0.)));
#2024=IFCINDEXEDPOLYCURVE(#2023,(IFCLINEINDEX((1,2,3,4,5,6,7,8,1))),$);
#2025=IFCARBITRARYCLOSEDPROFILEDEF(.AREA.,$,#2024);
#2026=IFCCARTESIANPOINT((0.,0.,0.));
#2027=IFCDIRECTION((0.,-1.,0.));
#2028=IFCDIRECTION((1.,0.,0.));
#2029=IFCAXIS2PLACEMENT3D(#2026,#2027,#2028);
#2030=IFCDIRECTION((0.,0.,-1.));
#2031=IFCEXTRUDEDAREASOLID(#2025,#2029,#2030,0.02500000037252903);
#2032=IFCCARTESIANPOINTLIST2D(((0.,0.),(0.57652547210454941,0.),(0.57652547210454941,0.10000000149011612),(0.,0.10000000149011612)));
#2033=IFCINDEXEDPOLYCURVE(#2032,(IFCLINEINDEX((1,2,3,4,1))),$);
#2034=IFCARBITRARYCLOSEDPROFILEDEF(.AREA.,$,#2033);
#2035=IFCCARTESIANPOINT((0.05000000074505806,0.,0.));
#2036=IFCDIRECTION((0.,0.,1.));
#2037=IFCDIRECTION((1.,0.,0.));
#2038=IFCAXIS2PLACEMENT3D(#2035,#2036,#2037);
#2039=IFCDIRECTION((0.,0.,1.));
#2040=IFCEXTRUDEDAREASOLID(#2034,#2038,#2039,0.02500000037252903);
#2041=IFCCARTESIANPOINTLIST2D(((0.,0.),(0.,2.0250000022351742),(0.72652547806501389,2.0250000022351742),(0.72652547806501389,0.),(0.65152547508478165,0.),(0.65152547508478165,1.9499999992549419),(0.075000002980232239,1.9499999992549419),(0.075000002980232239,0.)));
#2042=IFCINDEXEDPOLYCURVE(#2041,(IFCLINEINDEX((1,2,3,4,5,6,7,8,1))),$);
#2043=IFCARBITRARYCLOSEDPROFILEDEF(.AREA.,$,#2042);
#2044=IFCCARTESIANPOINT((-0.025000002235174179,-0.004999999888241291,0.));
#2045=IFCDIRECTION((0.,-1.,0.));
#2046=IFCDIRECTION((1.,0.,0.));
#2047=IFCAXIS2PLACEMENT3D(#2044,#2045,#2046);
#2048=IFCDIRECTION((0.,0.,-1.));
#2049=IFCEXTRUDEDAREASOLID(#2043,#2047,#2048,0.004999999888241291);
#2050=IFCCARTESIANPOINTLIST2D(((0.,0.),(0.,2.0250000022351742),(0.72652547806501389,2.0250000022351742),(0.72652547806501389,0.),(0.67652547545731068,0.),(0.67652547545731068,1.974999999627471),(0.050000002607703209,1.974999999627471),(0.050000002607703209,0.)));
#2051=IFCINDEXEDPOLYCURVE(#2050,(IFCLINEINDEX((1,2,3,4,5,6,7,8,1))),$);
#2052=IFCARBITRARYCLOSEDPROFILEDEF(.AREA.,$,#2051);
#2053=IFCCARTESIANPOINT((-0.025000002235174179,0.05000000074505806,0.));
#2054=IFCDIRECTION((0.,-1.,0.));
#2055=IFCDIRECTION((1.,0.,0.));
#2056=IFCAXIS2PLACEMENT3D(#2053,#2054,#2055);
#2057=IFCDIRECTION((0.,0.,-1.));
#2058=IFCEXTRUDEDAREASOLID(#2052,#2056,#2057,0.004999999888241291);
#2059=IFCCARTESIANPOINTLIST2D(((0.,0.),(0.62652547284960747,0.),(0.62652547284960747,0.035000000149011612),(0.,0.035000000149011612)));
#2060=IFCINDEXEDPOLYCURVE(#2059,(IFCLINEINDEX((1,2,3,4,1))),$);
#2061=IFCARBITRARYCLOSEDPROFILEDEF(.AREA.,$,#2060);
#2062=IFCCARTESIANPOINT((0.02500000037252903,0.02500000037252903,0.02500000037252903));
#2063=IFCDIRECTION((0.,0.,1.));
#2064=IFCDIRECTION((1.,0.,0.));
#2065=IFCAXIS2PLACEMENT3D(#2062,#2063,#2064);
#2066=IFCDIRECTION((0.,0.,1.));
#2067=IFCEXTRUDEDAREASOLID(#2061,#2065,#2066,1.9499999992549419);
#2068=IFCCARTESIANPOINTLIST2D(((0.,0.),(0.,-0.040000000000000001),(-0.11999999999999994,-0.040000000000000001),(-0.11999999999999994,-0.02),(-0.020000000000000018,-0.02),(-0.020000000000000018,0.)));
#2069=IFCINDEXEDPOLYCURVE(#2068,(IFCLINEINDEX((1,2,3,4,5,6,1))),$);
#2070=IFCARBITRARYCLOSEDPROFILEDEF(.AREA.,$,#2069);
#2071=IFCCARTESIANPOINT((0.60152547322213645,0.02500000037252903,1.015000000372529));
#2072=IFCDIRECTION((0.,0.,1.));
#2073=IFCDIRECTION((1.,0.,0.));
#2074=IFCAXIS2PLACEMENT3D(#2071,#2072,#2073);
#2075=IFCDIRECTION((0.,0.,1.));
#2076=IFCEXTRUDEDAREASOLID(#2070,#2074,#2075,0.02);
#2077=IFCEXTRUDEDAREASOLID(#2078,#2081,#2085,0.02);
#2078=IFCARBITRARYCLOSEDPROFILEDEF(.AREA.,$,#2079);
#2079=IFCINDEXEDPOLYCURVE(#2080,(IFCLINEINDEX((1,2,3,4,5,6,1))),$);
#2080=IFCCARTESIANPOINTLIST2D(((0.,0.),(0.,0.040000000000000008),(-0.11999999999999994,0.040000000000000008),(-0.11999999999999994,0.020000000000000004),(-0.020000000000000018,0.020000000000000004),(-0.020000000000000018,0.)));
#2081=IFCAXIS2PLACEMENT3D(#2082,#2083,#2084);
#2082=IFCCARTESIANPOINT((0.60152547322213645,0.060000000521540642,1.015000000372529));
#2083=IFCDIRECTION((0.,0.,1.));
#2084=IFCDIRECTION((1.,0.,0.));
#2085=IFCDIRECTION((0.,0.,1.));
#2087=IFCSHAPEREPRESENTATION(#11,'Body','SweptSolid',(#2031,#2389,#2522,#2292,#2380,#2513,#2150,#2283,#2371,#2504,#2141,#2022,#2274,#2177,#2495,#2265,#2407,#2256,#2398,#2486,#2058,#2168,#2049,#2159,#2040));
#2088=IFCSHAPEASPECT((#2087),'Lining',$,.T.,#1955);
#2089=IFCSHAPEREPRESENTATION(#11,'Body','SweptSolid',(#2540,#2531,#2067,#2195,#2196,#2310,#2186,#2311,#2425,#2301,#2076,#2416,#2077,#2541,#2426));
#2090=IFCSHAPEASPECT((#2089),'Framing',$,.T.,#1955);
#2133=IFCCARTESIANPOINTLIST2D(((0.,0.),(0.,2.),(0.67652547359466553,2.),(0.67652547359466553,0.),(0.6515254732221365,0.),(0.6515254732221365,1.974999999627471),(0.02500000037252903,1.974999999627471),(0.02500000037252903,0.)));
#2134=IFCINDEXEDPOLYCURVE(#2133,(IFCLINEINDEX((1,2,3,4,5,6,7,8,1))),$);
#2135=IFCARBITRARYCLOSEDPROFILEDEF(.AREA.,$,#2134);
#2136=IFCCARTESIANPOINT((0.,0.02500000037252903,0.));
#2137=IFCDIRECTION((0.,-1.,0.));
#2138=IFCDIRECTION((1.,0.,0.));
#2139=IFCAXIS2PLACEMENT3D(#2136,#2137,#2138);
#2140=IFCDIRECTION((0.,0.,-1.));
#2141=IFCEXTRUDEDAREASOLID(#2135,#2139,#2140,0.02500000037252903);
#2142=IFCCARTESIANPOINTLIST2D(((0.,0.),(0.,2.),(0.67652547359466553,2.),(0.67652547359466553,0.),(0.62652547284960747,0.),(0.62652547284960747,1.9499999992549419),(0.05000000074505806,1.9499999992549419),(0.05000000074505806,0.)));
#2143=IFCINDEXEDPOLYCURVE(#2142,(IFCLINEINDEX((1,2,3,4,5,6,7,8,1))),$);
#2144=IFCARBITRARYCLOSEDPROFILEDEF(.AREA.,$,#2143);
#2145=IFCCARTESIANPOINT((0.,0.,0.));
#2146=IFCDIRECTION((0.,-1.,0.));
#2147=IFCDIRECTION((1.,0.,0.));
#2148=IFCAXIS2PLACEMENT3D(#2145,#2146,#2147);
#2149=IFCDIRECTION((0.,0.,-1.));
#2150=IFCEXTRUDEDAREASOLID(#2144,#2148,#2149,0.02500000037252903);
#2151=IFCCARTESIANPOINTLIST2D(((0.,0.),(0.57652547210454941,0.),(0.57652547210454941,0.10000000149011612),(0.,0.10000000149011612)));
#2152=IFCINDEXEDPOLYCURVE(#2151,(IFCLINEINDEX((1,2,3,4,1))),$);
#2153=IFCARBITRARYCLOSEDPROFILEDEF(.AREA.,$,#2152);
#2154=IFCCARTESIANPOINT((0.05000000074505806,0.,0.));
#2155=IFCDIRECTION((0.,0.,1.));
#2156=IFCDIRECTION((1.,0.,0.));
#2157=IFCAXIS2PLACEMENT3D(#2154,#2155,#2156);
#2158=IFCDIRECTION((0.,0.,1.));
#2159=IFCEXTRUDEDAREASOLID(#2153,#2157,#2158,0.02500000037252903);
#2160=IFCCARTESIANPOINTLIST2D(((0.,0.),(0.,2.0250000022351742),(0.72652547806501389,2.0250000022351742),(0.72652547806501389,0.),(0.65152547508478165,0.),(0.65152547508478165,1.9499999992549419),(0.075000002980232239,1.9499999992549419),(0.075000002980232239,0.)));
#2161=IFCINDEXEDPOLYCURVE(#2160,(IFCLINEINDEX((1,2,3,4,5,6,7,8,1))),$);
#2162=IFCARBITRARYCLOSEDPROFILEDEF(.AREA.,$,#2161);
#2163=IFCCARTESIANPOINT((-0.025000002235174179,-0.004999999888241291,0.));
#2164=IFCDIRECTION((0.,-1.,0.));
#2165=IFCDIRECTION((1.,0.,0.));
#2166=IFCAXIS2PLACEMENT3D(#2163,#2164,#2165);
#2167=IFCDIRECTION((0.,0.,-1.));
#2168=IFCEXTRUDEDAREASOLID(#2162,#2166,#2167,0.004999999888241291);
#2169=IFCCARTESIANPOINTLIST2D(((0.,0.),(0.,2.0250000022351742),(0.72652547806501389,2.0250000022351742),(0.72652547806501389,0.),(0.67652547545731068,0.),(0.67652547545731068,1.974999999627471),(0.050000002607703209,1.974999999627471),(0.050000002607703209,0.)));
#2170=IFCINDEXEDPOLYCURVE(#2169,(IFCLINEINDEX((1,2,3,4,5,6,7,8,1))),$);
#2171=IFCARBITRARYCLOSEDPROFILEDEF(.AREA.,$,#2170);
#2172=IFCCARTESIANPOINT((-0.025000002235174179,0.05000000074505806,0.));
#2173=IFCDIRECTION((0.,-1.,0.));
#2174=IFCDIRECTION((1.,0.,0.));
#2175=IFCAXIS2PLACEMENT3D(#2172,#2173,#2174);
#2176=IFCDIRECTION((0.,0.,-1.));
#2177=IFCEXTRUDEDAREASOLID(#2171,#2175,#2176,0.004999999888241291);
#2178=IFCCARTESIANPOINTLIST2D(((0.,0.),(0.62652547284960747,0.),(0.62652547284960747,0.035000000149011612),(0.,0.035000000149011612)));
#2179=IFCINDEXEDPOLYCURVE(#2178,(IFCLINEINDEX((1,2,3,4,1))),$);
#2180=IFCARBITRARYCLOSEDPROFILEDEF(.AREA.,$,#2179);
#2181=IFCCARTESIANPOINT((0.02500000037252903,0.02500000037252903,0.02500000037252903));
#2182=IFCDIRECTION((0.,0.,1.));
#2183=IFCDIRECTION((1.,0.,0.));
#2184=IFCAXIS2PLACEMENT3D(#2181,#2182,#2183);
#2185=IFCDIRECTION((0.,0.,1.));
#2186=IFCEXTRUDEDAREASOLID(#2180,#2184,#2185,1.9499999992549419);
#2187=IFCCARTESIANPOINTLIST2D(((0.,0.),(0.,-0.040000000000000001),(-0.11999999999999994,-0.040000000000000001),(-0.11999999999999994,-0.02),(-0.020000000000000018,-0.02),(-0.020000000000000018,0.)));
#2188=IFCINDEXEDPOLYCURVE(#2187,(IFCLINEINDEX((1,2,3,4,5,6,1))),$);
#2189=IFCARBITRARYCLOSEDPROFILEDEF(.AREA.,$,#2188);
#2190=IFCCARTESIANPOINT((0.60152547322213645,0.02500000037252903,1.015000000372529));
#2191=IFCDIRECTION((0.,0.,1.));
#2192=IFCDIRECTION((1.,0.,0.));
#2193=IFCAXIS2PLACEMENT3D(#2190,#2191,#2192);
#2194=IFCDIRECTION((0.,0.,1.));
#2195=IFCEXTRUDEDAREASOLID(#2189,#2193,#2194,0.02);
#2196=IFCEXTRUDEDAREASOLID(#2197,#2200,#2204,0.02);
#2197=IFCARBITRARYCLOSEDPROFILEDEF(.AREA.,$,#2198);
#2198=IFCINDEXEDPOLYCURVE(#2199,(IFCLINEINDEX((1,2,3,4,5,6,1))),$);
#2199=IFCCARTESIANPOINTLIST2D(((0.,0.),(0.,0.040000000000000008),(-0.11999999999999994,0.040000000000000008),(-0.11999999999999994,0.020000000000000004),(-0.020000000000000018,0.020000000000000004),(-0.020000000000000018,0.)));
#2200=IFCAXIS2PLACEMENT3D(#2201,#2202,#2203);
#2201=IFCCARTESIANPOINT((0.60152547322213645,0.060000000521540642,1.015000000372529));
#2202=IFCDIRECTION((0.,0.,1.));
#2203=IFCDIRECTION((1.,0.,0.));
#2204=IFCDIRECTION((0.,0.,1.));
#2248=IFCCARTESIANPOINTLIST2D(((0.,0.),(0.,2.),(0.7054365873336792,2.),(0.7054365873336792,0.),(0.68043658696115017,0.),(0.68043658696115017,1.974999999627471),(0.02500000037252903,1.974999999627471),(0.02500000037252903,0.)));
#2249=IFCINDEXEDPOLYCURVE(#2248,(IFCLINEINDEX((1,2,3,4,5,6,7,8,1))),$);
#2250=IFCARBITRARYCLOSEDPROFILEDEF(.AREA.,$,#2249);
#2251=IFCCARTESIANPOINT((0.,0.02500000037252903,0.));
#2252=IFCDIRECTION((0.,-1.,0.));
#2253=IFCDIRECTION((1.,0.,0.));
#2254=IFCAXIS2PLACEMENT3D(#2251,#2252,#2253);
#2255=IFCDIRECTION((0.,0.,-1.));
#2256=IFCEXTRUDEDAREASOLID(#2250,#2254,#2255,0.02500000037252903);
#2257=IFCCARTESIANPOINTLIST2D(((0.,0.),(0.,2.),(0.7054365873336792,2.),(0.7054365873336792,0.),(0.65543658658862114,0.),(0.65543658658862114,1.9499999992549419),(0.05000000074505806,1.9499999992549419),(0.05000000074505806,0.)));
#2258=IFCINDEXEDPOLYCURVE(#2257,(IFCLINEINDEX((1,2,3,4,5,6,7,8,1))),$);
#2259=IFCARBITRARYCLOSEDPROFILEDEF(.AREA.,$,#2258);
#2260=IFCCARTESIANPOINT((0.,0.,0.));
#2261=IFCDIRECTION((0.,-1.,0.));
#2262=IFCDIRECTION((1.,0.,0.));
#2263=IFCAXIS2PLACEMENT3D(#2260,#2261,#2262);
#2264=IFCDIRECTION((0.,0.,-1.));
#2265=IFCEXTRUDEDAREASOLID(#2259,#2263,#2264,0.02500000037252903);
#2266=IFCCARTESIANPOINTLIST2D(((0.,0.),(0.60543658584356308,0.),(0.60543658584356308,0.10000000149011612),(0.,0.10000000149011612)));
#2267=IFCINDEXEDPOLYCURVE(#2266,(IFCLINEINDEX((1,2,3,4,1))),$);
#2268=IFCARBITRARYCLOSEDPROFILEDEF(.AREA.,$,#2267);
#2269=IFCCARTESIANPOINT((0.05000000074505806,0.,0.));
#2270=IFCDIRECTION((0.,0.,1.));
#2271=IFCDIRECTION((1.,0.,0.));
#2272=IFCAXIS2PLACEMENT3D(#2269,#2270,#2271);
#2273=IFCDIRECTION((0.,0.,1.));
#2274=IFCEXTRUDEDAREASOLID(#2268,#2272,#2273,0.02500000037252903);
#2275=IFCCARTESIANPOINTLIST2D(((0.,0.),(0.,2.0250000022351742),(0.75543659180402756,2.0250000022351742),(0.75543659180402756,0.),(0.68043658882379532,0.),(0.68043658882379532,1.9499999992549419),(0.075000002980232239,1.9499999992549419),(0.075000002980232239,0.)));
#2276=IFCINDEXEDPOLYCURVE(#2275,(IFCLINEINDEX((1,2,3,4,5,6,7,8,1))),$);
#2277=IFCARBITRARYCLOSEDPROFILEDEF(.AREA.,$,#2276);
#2278=IFCCARTESIANPOINT((-0.025000002235174179,-0.004999999888241291,0.));
#2279=IFCDIRECTION((0.,-1.,0.));
#2280=IFCDIRECTION((1.,0.,0.));
#2281=IFCAXIS2PLACEMENT3D(#2278,#2279,#2280);
#2282=IFCDIRECTION((0.,0.,-1.));
#2283=IFCEXTRUDEDAREASOLID(#2277,#2281,#2282,0.004999999888241291);
#2284=IFCCARTESIANPOINTLIST2D(((0.,0.),(0.,2.0250000022351742),(0.75543659180402756,2.0250000022351742),(0.75543659180402756,0.),(0.70543658919632435,0.),(0.70543658919632435,1.974999999627471),(0.050000002607703209,1.974999999627471),(0.050000002607703209,0.)));
#2285=IFCINDEXEDPOLYCURVE(#2284,(IFCLINEINDEX((1,2,3,4,5,6,7,8,1))),$);
#2286=IFCARBITRARYCLOSEDPROFILEDEF(.AREA.,$,#2285);
#2287=IFCCARTESIANPOINT((-0.025000002235174179,0.05000000074505806,0.));
#2288=IFCDIRECTION((0.,-1.,0.));
#2289=IFCDIRECTION((1.,0.,0.));
#2290=IFCAXIS2PLACEMENT3D(#2287,#2288,#2289);
#2291=IFCDIRECTION((0.,0.,-1.));
#2292=IFCEXTRUDEDAREASOLID(#2286,#2290,#2291,0.004999999888241291);
#2293=IFCCARTESIANPOINTLIST2D(((0.,0.),(0.65543658658862114,0.),(0.65543658658862114,0.035000000149011612),(0.,0.035000000149011612)));
#2294=IFCINDEXEDPOLYCURVE(#2293,(IFCLINEINDEX((1,2,3,4,1))),$);
#2295=IFCARBITRARYCLOSEDPROFILEDEF(.AREA.,$,#2294);
#2296=IFCCARTESIANPOINT((0.02500000037252903,0.02500000037252903,0.02500000037252903));
#2297=IFCDIRECTION((0.,0.,1.));
#2298=IFCDIRECTION((1.,0.,0.));
#2299=IFCAXIS2PLACEMENT3D(#2296,#2297,#2298);
#2300=IFCDIRECTION((0.,0.,1.));
#2301=IFCEXTRUDEDAREASOLID(#2295,#2299,#2300,1.9499999992549419);
#2302=IFCCARTESIANPOINTLIST2D(((0.,0.),(0.,-0.040000000000000001),(-0.11999999999999988,-0.040000000000000001),(-0.11999999999999988,-0.02),(-0.020000000000000018,-0.02),(-0.020000000000000018,0.)));
#2303=IFCINDEXEDPOLYCURVE(#2302,(IFCLINEINDEX((1,2,3,4,5,6,1))),$);
#2304=IFCARBITRARYCLOSEDPROFILEDEF(.AREA.,$,#2303);
#2305=IFCCARTESIANPOINT((0.63043658696115012,0.02500000037252903,1.015000000372529));
#2306=IFCDIRECTION((0.,0.,1.));
#2307=IFCDIRECTION((1.,0.,0.));
#2308=IFCAXIS2PLACEMENT3D(#2305,#2306,#2307);
#2309=IFCDIRECTION((0.,0.,1.));
#2310=IFCEXTRUDEDAREASOLID(#2304,#2308,#2309,0.02);
#2311=IFCEXTRUDEDAREASOLID(#2312,#2315,#2319,0.02);
#2312=IFCARBITRARYCLOSEDPROFILEDEF(.AREA.,$,#2313);
#2313=IFCINDEXEDPOLYCURVE(#2314,(IFCLINEINDEX((1,2,3,4,5,6,1))),$);
#2314=IFCCARTESIANPOINTLIST2D(((0.,0.),(0.,0.040000000000000008),(-0.11999999999999988,0.040000000000000008),(-0.11999999999999988,0.020000000000000004),(-0.020000000000000018,0.020000000000000004),(-0.020000000000000018,0.)));
#2315=IFCAXIS2PLACEMENT3D(#2316,#2317,#2318);
#2316=IFCCARTESIANPOINT((0.63043658696115012,0.060000000521540642,1.015000000372529));
#2317=IFCDIRECTION((0.,0.,1.));
#2318=IFCDIRECTION((1.,0.,0.));
#2319=IFCDIRECTION((0.,0.,1.));
#2363=IFCCARTESIANPOINTLIST2D(((0.,0.),(0.,2.),(0.7054365873336792,2.),(0.7054365873336792,0.),(0.68043658696115017,0.),(0.68043658696115017,1.974999999627471),(0.02500000037252903,1.974999999627471),(0.02500000037252903,0.)));
#2364=IFCINDEXEDPOLYCURVE(#2363,(IFCLINEINDEX((1,2,3,4,5,6,7,8,1))),$);
#2365=IFCARBITRARYCLOSEDPROFILEDEF(.AREA.,$,#2364);
#2366=IFCCARTESIANPOINT((0.,0.02500000037252903,0.));
#2367=IFCDIRECTION((0.,-1.,0.));
#2368=IFCDIRECTION((1.,0.,0.));
#2369=IFCAXIS2PLACEMENT3D(#2366,#2367,#2368);
#2370=IFCDIRECTION((0.,0.,-1.));
#2371=IFCEXTRUDEDAREASOLID(#2365,#2369,#2370,0.02500000037252903);
#2372=IFCCARTESIANPOINTLIST2D(((0.,0.),(0.,2.),(0.7054365873336792,2.),(0.7054365873336792,0.),(0.65543658658862114,0.),(0.65543658658862114,1.9499999992549419),(0.05000000074505806,1.9499999992549419),(0.05000000074505806,0.)));
#2373=IFCINDEXEDPOLYCURVE(#2372,(IFCLINEINDEX((1,2,3,4,5,6,7,8,1))),$);
#2374=IFCARBITRARYCLOSEDPROFILEDEF(.AREA.,$,#2373);
#2375=IFCCARTESIANPOINT((0.,0.,0.));
#2376=IFCDIRECTION((0.,-1.,0.));
#2377=IFCDIRECTION((1.,0.,0.));
#2378=IFCAXIS2PLACEMENT3D(#2375,#2376,#2377);
#2379=IFCDIRECTION((0.,0.,-1.));
#2380=IFCEXTRUDEDAREASOLID(#2374,#2378,#2379,0.02500000037252903);
#2381=IFCCARTESIANPOINTLIST2D(((0.,0.),(0.60543658584356308,0.),(0.60543658584356308,0.10000000149011612),(0.,0.10000000149011612)));
#2382=IFCINDEXEDPOLYCURVE(#2381,(IFCLINEINDEX((1,2,3,4,1))),$);
#2383=IFCARBITRARYCLOSEDPROFILEDEF(.AREA.,$,#2382);
#2384=IFCCARTESIANPOINT((0.05000000074505806,0.,0.));
#2385=IFCDIRECTION((0.,0.,1.));
#2386=IFCDIRECTION((1.,0.,0.));
#2387=IFCAXIS2PLACEMENT3D(#2384,#2385,#2386);
#2388=IFCDIRECTION((0.,0.,1.));
#2389=IFCEXTRUDEDAREASOLID(#2383,#2387,#2388,0.02500000037252903);
#2390=IFCCARTESIANPOINTLIST2D(((0.,0.),(0.,2.0250000022351742),(0.75543659180402756,2.0250000022351742),(0.75543659180402756,0.),(0.68043658882379532,0.),(0.68043658882379532,1.9499999992549419),(0.075000002980232239,1.9499999992549419),(0.075000002980232239,0.)));
#2391=IFCINDEXEDPOLYCURVE(#2390,(IFCLINEINDEX((1,2,3,4,5,6,7,8,1))),$);
#2392=IFCARBITRARYCLOSEDPROFILEDEF(.AREA.,$,#2391);
#2393=IFCCARTESIANPOINT((-0.025000002235174179,-0.004999999888241291,0.));
#2394=IFCDIRECTION((0.,-1.,0.));
#2395=IFCDIRECTION((1.,0.,0.));
#2396=IFCAXIS2PLACEMENT3D(#2393,#2394,#2395);
#2397=IFCDIRECTION((0.,0.,-1.));
#2398=IFCEXTRUDEDAREASOLID(#2392,#2396,#2397,0.004999999888241291);
#2399=IFCCARTESIANPOINTLIST2D(((0.,0.),(0.,2.0250000022351742),(0.75543659180402756,2.0250000022351742),(0.75543659180402756,0.),(0.70543658919632435,0.),(0.70543658919632435,1.974999999627471),(0.050000002607703209,1.974999999627471),(0.050000002607703209,0.)));
#2400=IFCINDEXEDPOLYCURVE(#2399,(IFCLINEINDEX((1,2,3,4,5,6,7,8,1))),$);
#2401=IFCARBITRARYCLOSEDPROFILEDEF(.AREA.,$,#2400);
#2402=IFCCARTESIANPOINT((-0.025000002235174179,0.05000000074505806,0.));
#2403=IFCDIRECTION((0.,-1.,0.));
#2404=IFCDIRECTION((1.,0.,0.));
#2405=IFCAXIS2PLACEMENT3D(#2402,#2403,#2404);
#2406=IFCDIRECTION((0.,0.,-1.));
#2407=IFCEXTRUDEDAREASOLID(#2401,#2405,#2406,0.004999999888241291);
#2408=IFCCARTESIANPOINTLIST2D(((0.,0.),(0.65543658658862114,0.),(0.65543658658862114,0.035000000149011612),(0.,0.035000000149011612)));
#2409=IFCINDEXEDPOLYCURVE(#2408,(IFCLINEINDEX((1,2,3,4,1))),$);
#2410=IFCARBITRARYCLOSEDPROFILEDEF(.AREA.,$,#2409);
#2411=IFCCARTESIANPOINT((0.02500000037252903,0.02500000037252903,0.02500000037252903));
#2412=IFCDIRECTION((0.,0.,1.));
#2413=IFCDIRECTION((1.,0.,0.));
#2414=IFCAXIS2PLACEMENT3D(#2411,#2412,#2413);
#2415=IFCDIRECTION((0.,0.,1.));
#2416=IFCEXTRUDEDAREASOLID(#2410,#2414,#2415,1.9499999992549419);
#2417=IFCCARTESIANPOINTLIST2D(((0.,0.),(0.,-0.040000000000000001),(-0.11999999999999988,-0.040000000000000001),(-0.11999999999999988,-0.02),(-0.020000000000000018,-0.02),(-0.020000000000000018,0.)));
#2418=IFCINDEXEDPOLYCURVE(#2417,(IFCLINEINDEX((1,2,3,4,5,6,1))),$);
#2419=IFCARBITRARYCLOSEDPROFILEDEF(.AREA.,$,#2418);
#2420=IFCCARTESIANPOINT((0.63043658696115012,0.02500000037252903,1.015000000372529));
#2421=IFCDIRECTION((0.,0.,1.));
#2422=IFCDIRECTION((1.,0.,0.));
#2423=IFCAXIS2PLACEMENT3D(#2420,#2421,#2422);
#2424=IFCDIRECTION((0.,0.,1.));
#2425=IFCEXTRUDEDAREASOLID(#2419,#2423,#2424,0.02);
#2426=IFCEXTRUDEDAREASOLID(#2427,#2430,#2434,0.02);
#2427=IFCARBITRARYCLOSEDPROFILEDEF(.AREA.,$,#2428);
#2428=IFCINDEXEDPOLYCURVE(#2429,(IFCLINEINDEX((1,2,3,4,5,6,1))),$);
#2429=IFCCARTESIANPOINTLIST2D(((0.,0.),(0.,0.040000000000000008),(-0.11999999999999988,0.040000000000000008),(-0.11999999999999988,0.020000000000000004),(-0.020000000000000018,0.020000000000000004),(-0.020000000000000018,0.)));
#2430=IFCAXIS2PLACEMENT3D(#2431,#2432,#2433);
#2431=IFCCARTESIANPOINT((0.63043658696115012,0.060000000521540642,1.015000000372529));
#2432=IFCDIRECTION((0.,0.,1.));
#2433=IFCDIRECTION((1.,0.,0.));
#2434=IFCDIRECTION((0.,0.,1.));
#2475=IFCCARTESIANPOINTLIST3D(((0.,0.,0.),(0.7054365873336792,0.,0.),(0.7054365873336792,0.,2.),(0.,0.,2.)));
#2476=IFCINDEXEDPOLYCURVE(#2475,(IFCLINEINDEX((1,2,3,4,1))),$);
#2477=IFCSHAPEREPRESENTATION(#18,'Profile','Curve3D',(#2476));
#2478=IFCCARTESIANPOINTLIST2D(((0.,0.),(0.,2.),(0.7054365873336792,2.),(0.7054365873336792,0.),(0.68043658696115017,0.),(0.68043658696115017,1.974999999627471),(0.02500000037252903,1.974999999627471),(0.02500000037252903,0.)));
#2479=IFCINDEXEDPOLYCURVE(#2478,(IFCLINEINDEX((1,2,3,4,5,6,7,8,1))),$);
#2480=IFCARBITRARYCLOSEDPROFILEDEF(.AREA.,$,#2479);
#2481=IFCCARTESIANPOINT((0.,0.02500000037252903,0.));
#2482=IFCDIRECTION((0.,-1.,0.));
#2483=IFCDIRECTION((1.,0.,0.));
#2484=IFCAXIS2PLACEMENT3D(#2481,#2482,#2483);
#2485=IFCDIRECTION((0.,0.,-1.));
#2486=IFCEXTRUDEDAREASOLID(#2480,#2484,#2485,0.02500000037252903);
#2487=IFCCARTESIANPOINTLIST2D(((0.,0.),(0.,2.),(0.7054365873336792,2.),(0.7054365873336792,0.),(0.65543658658862114,0.),(0.65543658658862114,1.9499999992549419),(0.05000000074505806,1.9499999992549419),(0.05000000074505806,0.)));
#2488=IFCINDEXEDPOLYCURVE(#2487,(IFCLINEINDEX((1,2,3,4,5,6,7,8,1))),$);
#2489=IFCARBITRARYCLOSEDPROFILEDEF(.AREA.,$,#2488);
#2490=IFCCARTESIANPOINT((0.,0.,0.));
#2491=IFCDIRECTION((0.,-1.,0.));
#2492=IFCDIRECTION((1.,0.,0.));
#2493=IFCAXIS2PLACEMENT3D(#2490,#2491,#2492);
#2494=IFCDIRECTION((0.,0.,-1.));
#2495=IFCEXTRUDEDAREASOLID(#2489,#2493,#2494,0.02500000037252903);
#2496=IFCCARTESIANPOINTLIST2D(((0.,0.),(0.60543658584356308,0.),(0.60543658584356308,0.10000000149011612),(0.,0.10000000149011612)));
#2497=IFCINDEXEDPOLYCURVE(#2496,(IFCLINEINDEX((1,2,3,4,1))),$);
#2498=IFCARBITRARYCLOSEDPROFILEDEF(.AREA.,$,#2497);
#2499=IFCCARTESIANPOINT((0.05000000074505806,0.,0.));
#2500=IFCDIRECTION((0.,0.,1.));
#2501=IFCDIRECTION((1.,0.,0.));
#2502=IFCAXIS2PLACEMENT3D(#2499,#2500,#2501);
#2503=IFCDIRECTION((0.,0.,1.));
#2504=IFCEXTRUDEDAREASOLID(#2498,#2502,#2503,0.02500000037252903);
#2505=IFCCARTESIANPOINTLIST2D(((0.,0.),(0.,2.0250000022351742),(0.75543659180402756,2.0250000022351742),(0.75543659180402756,0.),(0.68043658882379532,0.),(0.68043658882379532,1.9499999992549419),(0.075000002980232239,1.9499999992549419),(0.075000002980232239,0.)));
#2506=IFCINDEXEDPOLYCURVE(#2505,(IFCLINEINDEX((1,2,3,4,5,6,7,8,1))),$);
#2507=IFCARBITRARYCLOSEDPROFILEDEF(.AREA.,$,#2506);
#2508=IFCCARTESIANPOINT((-0.025000002235174179,-0.004999999888241291,0.));
#2509=IFCDIRECTION((0.,-1.,0.));
#2510=IFCDIRECTION((1.,0.,0.));
#2511=IFCAXIS2PLACEMENT3D(#2508,#2509,#2510);
#2512=IFCDIRECTION((0.,0.,-1.));
#2513=IFCEXTRUDEDAREASOLID(#2507,#2511,#2512,0.004999999888241291);
#2514=IFCCARTESIANPOINTLIST2D(((0.,0.),(0.,2.0250000022351742),(0.75543659180402756,2.0250000022351742),(0.75543659180402756,0.),(0.70543658919632435,0.),(0.70543658919632435,1.974999999627471),(0.050000002607703209,1.974999999627471),(0.050000002607703209,0.)));
#2515=IFCINDEXEDPOLYCURVE(#2514,(IFCLINEINDEX((1,2,3,4,5,6,7,8,1))),$);
#2516=IFCARBITRARYCLOSEDPROFILEDEF(.AREA.,$,#2515);
#2517=IFCCARTESIANPOINT((-0.025000002235174179,0.05000000074505806,0.));
#2518=IFCDIRECTION((0.,-1.,0.));
#2519=IFCDIRECTION((1.,0.,0.));
#2520=IFCAXIS2PLACEMENT3D(#2517,#2518,#2519);
#2521=IFCDIRECTION((0.,0.,-1.));
#2522=IFCEXTRUDEDAREASOLID(#2516,#2520,#2521,0.004999999888241291);
#2523=IFCCARTESIANPOINTLIST2D(((0.,0.),(0.65543658658862114,0.),(0.65543658658862114,0.035000000149011612),(0.,0.035000000149011612)));
#2524=IFCINDEXEDPOLYCURVE(#2523,(IFCLINEINDEX((1,2,3,4,1))),$);
#2525=IFCARBITRARYCLOSEDPROFILEDEF(.AREA.,$,#2524);
#2526=IFCCARTESIANPOINT((0.02500000037252903,0.02500000037252903,0.02500000037252903));
#2527=IFCDIRECTION((0.,0.,1.));
#2528=IFCDIRECTION((1.,0.,0.));
#2529=IFCAXIS2PLACEMENT3D(#2526,#2527,#2528);
#2530=IFCDIRECTION((0.,0.,1.));
#2531=IFCEXTRUDEDAREASOLID(#2525,#2529,#2530,1.9499999992549419);
#2532=IFCCARTESIANPOINTLIST2D(((0.,0.),(0.,-0.040000000000000001),(-0.11999999999999988,-0.040000000000000001),(-0.11999999999999988,-0.02),(-0.020000000000000018,-0.02),(-0.020000000000000018,0.)));
#2533=IFCINDEXEDPOLYCURVE(#2532,(IFCLINEINDEX((1,2,3,4,5,6,1))),$);
#2534=IFCARBITRARYCLOSEDPROFILEDEF(.AREA.,$,#2533);
#2535=IFCCARTESIANPOINT((0.63043658696115012,0.02500000037252903,1.015000000372529));
#2536=IFCDIRECTION((0.,0.,1.));
#2537=IFCDIRECTION((1.,0.,0.));
#2538=IFCAXIS2PLACEMENT3D(#2535,#2536,#2537);
#2539=IFCDIRECTION((0.,0.,1.));
#2540=IFCEXTRUDEDAREASOLID(#2534,#2538,#2539,0.02);
#2541=IFCEXTRUDEDAREASOLID(#2542,#2545,#2549,0.02);
#2542=IFCARBITRARYCLOSEDPROFILEDEF(.AREA.,$,#2543);
#2543=IFCINDEXEDPOLYCURVE(#2544,(IFCLINEINDEX((1,2,3,4,5,6,1))),$);
#2544=IFCCARTESIANPOINTLIST2D(((0.,0.),(0.,0.040000000000000008),(-0.11999999999999988,0.040000000000000008),(-0.11999999999999988,0.020000000000000004),(-0.020000000000000018,0.020000000000000004),(-0.020000000000000018,0.)));
#2545=IFCAXIS2PLACEMENT3D(#2546,#2547,#2548);
#2546=IFCCARTESIANPOINT((0.63043658696115012,0.060000000521540642,1.015000000372529));
#2547=IFCDIRECTION((0.,0.,1.));
#2548=IFCDIRECTION((1.,0.,0.));
#2549=IFCDIRECTION((0.,0.,1.));
#2550=IFCSHAPEREPRESENTATION(#11,'Body','SweptSolid',(#2486,#2495,#2531,#2540,#2541,#2504,#2513,#2522));
#2551=IFCCARTESIANPOINTLIST2D(((0.,0.),(0.,0.05000000074505806),(0.02500000037252903,0.05000000074505806),(0.02500000037252903,0.02500000037252903),(0.05000000074505806,0.02500000037252903),(0.05000000074505806,0.)));
#2552=IFCINDEXEDPOLYCURVE(#2551,(IFCLINEINDEX((1,2,3,4,5,6,1))),$);
#2553=IFCINDEXEDPOLYCURVE(#2554,(IFCLINEINDEX((1,2,3,4,5,6,1))),$);
#2554=IFCCARTESIANPOINTLIST2D(((0.7054365873336792,0.),(0.7054365873336792,0.05000000074505806),(0.68043658696115017,0.05000000074505806),(0.68043658696115017,0.02500000037252903),(0.65543658658862114,0.02500000037252903),(0.65543658658862114,0.)));
#2555=IFCDIRECTION((1.,0.));
#2556=IFCCARTESIANPOINT((0.060000000521540642,0.05000000074505806));
#2557=IFCAXIS2PLACEMENT2D(#2556,#2555);
#2558=IFCELLIPSE(#2557,0.62043658643960953,0.65543658658862114);
#2559=IFCCARTESIANPOINT((0.68043658696115017,0.05000000074505806));
#2560=IFCCARTESIANPOINT((0.060000000521540642,0.7054365873336792));
#2561=IFCTRIMMEDCURVE(#2558,(#2559),(#2560),.T.,.CARTESIAN.);
#2562=IFCCARTESIANPOINTLIST2D(((0.02500000037252903,0.05000000074505806),(0.060000000521540642,0.05000000074505806),(0.060000000521540642,0.7054365873336792),(0.02500000037252903,0.7054365873336792)));
#2563=IFCINDEXEDPOLYCURVE(#2562,(IFCLINEINDEX((1,2,3,4,1))),$);
#2564=IFCSHAPEREPRESENTATION(#24,'Body','Curve2D',(#2552,#2553,#2561,#2563));
#2565=IFCCARTESIANPOINTLIST2D(((0.,0.),(0.7054365873336792,0.),(0.7054365873336792,2.),(0.,2.)));
#2566=IFCINDEXEDPOLYCURVE(#2565,(IFCLINEINDEX((1,2,3,4,1))),$);
#2567=IFCARBITRARYCLOSEDPROFILEDEF(.AREA.,$,#2566);
#2568=IFCCARTESIANPOINT((0.,-0.60000002384185791,0.));
#2569=IFCDIRECTION((0.,-1.,0.));
#2570=IFCDIRECTION((1.,0.,0.));
#2571=IFCAXIS2PLACEMENT3D(#2568,#2569,#2570);
#2572=IFCDIRECTION((0.,0.,-1.));
#2573=IFCEXTRUDEDAREASOLID(#2567,#2571,#2572,1.2);
#2574=IFCSHAPEREPRESENTATION(#11,'Body','SweptSolid',(#2573));
#2580=IFCCARTESIANPOINT((0.072088238656542014,0.014999999730983538,0.));
#2581=IFCDIRECTION((0.,0.,1.));
#2582=IFCDIRECTION((0.99999999999999289,-1.1920928955077312E-07,0.));
#2583=IFCAXIS2PLACEMENT3D(#2580,#2581,#2582);
#2584=IFCLOCALPLACEMENT(#792,#2583);
#2585=IFCCARTESIANPOINT((4.4408920985006262E-16,-2.2204460492503131E-16,0.));
#2586=IFCDIRECTION((0.,0.,1.));
#2587=IFCDIRECTION((0.99999999999999989,0.,0.));
#2588=IFCAXIS2PLACEMENT3D(#2585,#2586,#2587);
#2589=IFCLOCALPLACEMENT(#2584,#2588);
#2590=IFCDOORTYPE('0fGOp27gPF$vvKnt75nlMp',$,'Maids-GF',$,$,(#2591),(#2593,#2601,#2679,#3170),$,$,.DOOR.,.SINGLE_SWING_LEFT.,$,$);
#2591=IFCPROPERTYSET('2ZG6Rp$HLCDRS4lienxLm5',$,'BBIM_Door',$,(#2592));
#2592=IFCPROPERTYSINGLEVALUE('Data',$,IFCTEXT('{"door_type": "SLIDING_TO_RIGHT", "overall_height": 2.0, "overall_width": 1.6585674285888672, "lining_properties": {"lining_depth": 0.05000000074505806, "lining_thickness": 0.05000000074505806, "lining_offset": 0.0, "transom_thickness": 0.0, "casing_thickness": 0.07500000298023224, "casing_depth": 0.004999999888241291, "threshold_thickness": 0.02500000037252903, "threshold_depth": 0.10000000149011612, "threshold_offset": 0.0}, "panel_properties": {"panel_depth": 0.03500000014901161, "panel_width_ratio": 1.0}}'),$);
#2593=IFCREPRESENTATIONMAP(#2594,#3085);
#2594=IFCAXIS2PLACEMENT3D(#2595,#2596,#2597);
#2595=IFCCARTESIANPOINT((0.,0.,0.));
#2596=IFCDIRECTION((0.,0.,1.));
#2597=IFCDIRECTION((1.,0.,0.));
#2601=IFCREPRESENTATIONMAP(#2602,#3149);
#2602=IFCAXIS2PLACEMENT3D(#2603,#2604,#2605);
#2603=IFCCARTESIANPOINT((0.,0.,0.));
#2604=IFCDIRECTION((0.,0.,1.));
#2605=IFCDIRECTION((1.,0.,0.));
#2679=IFCREPRESENTATIONMAP(#2680,#3160);
#2680=IFCAXIS2PLACEMENT3D(#2681,#2682,#2683);
#2681=IFCCARTESIANPOINT((0.,0.,0.));
#2682=IFCDIRECTION((0.,0.,1.));
#2683=IFCDIRECTION((1.,0.,0.));
#2763=IFCDOOR('36XysP7$P7Nv90Vy0ldnku',$,'Door',$,$,#3202,#2772,$,2.,1.6585674285888672,$,.SLIDING_TO_RIGHT.,$);
#2764=IFCRELDEFINESBYTYPE('0GX6GzFVvF5OSp9PaJZnVc',$,$,$,(#2763),#2590);
#2765=IFCCARTESIANPOINT((0.,0.,0.));
#2766=IFCDIRECTION((1.,0.,0.));
#2767=IFCDIRECTION((0.,1.,0.));
#2768=IFCDIRECTION((0.,0.,1.));
#2769=IFCCARTESIANTRANSFORMATIONOPERATOR3D(#2766,#2767,#2765,1.,#2768);
#2770=IFCMAPPEDITEM(#2593,#2769);
#2771=IFCSHAPEREPRESENTATION(#18,'Profile','MappedRepresentation',(#2770));
#2772=IFCPRODUCTDEFINITIONSHAPE($,$,(#2771,#2779,#2786,#3177));
#2773=IFCCARTESIANPOINT((0.,0.,0.));
#2774=IFCDIRECTION((1.,0.,0.));
#2775=IFCDIRECTION((0.,1.,0.));
#2776=IFCDIRECTION((0.,0.,1.));
#2777=IFCCARTESIANTRANSFORMATIONOPERATOR3D(#2774,#2775,#2773,1.,#2776);
#2778=IFCMAPPEDITEM(#2601,#2777);
#2779=IFCSHAPEREPRESENTATION(#11,'Body','MappedRepresentation',(#2778));
#2780=IFCCARTESIANPOINT((0.,0.,0.));
#2781=IFCDIRECTION((1.,0.,0.));
#2782=IFCDIRECTION((0.,1.,0.));
#2783=IFCDIRECTION((0.,0.,1.));
#2784=IFCCARTESIANTRANSFORMATIONOPERATOR3D(#2781,#2782,#2780,1.,#2783);
#2785=IFCMAPPEDITEM(#2679,#2784);
#2786=IFCSHAPEREPRESENTATION(#24,'Body','MappedRepresentation',(#2785));
#2787=IFCOPENINGELEMENT('2nxMJyXQrC98VaQScSDEQt',$,'Opening',$,$,#3197,#2815,$,.OPENING.);
#2803=IFCCARTESIANPOINT((0.,0.,0.));
#2804=IFCDIRECTION((1.,0.,0.));
#2805=IFCDIRECTION((0.,0.,1.));
#2806=IFCAXIS2PLACEMENT3D(#2803,#2805,#2804);
#2807=IFCREPRESENTATIONMAP(#2806,#3187);
#2808=IFCCARTESIANPOINT((0.,0.,0.));
#2809=IFCDIRECTION((1.,0.,0.));
#2810=IFCDIRECTION((0.,1.,0.));
#2811=IFCDIRECTION((0.,0.,1.));
#2812=IFCCARTESIANTRANSFORMATIONOPERATOR3D(#2809,#2810,#2808,1.,#2811);
#2813=IFCMAPPEDITEM(#2807,#2812);
#2814=IFCSHAPEREPRESENTATION(#11,'Body','MappedRepresentation',(#2813));
#2815=IFCPRODUCTDEFINITIONSHAPE($,$,(#2814));
#2816=IFCRELVOIDSELEMENT('2lpbAMX0jAtRDfE0pwtPAG',$,$,$,#845,#2787);
#2822=IFCRELFILLSELEMENT('1cQrgX3IPBfhUDo7kVuKGF',$,$,$,#2787,#2763);
#3083=IFCCARTESIANPOINTLIST3D(((0.,0.,0.),(1.6585674285888672,0.,0.),(1.6585674285888672,0.,2.),(0.,0.,2.)));
#3084=IFCINDEXEDPOLYCURVE(#3083,(IFCLINEINDEX((1,2,3,4,1))),$);
#3085=IFCSHAPEREPRESENTATION(#18,'Profile','Curve3D',(#3084));
#3086=IFCCARTESIANPOINTLIST2D(((0.,0.),(0.,2.),(1.6585674285888672,2.),(1.6585674285888672,0.),(1.6085674278438091,0.),(1.6085674278438091,1.9499999992549419),(0.05000000074505806,1.9499999992549419),(0.05000000074505806,0.)));
#3087=IFCINDEXEDPOLYCURVE(#3086,(IFCLINEINDEX((1,2,3,4,5,6,7,8,1))),$);
#3088=IFCARBITRARYCLOSEDPROFILEDEF(.AREA.,$,#3087);
#3089=IFCCARTESIANPOINT((0.,0.,0.));
#3090=IFCDIRECTION((0.,-1.,0.));
#3091=IFCDIRECTION((1.,0.,0.));
#3092=IFCAXIS2PLACEMENT3D(#3089,#3090,#3091);
#3093=IFCDIRECTION((0.,0.,-1.));
#3094=IFCEXTRUDEDAREASOLID(#3088,#3092,#3093,0.05000000074505806);
#3095=IFCCARTESIANPOINTLIST2D(((0.,0.),(1.5585674270987511,0.),(1.5585674270987511,0.10000000149011612),(0.,0.10000000149011612)));
#3096=IFCINDEXEDPOLYCURVE(#3095,(IFCLINEINDEX((1,2,3,4,1))),$);
#3097=IFCARBITRARYCLOSEDPROFILEDEF(.AREA.,$,#3096);
#3098=IFCCARTESIANPOINT((0.05000000074505806,0.,0.));
#3099=IFCDIRECTION((0.,0.,1.));
#3100=IFCDIRECTION((1.,0.,0.));
#3101=IFCAXIS2PLACEMENT3D(#3098,#3099,#3100);
#3102=IFCDIRECTION((0.,0.,1.));
#3103=IFCEXTRUDEDAREASOLID(#3097,#3101,#3102,0.02500000037252903);
#3104=IFCCARTESIANPOINTLIST2D(((0.,0.),(0.,2.0250000022351742),(1.7085674330592155,2.0250000022351742),(1.7085674330592155,0.),(1.6335674300789833,0.),(1.6335674300789833,1.9499999992549419),(0.075000002980232239,1.9499999992549419),(0.075000002980232239,0.)));
#3105=IFCINDEXEDPOLYCURVE(#3104,(IFCLINEINDEX((1,2,3,4,5,6,7,8,1))),$);
#3106=IFCARBITRARYCLOSEDPROFILEDEF(.AREA.,$,#3105);
#3107=IFCCARTESIANPOINT((-0.025000002235174179,-0.004999999888241291,0.));
#3108=IFCDIRECTION((0.,-1.,0.));
#3109=IFCDIRECTION((1.,0.,0.));
#3110=IFCAXIS2PLACEMENT3D(#3107,#3108,#3109);
#3111=IFCDIRECTION((0.,0.,-1.));
#3112=IFCEXTRUDEDAREASOLID(#3106,#3110,#3111,0.004999999888241291);
#3113=IFCCARTESIANPOINTLIST2D(((0.,0.),(0.,2.0250000022351742),(1.7085674330592155,2.0250000022351742),(1.7085674330592155,0.),(1.6335674300789833,0.),(1.6335674300789833,1.9499999992549419),(0.075000002980232239,1.9499999992549419),(0.075000002980232239,0.)));
#3114=IFCINDEXEDPOLYCURVE(#3113,(IFCLINEINDEX((1,2,3,4,5,6,7,8,1))),$);
#3115=IFCARBITRARYCLOSEDPROFILEDEF(.AREA.,$,#3114);
#3116=IFCCARTESIANPOINT((-0.025000002235174179,0.05000000074505806,0.));
#3117=IFCDIRECTION((0.,-1.,0.));
#3118=IFCDIRECTION((1.,0.,0.));
#3119=IFCAXIS2PLACEMENT3D(#3116,#3117,#3118);
#3120=IFCDIRECTION((0.,0.,-1.));
#3121=IFCEXTRUDEDAREASOLID(#3115,#3119,#3120,0.004999999888241291);
#3122=IFCCARTESIANPOINTLIST2D(((0.,0.),(1.5585674270987511,0.),(1.5585674270987511,0.035000000149011612),(0.,0.035000000149011612)));
#3123=IFCINDEXEDPOLYCURVE(#3122,(IFCLINEINDEX((1,2,3,4,1))),$);
#3124=IFCARBITRARYCLOSEDPROFILEDEF(.AREA.,$,#3123);
#3125=IFCCARTESIANPOINT((0.05000000074505806,-0.035000000149011612,0.02500000037252903));
#3126=IFCDIRECTION((0.,0.,1.));
#3127=IFCDIRECTION((1.,0.,0.));
#3128=IFCAXIS2PLACEMENT3D(#3125,#3126,#3127);
#3129=IFCDIRECTION((0.,0.,1.));
#3130=IFCEXTRUDEDAREASOLID(#3124,#3128,#3129,1.9249999988824129);
#3131=IFCCARTESIANPOINTLIST2D(((0.,0.),(0.,-0.040000000000000001),(0.12,-0.040000000000000001),(0.12,-0.02),(0.02,-0.02),(0.02,0.)));
#3132=IFCINDEXEDPOLYCURVE(#3131,(IFCLINEINDEX((1,2,3,4,5,6,1))),$);
#3133=IFCARBITRARYCLOSEDPROFILEDEF(.AREA.,$,#3132);
#3134=IFCCARTESIANPOINT((0.10000000074505806,-0.035000000149011612,1.015000000372529));
#3135=IFCDIRECTION((0.,0.,1.));
#3136=IFCDIRECTION((1.,0.,0.));
#3137=IFCAXIS2PLACEMENT3D(#3134,#3135,#3136);
#3138=IFCDIRECTION((0.,0.,1.));
#3139=IFCEXTRUDEDAREASOLID(#3133,#3137,#3138,0.02);
#3140=IFCEXTRUDEDAREASOLID(#3141,#3144,#3148,0.02);
#3141=IFCARBITRARYCLOSEDPROFILEDEF(.AREA.,$,#3142);
#3142=IFCINDEXEDPOLYCURVE(#3143,(IFCLINEINDEX((1,2,3,4,5,6,1))),$);
#3143=IFCCARTESIANPOINTLIST2D(((0.,0.),(0.,0.040000000000000008),(0.11999999999999998,0.040000000000000008),(0.11999999999999998,0.020000000000000004),(0.020000000000000004,0.020000000000000004),(0.020000000000000004,0.)));
#3144=IFCAXIS2PLACEMENT3D(#3145,#3146,#3147);
#3145=IFCCARTESIANPOINT((0.10000000074505806,0.,1.015000000372529));
#3146=IFCDIRECTION((0.,0.,1.));
#3147=IFCDIRECTION((1.,0.,0.));
#3148=IFCDIRECTION((0.,0.,1.));
#3149=IFCSHAPEREPRESENTATION(#11,'Body','SweptSolid',(#3094,#3130,#3139,#3140,#3103,#3112,#3121));
#3150=IFCSHAPEREPRESENTATION(#11,'Body','SweptSolid',(#3094,#3103,#3112,#3121));
#3151=IFCSHAPEASPECT((#3150),'Lining',$,.T.,#2772);
#3152=IFCSHAPEREPRESENTATION(#11,'Body','SweptSolid',(#3130,#3139,#3140));
#3153=IFCSHAPEASPECT((#3152),'Framing',$,.T.,#2772);
#3154=IFCCARTESIANPOINTLIST2D(((0.,0.),(0.05000000074505806,0.),(0.05000000074505806,0.05000000074505806),(0.,0.05000000074505806)));
#3155=IFCINDEXEDPOLYCURVE(#3154,(IFCLINEINDEX((1,2,3,4,1))),$);
#3156=IFCINDEXEDPOLYCURVE(#3157,(IFCLINEINDEX((1,2,3,4,1))),$);
#3157=IFCCARTESIANPOINTLIST2D(((1.6585674285888672,0.),(1.6085674278438091,0.),(1.6085674278438091,0.05000000074505806),(1.6585674285888672,0.05000000074505806)));
#3158=IFCCARTESIANPOINTLIST2D(((2.3878511413931847,-0.035000000149011612),(0.82928371429443359,-0.035000000149011612),(0.82928371429443359,0.),(2.3878511413931847,0.)));
#3159=IFCINDEXEDPOLYCURVE(#3158,(IFCLINEINDEX((1,2,3,4,1))),$);
#3160=IFCSHAPEREPRESENTATION(#24,'Body','Curve2D',(#3155,#3156,#3159));
#3161=IFCCARTESIANPOINTLIST2D(((0.59549860022962087,-0.081587428267465345),(1.0630688283592462,-0.081587428267465345)));
#3162=IFCINDEXEDPOLYCURVE(#3161,$,$);
#3163=IFCCARTESIANPOINTLIST2D(((0.62549860022962089,-0.050529142855162856),(0.59549860022962087,-0.081587428267465345),(0.62549860022962089,-0.11264571367976783)));
#3164=IFCINDEXEDPOLYCURVE(#3163,$,$);
#3165=IFCSHAPEREPRESENTATION(#25,'Annotation','Curve2D',(#3162,#3164));
#3166=IFCCARTESIANPOINT((0.,0.,0.));
#3167=IFCDIRECTION((1.,0.,0.));
#3168=IFCDIRECTION((0.,0.,1.));
#3169=IFCAXIS2PLACEMENT3D(#3166,#3168,#3167);
#3170=IFCREPRESENTATIONMAP(#3169,#3165);
#3171=IFCCARTESIANPOINT((0.,0.,0.));
#3172=IFCDIRECTION((1.,0.,0.));
#3173=IFCDIRECTION((0.,1.,0.));
#3174=IFCDIRECTION((0.,0.,1.));
#3175=IFCCARTESIANTRANSFORMATIONOPERATOR3D(#3172,#3173,#3171,1.,#3174);
#3176=IFCMAPPEDITEM(#3170,#3175);
#3177=IFCSHAPEREPRESENTATION(#25,'Annotation','MappedRepresentation',(#3176));
#3178=IFCCARTESIANPOINTLIST2D(((0.,0.),(1.6585674285888672,0.),(1.6585674285888672,2.),(0.,2.)));
#3179=IFCINDEXEDPOLYCURVE(#3178,(IFCLINEINDEX((1,2,3,4,1))),$);
#3180=IFCARBITRARYCLOSEDPROFILEDEF(.AREA.,$,#3179);
#3181=IFCCARTESIANPOINT((0.,-0.60000002384185791,0.));
#3182=IFCDIRECTION((0.,-1.,0.));
#3183=IFCDIRECTION((1.,0.,0.));
#3184=IFCAXIS2PLACEMENT3D(#3181,#3182,#3183);
#3185=IFCDIRECTION((0.,0.,-1.));
#3186=IFCEXTRUDEDAREASOLID(#3180,#3184,#3185,1.2);
#3187=IFCSHAPEREPRESENTATION(#11,'Body','SweptSolid',(#3186));
#3193=IFCCARTESIANPOINT((0.058949548719457123,0.075000309058037118,0.));
#3194=IFCDIRECTION((0.,0.,1.));
#3195=IFCDIRECTION((0.99999999999988631,-4.7683715820291007E-07,0.));
#3196=IFCAXIS2PLACEMENT3D(#3193,#3194,#3195);
#3197=IFCLOCALPLACEMENT(#1065,#3196);
#3198=IFCCARTESIANPOINT((-1.1102230246251565E-16,4.4408920985006262E-16,0.));
#3199=IFCDIRECTION((0.,0.,1.));
#3200=IFCDIRECTION((1.,1.0587911840678754E-22,0.));
#3201=IFCAXIS2PLACEMENT3D(#3198,#3199,#3200);
#3202=IFCLOCALPLACEMENT(#3197,#3201);
#3347=IFCWINDOWTYPE('1ZKMUOekX1Efx2gn7HqQmt',$,'Living-GF',$,$,(#3348),(#3357,#3405,#3427),$,$,.WINDOW.,.SINGLE_PANEL.,$,$);
#3348=IFCPROPERTYSET('1emb3Wgxz3jBbXM2vMuPMr',$,'BBIM_Window',$,(#3349));
#3349=IFCPROPERTYSINGLEVALUE('Data',$,IFCTEXT('{"window_type": "SINGLE_PANEL", "overall_height": 0.8999999761581421, "overall_width": 0.8035346269607544, "lining_properties": {"lining_depth": 0.05000000074505806, "lining_thickness": 0.05000000074505806, "lining_offset": 0.05000000074505806, "lining_to_panel_offset_x": 0.02500000037252903, "lining_to_panel_offset_y": 0.02500000037252903}, "panel_properties": {"frame_depth": [0.03500000014901161, 0.03500000014901161, 0.03500000014901161], "frame_thickness": [0.03500000014901161, 0.03500000014901161, 0.03500000014901161]}}'),$);
#3353=IFCCARTESIANPOINT((0.,0.,0.));
#3354=IFCDIRECTION((1.,0.,0.));
#3355=IFCDIRECTION((0.,0.,1.));
#3356=IFCAXIS2PLACEMENT3D(#3353,#3355,#3354);
#3357=IFCREPRESENTATIONMAP(#3356,#3604);
#3401=IFCCARTESIANPOINT((0.,0.,0.));
#3402=IFCDIRECTION((1.,0.,0.));
#3403=IFCDIRECTION((0.,0.,1.));
#3404=IFCAXIS2PLACEMENT3D(#3401,#3403,#3402);
#3405=IFCREPRESENTATIONMAP(#3404,#3647);
#3423=IFCCARTESIANPOINT((0.,0.,0.));
#3424=IFCDIRECTION((1.,0.,0.));
#3425=IFCDIRECTION((0.,0.,1.));
#3426=IFCAXIS2PLACEMENT3D(#3423,#3425,#3424);
#3427=IFCREPRESENTATIONMAP(#3426,#3664);
#3428=IFCWINDOW('3jkYQMn2X6jx1nJvqBX6oG',$,'Window',$,$,#5210,#3437,$,0.89999997615814209,0.80353462696075439,$,.SINGLE_PANEL.,$);
#3429=IFCRELDEFINESBYTYPE('1chll5RW14PPscekFco1Ly',$,$,$,(#3428),#3347);
#3430=IFCCARTESIANPOINT((0.,0.,0.));
#3431=IFCDIRECTION((1.,0.,0.));
#3432=IFCDIRECTION((0.,1.,0.));
#3433=IFCDIRECTION((0.,0.,1.));
#3434=IFCCARTESIANTRANSFORMATIONOPERATOR3D(#3431,#3432,#3430,1.,#3433);
#3435=IFCMAPPEDITEM(#3357,#3434);
#3436=IFCSHAPEREPRESENTATION(#18,'Profile','MappedRepresentation',(#3435));
#3437=IFCPRODUCTDEFINITIONSHAPE($,$,(#3436,#3444,#3451));
#3438=IFCCARTESIANPOINT((0.,0.,0.));
#3439=IFCDIRECTION((1.,0.,0.));
#3440=IFCDIRECTION((0.,1.,0.));
#3441=IFCDIRECTION((0.,0.,1.));
#3442=IFCCARTESIANTRANSFORMATIONOPERATOR3D(#3439,#3440,#3438,1.,#3441);
#3443=IFCMAPPEDITEM(#3405,#3442);
#3444=IFCSHAPEREPRESENTATION(#11,'Body','MappedRepresentation',(#3443));
#3445=IFCCARTESIANPOINT((0.,0.,0.));
#3446=IFCDIRECTION((1.,0.,0.));
#3447=IFCDIRECTION((0.,1.,0.));
#3448=IFCDIRECTION((0.,0.,1.));
#3449=IFCCARTESIANTRANSFORMATIONOPERATOR3D(#3446,#3447,#3445,1.,#3448);
#3450=IFCMAPPEDITEM(#3427,#3449);
#3451=IFCSHAPEREPRESENTATION(#24,'Body','MappedRepresentation',(#3450));
#3452=IFCOPENINGELEMENT('1kh9Yk4Q91Wv3FF9cq5IWq',$,'Opening',$,$,#3714,#3480,$,.OPENING.);
#3468=IFCCARTESIANPOINT((0.,0.,0.));
#3469=IFCDIRECTION((1.,0.,0.));
#3470=IFCDIRECTION((0.,0.,1.));
#3471=IFCAXIS2PLACEMENT3D(#3468,#3470,#3469);
#3472=IFCREPRESENTATIONMAP(#3471,#3674);
#3473=IFCCARTESIANPOINT((0.,0.,0.));
#3474=IFCDIRECTION((1.,0.,0.));
#3475=IFCDIRECTION((0.,1.,0.));
#3476=IFCDIRECTION((0.,0.,1.));
#3477=IFCCARTESIANTRANSFORMATIONOPERATOR3D(#3474,#3475,#3473,1.,#3476);
#3478=IFCMAPPEDITEM(#3472,#3477);
#3479=IFCSHAPEREPRESENTATION(#11,'Body','MappedRepresentation',(#3478));
#3480=IFCPRODUCTDEFINITIONSHAPE($,$,(#3479));
#3481=IFCRELVOIDSELEMENT('2iTarLfev3q8yAteRCASQv',$,$,$,#127,#3452);
#3487=IFCRELFILLSELEMENT('27pCltkt17Qw$2AV1d5qNB',$,$,$,#3452,#3428);
#3496=IFCCARTESIANPOINTLIST2D(((0.,0.),(0.6465221643447876,0.),(0.6465221643447876,0.89999997615814209),(0.,0.89999997615814209)));
#3497=IFCINDEXEDPOLYCURVE(#3496,(IFCLINEINDEX((1,2,3,4,1))),$);
#3498=IFCCARTESIANPOINTLIST2D(((0.02500000037252903,0.02500000037252903),(0.62152216397225857,0.02500000037252903),(0.62152216397225857,0.87499997578561306),(0.02500000037252903,0.87499997578561306)));
#3499=IFCINDEXEDPOLYCURVE(#3498,(IFCLINEINDEX((1,2,3,4,1))),$);
#3500=IFCARBITRARYPROFILEDEFWITHVOIDS(.AREA.,$,#3497,(#3499));
#3501=IFCCARTESIANPOINT((0.,0.090000001713633537,0.));
#3502=IFCDIRECTION((0.,-1.,0.));
#3503=IFCDIRECTION((1.,0.,0.));
#3504=IFCAXIS2PLACEMENT3D(#3501,#3502,#3503);
#3505=IFCDIRECTION((0.,0.,-1.));
#3506=IFCEXTRUDEDAREASOLID(#3500,#3504,#3505,0.0099999997764825821);
#3507=IFCCARTESIANPOINTLIST2D(((0.,0.),(0.6465221643447876,0.),(0.6465221643447876,0.89999997615814209),(0.,0.89999997615814209)));
#3508=IFCINDEXEDPOLYCURVE(#3507,(IFCLINEINDEX((1,2,3,4,1))),$);
#3509=IFCCARTESIANPOINTLIST2D(((0.05000000074505806,0.05000000074505806),(0.59652216359972954,0.05000000074505806),(0.59652216359972954,0.84999997541308403),(0.05000000074505806,0.84999997541308403)));
#3510=IFCINDEXEDPOLYCURVE(#3509,(IFCLINEINDEX((1,2,3,4,1))),$);
#3511=IFCARBITRARYPROFILEDEFWITHVOIDS(.AREA.,$,#3508,(#3510));
#3512=IFCCARTESIANPOINT((0.,0.05000000074505806,0.));
#3513=IFCDIRECTION((0.,-1.,0.));
#3514=IFCDIRECTION((1.,0.,0.));
#3515=IFCAXIS2PLACEMENT3D(#3512,#3513,#3514);
#3516=IFCDIRECTION((0.,0.,-1.));
#3517=IFCEXTRUDEDAREASOLID(#3511,#3515,#3516,0.040000000968575478);
#3518=IFCCARTESIANPOINTLIST2D(((0.,0.),(0.59652216359972954,0.),(0.59652216359972954,0.84999997541308403),(0.,0.84999997541308403)));
#3519=IFCINDEXEDPOLYCURVE(#3518,(IFCLINEINDEX((1,2,3,4,1))),$);
#3520=IFCCARTESIANPOINTLIST2D(((0.035000000149011612,0.035000000149011612),(0.56152216345071793,0.035000000149011612),(0.56152216345071793,0.81499997526407242),(0.035000000149011612,0.81499997526407242)));
#3521=IFCINDEXEDPOLYCURVE(#3520,(IFCLINEINDEX((1,2,3,4,1))),$);
#3522=IFCARBITRARYPROFILEDEFWITHVOIDS(.AREA.,$,#3519,(#3521));
#3523=IFCCARTESIANPOINT((0.02500000037252903,0.090000001713633537,0.02500000037252903));
#3524=IFCDIRECTION((0.,-1.,0.));
#3525=IFCDIRECTION((1.,0.,0.));
#3526=IFCAXIS2PLACEMENT3D(#3523,#3524,#3525);
#3527=IFCDIRECTION((0.,0.,-1.));
#3528=IFCEXTRUDEDAREASOLID(#3522,#3526,#3527,0.035000000149011612);
#3529=IFCINDEXEDPOLYCURVE(#3530,(IFCLINEINDEX((1,2,3,4,1))),$);
#3530=IFCCARTESIANPOINTLIST2D(((0.035000000149011612,0.035000000149011612),(0.56152216345071793,0.035000000149011612),(0.56152216345071793,0.81499997526407242),(0.035000000149011612,0.81499997526407242)));
#3531=IFCARBITRARYCLOSEDPROFILEDEF(.AREA.,$,#3529);
#3532=IFCCARTESIANPOINT((0.02500000037252903,0.10250000178813934,0.02500000037252903));
#3533=IFCDIRECTION((0.,-1.,0.));
#3534=IFCDIRECTION((1.,0.,0.));
#3535=IFCAXIS2PLACEMENT3D(#3532,#3533,#3534);
#3536=IFCDIRECTION((0.,0.,-1.));
#3537=IFCEXTRUDEDAREASOLID(#3531,#3535,#3536,0.01);
#3539=IFCSHAPEREPRESENTATION(#11,'Body','SweptSolid',(#3615,#3517,#3626,#3506));
#3540=IFCSHAPEASPECT((#3539),'Lining',$,.T.,#3437);
#3541=IFCSHAPEREPRESENTATION(#11,'Body','SweptSolid',(#3637,#3528));
#3542=IFCSHAPEASPECT((#3541),'Framing',$,.T.,#3437);
#3543=IFCSHAPEREPRESENTATION(#11,'Body','SweptSolid',(#3537,#3646));
#3544=IFCSHAPEASPECT((#3543),'Glazing',$,.T.,#3437);
#3602=IFCCARTESIANPOINTLIST3D(((0.,0.,0.),(0.80353462696075439,0.,0.),(0.80353462696075439,0.,0.89999997615814209),(0.,0.,0.89999997615814209)));
#3603=IFCINDEXEDPOLYCURVE(#3602,(IFCLINEINDEX((1,2,3,4,1))),$);
#3604=IFCSHAPEREPRESENTATION(#18,'Profile','Curve3D',(#3603));
#3605=IFCCARTESIANPOINTLIST2D(((0.,0.),(0.80353462696075439,0.),(0.80353462696075439,0.89999997615814209),(0.,0.89999997615814209)));
#3606=IFCINDEXEDPOLYCURVE(#3605,(IFCLINEINDEX((1,2,3,4,1))),$);
#3607=IFCCARTESIANPOINTLIST2D(((0.02500000037252903,0.02500000037252903),(0.77853462658822536,0.02500000037252903),(0.77853462658822536,0.87499997578561306),(0.02500000037252903,0.87499997578561306)));
#3608=IFCINDEXEDPOLYCURVE(#3607,(IFCLINEINDEX((1,2,3,4,1))),$);
#3609=IFCARBITRARYPROFILEDEFWITHVOIDS(.AREA.,$,#3606,(#3608));
#3610=IFCCARTESIANPOINT((0.,0.090000001713633537,0.));
#3611=IFCDIRECTION((0.,-1.,0.));
#3612=IFCDIRECTION((1.,0.,0.));
#3613=IFCAXIS2PLACEMENT3D(#3610,#3611,#3612);
#3614=IFCDIRECTION((0.,0.,-1.));
#3615=IFCEXTRUDEDAREASOLID(#3609,#3613,#3614,0.0099999997764825821);
#3616=IFCCARTESIANPOINTLIST2D(((0.,0.),(0.80353462696075439,0.),(0.80353462696075439,0.89999997615814209),(0.,0.89999997615814209)));
#3617=IFCINDEXEDPOLYCURVE(#3616,(IFCLINEINDEX((1,2,3,4,1))),$);
#3618=IFCCARTESIANPOINTLIST2D(((0.05000000074505806,0.05000000074505806),(0.75353462621569633,0.05000000074505806),(0.75353462621569633,0.84999997541308403),(0.05000000074505806,0.84999997541308403)));
#3619=IFCINDEXEDPOLYCURVE(#3618,(IFCLINEINDEX((1,2,3,4,1))),$);
#3620=IFCARBITRARYPROFILEDEFWITHVOIDS(.AREA.,$,#3617,(#3619));
#3621=IFCCARTESIANPOINT((0.,0.05000000074505806,0.));
#3622=IFCDIRECTION((0.,-1.,0.));
#3623=IFCDIRECTION((1.,0.,0.));
#3624=IFCAXIS2PLACEMENT3D(#3621,#3622,#3623);
#3625=IFCDIRECTION((0.,0.,-1.));
#3626=IFCEXTRUDEDAREASOLID(#3620,#3624,#3625,0.040000000968575478);
#3627=IFCCARTESIANPOINTLIST2D(((0.,0.),(0.75353462621569633,0.),(0.75353462621569633,0.84999997541308403),(0.,0.84999997541308403)));
#3628=IFCINDEXEDPOLYCURVE(#3627,(IFCLINEINDEX((1,2,3,4,1))),$);
#3629=IFCCARTESIANPOINTLIST2D(((0.035000000149011612,0.035000000149011612),(0.71853462606668472,0.035000000149011612),(0.71853462606668472,0.81499997526407242),(0.035000000149011612,0.81499997526407242)));
#3630=IFCINDEXEDPOLYCURVE(#3629,(IFCLINEINDEX((1,2,3,4,1))),$);
#3631=IFCARBITRARYPROFILEDEFWITHVOIDS(.AREA.,$,#3628,(#3630));
#3632=IFCCARTESIANPOINT((0.02500000037252903,0.090000001713633537,0.02500000037252903));
#3633=IFCDIRECTION((0.,-1.,0.));
#3634=IFCDIRECTION((1.,0.,0.));
#3635=IFCAXIS2PLACEMENT3D(#3632,#3633,#3634);
#3636=IFCDIRECTION((0.,0.,-1.));
#3637=IFCEXTRUDEDAREASOLID(#3631,#3635,#3636,0.035000000149011612);
#3638=IFCINDEXEDPOLYCURVE(#3639,(IFCLINEINDEX((1,2,3,4,1))),$);
#3639=IFCCARTESIANPOINTLIST2D(((0.035000000149011612,0.035000000149011612),(0.71853462606668472,0.035000000149011612),(0.71853462606668472,0.81499997526407242),(0.035000000149011612,0.81499997526407242)));
#3640=IFCARBITRARYCLOSEDPROFILEDEF(.AREA.,$,#3638);
#3641=IFCCARTESIANPOINT((0.02500000037252903,0.10250000178813934,0.02500000037252903));
#3642=IFCDIRECTION((0.,-1.,0.));
#3643=IFCDIRECTION((1.,0.,0.));
#3644=IFCAXIS2PLACEMENT3D(#3641,#3642,#3643);
#3645=IFCDIRECTION((0.,0.,-1.));
#3646=IFCEXTRUDEDAREASOLID(#3640,#3644,#3645,0.01);
#3647=IFCSHAPEREPRESENTATION(#11,'Body','SweptSolid',(#3615,#3626,#3637,#3646));
#3648=IFCCARTESIANPOINTLIST2D(((0.05000000074505806,0.05000000074505806),(0.75353462621569633,0.05000000074505806)));
#3649=IFCINDEXEDPOLYCURVE(#3648,$,$);
#3650=IFCCARTESIANPOINTLIST2D(((0.,0.10000000149011612),(0.02500000037252903,0.10000000149011612),(0.02500000037252903,0.090000001713633537),(0.05000000074505806,0.090000001713633537),(0.05000000074505806,0.05000000074505806),(0.,0.05000000074505806)));
#3651=IFCINDEXEDPOLYCURVE(#3650,(IFCLINEINDEX((1,2,3,4,5,6,1))),$);
#3652=IFCCARTESIANPOINTLIST2D(((0.80353462696075439,0.10000000149011612),(0.77853462658822536,0.10000000149011612),(0.77853462658822536,0.090000001713633537),(0.75353462621569633,0.090000001713633537),(0.75353462621569633,0.05000000074505806),(0.80353462696075439,0.05000000074505806)));
#3653=IFCINDEXEDPOLYCURVE(#3652,(IFCLINEINDEX((1,2,3,4,5,6,1))),$);
#3654=IFCCARTESIANPOINTLIST2D(((0.02500000037252903,0.090000001713633537),(0.060000000521540642,0.090000001713633537),(0.060000000521540642,0.12500000186264515),(0.02500000037252903,0.12500000186264515)));
#3655=IFCINDEXEDPOLYCURVE(#3654,(IFCLINEINDEX((1,2,3,4,1))),$);
#3656=IFCINDEXEDPOLYCURVE(#3657,(IFCLINEINDEX((1,2,3,4,1))),$);
#3657=IFCCARTESIANPOINTLIST2D(((0.77853462658822536,0.090000001713633537),(0.74353462643921375,0.090000001713633537),(0.74353462643921375,0.12500000186264515),(0.77853462658822536,0.12500000186264515)));
#3658=IFCCARTESIANPOINTLIST2D(((0.060000000521540642,0.090000001713633537),(0.74353462643921375,0.090000001713633537)));
#3659=IFCINDEXEDPOLYCURVE(#3658,$,$);
#3660=IFCINDEXEDPOLYCURVE(#3661,$,$);
#3661=IFCCARTESIANPOINTLIST2D(((0.060000000521540642,0.12500000186264515),(0.74353462643921375,0.12500000186264515)));
#3662=IFCINDEXEDPOLYCURVE(#3663,$,$);
#3663=IFCCARTESIANPOINTLIST2D(((0.060000000521540642,0.10750000178813934),(0.74353462643921375,0.10750000178813934)));
#3664=IFCSHAPEREPRESENTATION(#24,'Body','Curve2D',(#3649,#3651,#3653,#3655,#3656,#3659,#3660,#3662));
#3665=IFCCARTESIANPOINTLIST2D(((0.,0.),(0.80353462696075439,0.),(0.80353462696075439,0.89999997615814209),(0.,0.89999997615814209)));
#3666=IFCINDEXEDPOLYCURVE(#3665,(IFCLINEINDEX((1,2,3,4,1))),$);
#3667=IFCARBITRARYCLOSEDPROFILEDEF(.AREA.,$,#3666);
#3668=IFCCARTESIANPOINT((0.,-0.60000002384185791,0.));
#3669=IFCDIRECTION((0.,-1.,0.));
#3670=IFCDIRECTION((1.,0.,0.));
#3671=IFCAXIS2PLACEMENT3D(#3668,#3669,#3670);
#3672=IFCDIRECTION((0.,0.,-1.));
#3673=IFCEXTRUDEDAREASOLID(#3667,#3671,#3672,1.2);
#3674=IFCSHAPEREPRESENTATION(#11,'Body','SweptSolid',(#3673));
#3710=IFCCARTESIANPOINT((1.7647387768812255,9.5367431640625E-07,1.));
#3711=IFCDIRECTION((0.,0.,1.));
#3712=IFCDIRECTION((0.99999999999988631,-4.7683715820307079E-07,0.));
#3713=IFCAXIS2PLACEMENT3D(#3710,#3711,#3712);
#3714=IFCLOCALPLACEMENT(#1084,#3713);
#3720=IFCWINDOWTYPE('1riM7LeDH1QhXkuhe$VQLg',$,'Guest-1-GF',$,$,(#3721),(#3723,#3731,#3779),$,$,.WINDOW.,.SINGLE_PANEL.,$,$);
#3721=IFCPROPERTYSET('2$2kA$yc99F8h5sDMC$WRr',$,'BBIM_Window',$,(#3722));
#3722=IFCPROPERTYSINGLEVALUE('Data',$,IFCTEXT('{"window_type": "DOUBLE_PANEL_VERTICAL", "overall_height": 0.8999999761581421, "overall_width": 1.2571804523468018, "lining_properties": {"lining_depth": 0.05000000074505806, "lining_thickness": 0.05000000074505806, "lining_offset": 0.05000000074505806, "lining_to_panel_offset_x": 0.02500000037252903, "lining_to_panel_offset_y": 0.02500000037252903, "mullion_thickness": 0.05000000074505806, "first_mullion_offset": 0.6541453003883362}, "panel_properties": {"frame_depth": [0.03500000014901161, 0.03500000014901161, 0.03500000014901161], "frame_thickness": [0.03500000014901161, 0.005552083253860474, 0.03500000014901161]}}'),$);
#3723=IFCREPRESENTATIONMAP(#3724,#4315);
#3724=IFCAXIS2PLACEMENT3D(#3725,#3726,#3727);
#3725=IFCCARTESIANPOINT((0.,0.,0.));
#3726=IFCDIRECTION((0.,0.,1.));
#3727=IFCDIRECTION((1.,0.,0.));
#3731=IFCREPRESENTATIONMAP(#3732,#4396);
#3732=IFCAXIS2PLACEMENT3D(#3733,#3734,#3735);
#3733=IFCCARTESIANPOINT((0.,0.,0.));
#3734=IFCDIRECTION((0.,0.,1.));
#3735=IFCDIRECTION((1.,0.,0.));
#3779=IFCREPRESENTATIONMAP(#3780,#4429);
#3780=IFCAXIS2PLACEMENT3D(#3781,#3782,#3783);
#3781=IFCCARTESIANPOINT((0.,0.,0.));
#3782=IFCDIRECTION((0.,0.,1.));
#3783=IFCDIRECTION((1.,0.,0.));
#3801=IFCWINDOW('0MIyiOcnD0BBXt1lLf5Am9',$,'Window',$,$,#4454,#3810,$,0.89999997615814209,1.2571804523468018,$,.DOUBLE_PANEL_VERTICAL.,$);
#3802=IFCRELDEFINESBYTYPE('0$TuhWgTnBi8mtYclhZ82z',$,$,$,(#3801),#3720);
#3803=IFCCARTESIANPOINT((0.,0.,0.));
#3804=IFCDIRECTION((1.,0.,0.));
#3805=IFCDIRECTION((0.,1.,0.));
#3806=IFCDIRECTION((0.,0.,1.));
#3807=IFCCARTESIANTRANSFORMATIONOPERATOR3D(#3804,#3805,#3803,1.,#3806);
#3808=IFCMAPPEDITEM(#3723,#3807);
#3809=IFCSHAPEREPRESENTATION(#18,'Profile','MappedRepresentation',(#3808));
#3810=IFCPRODUCTDEFINITIONSHAPE($,$,(#3809,#3817,#3824));
#3811=IFCCARTESIANPOINT((0.,0.,0.));
#3812=IFCDIRECTION((1.,0.,0.));
#3813=IFCDIRECTION((0.,1.,0.));
#3814=IFCDIRECTION((0.,0.,1.));
#3815=IFCCARTESIANTRANSFORMATIONOPERATOR3D(#3812,#3813,#3811,1.,#3814);
#3816=IFCMAPPEDITEM(#3731,#3815);
#3817=IFCSHAPEREPRESENTATION(#11,'Body','MappedRepresentation',(#3816));
#3818=IFCCARTESIANPOINT((0.,0.,0.));
#3819=IFCDIRECTION((1.,0.,0.));
#3820=IFCDIRECTION((0.,1.,0.));
#3821=IFCDIRECTION((0.,0.,1.));
#3822=IFCCARTESIANTRANSFORMATIONOPERATOR3D(#3819,#3820,#3818,1.,#3821);
#3823=IFCMAPPEDITEM(#3779,#3822);
#3824=IFCSHAPEREPRESENTATION(#24,'Body','MappedRepresentation',(#3823));
#3825=IFCOPENINGELEMENT('0sL0rQXVf79v2AT41jnJft',$,'Opening',$,$,#4449,#3853,$,.OPENING.);
#3841=IFCCARTESIANPOINT((0.,0.,0.));
#3842=IFCDIRECTION((1.,0.,0.));
#3843=IFCDIRECTION((0.,0.,1.));
#3844=IFCAXIS2PLACEMENT3D(#3841,#3843,#3842);
#3845=IFCREPRESENTATIONMAP(#3844,#4439);
#3846=IFCCARTESIANPOINT((0.,0.,0.));
#3847=IFCDIRECTION((1.,0.,0.));
#3848=IFCDIRECTION((0.,1.,0.));
#3849=IFCDIRECTION((0.,0.,1.));
#3850=IFCCARTESIANTRANSFORMATIONOPERATOR3D(#3847,#3848,#3846,1.,#3849);
#3851=IFCMAPPEDITEM(#3845,#3850);
#3852=IFCSHAPEREPRESENTATION(#11,'Body','MappedRepresentation',(#3851));
#3853=IFCPRODUCTDEFINITIONSHAPE($,$,(#3852));
#3854=IFCRELVOIDSELEMENT('186ClQeurBUR014GkSssIO',$,$,$,#292,#3825);
#3860=IFCRELFILLSELEMENT('2o$SF$wQbDxe3ltmsoSHok',$,$,$,#3825,#3801);
#3884=IFCCARTESIANPOINTLIST2D(((0.30000001192092896,0.),(0.,0.),(0.,0.89999997615814209),(0.30000001192092896,0.89999997615814209),(0.30000001192092896,0.87499997578561306),(0.02500000037252903,0.87499997578561306),(0.02500000037252903,0.02500000037252903),(0.30000001192092896,0.02500000037252903)));
#3885=IFCINDEXEDPOLYCURVE(#3884,(IFCLINEINDEX((1,2,3,4,5,6,7,8,1))),$);
#3886=IFCARBITRARYCLOSEDPROFILEDEF(.AREA.,$,#3885);
#3887=IFCCARTESIANPOINT((0.,0.090000001713633537,0.));
#3888=IFCDIRECTION((0.,-1.,0.));
#3889=IFCDIRECTION((1.,0.,0.));
#3890=IFCAXIS2PLACEMENT3D(#3887,#3888,#3889);
#3891=IFCDIRECTION((0.,0.,-1.));
#3892=IFCEXTRUDEDAREASOLID(#3886,#3890,#3891,0.0099999997764825821);
#3893=IFCCARTESIANPOINTLIST2D(((0.,0.),(0.30000001192092896,0.),(0.30000001192092896,0.89999997615814209),(0.,0.89999997615814209)));
#3894=IFCINDEXEDPOLYCURVE(#3893,(IFCLINEINDEX((1,2,3,4,1))),$);
#3895=IFCCARTESIANPOINTLIST2D(((0.05000000074505806,0.05000000074505806),(0.27500001154839993,0.05000000074505806),(0.27500001154839993,0.84999997541308403),(0.05000000074505806,0.84999997541308403)));
#3896=IFCINDEXEDPOLYCURVE(#3895,(IFCLINEINDEX((1,2,3,4,1))),$);
#3897=IFCARBITRARYPROFILEDEFWITHVOIDS(.AREA.,$,#3894,(#3896));
#3898=IFCCARTESIANPOINT((0.,0.05000000074505806,0.));
#3899=IFCDIRECTION((0.,-1.,0.));
#3900=IFCDIRECTION((1.,0.,0.));
#3901=IFCAXIS2PLACEMENT3D(#3898,#3899,#3900);
#3902=IFCDIRECTION((0.,0.,-1.));
#3903=IFCEXTRUDEDAREASOLID(#3897,#3901,#3902,0.040000000968575478);
#3904=IFCCARTESIANPOINTLIST2D(((0.,0.),(0.27500001154839993,0.),(0.27500001154839993,0.84999997541308403),(0.,0.84999997541308403)));
#3905=IFCINDEXEDPOLYCURVE(#3904,(IFCLINEINDEX((1,2,3,4,1))),$);
#3906=IFCCARTESIANPOINTLIST2D(((0.035000000149011612,0.035000000149011612),(0.24000001139938831,0.035000000149011612),(0.24000001139938831,0.81499997526407242),(0.035000000149011612,0.81499997526407242)));
#3907=IFCINDEXEDPOLYCURVE(#3906,(IFCLINEINDEX((1,2,3,4,1))),$);
#3908=IFCARBITRARYPROFILEDEFWITHVOIDS(.AREA.,$,#3905,(#3907));
#3909=IFCCARTESIANPOINT((0.02500000037252903,0.090000001713633537,0.02500000037252903));
#3910=IFCDIRECTION((0.,-1.,0.));
#3911=IFCDIRECTION((1.,0.,0.));
#3912=IFCAXIS2PLACEMENT3D(#3909,#3910,#3911);
#3913=IFCDIRECTION((0.,0.,-1.));
#3914=IFCEXTRUDEDAREASOLID(#3908,#3912,#3913,0.035000000149011612);
#3915=IFCINDEXEDPOLYCURVE(#3916,(IFCLINEINDEX((1,2,3,4,1))),$);
#3916=IFCCARTESIANPOINTLIST2D(((0.035000000149011612,0.035000000149011612),(0.24000001139938831,0.035000000149011612),(0.24000001139938831,0.81499997526407242),(0.035000000149011612,0.81499997526407242)));
#3917=IFCARBITRARYCLOSEDPROFILEDEF(.AREA.,$,#3915);
#3918=IFCCARTESIANPOINT((0.02500000037252903,0.10250000178813934,0.02500000037252903));
#3919=IFCDIRECTION((0.,-1.,0.));
#3920=IFCDIRECTION((1.,0.,0.));
#3921=IFCAXIS2PLACEMENT3D(#3918,#3919,#3920);
#3922=IFCDIRECTION((0.,0.,-1.));
#3923=IFCEXTRUDEDAREASOLID(#3917,#3921,#3922,0.01);
#3924=IFCCARTESIANPOINTLIST2D(((0.,0.89999997615814209),(0.92352718114852905,0.89999997615814209),(0.92352718114852905,0.),(0.,0.),(0.,0.02500000037252903),(0.89852718077600002,0.02500000037252903),(0.89852718077600002,0.87499997578561306),(0.,0.87499997578561306)));
#3925=IFCINDEXEDPOLYCURVE(#3924,(IFCLINEINDEX((1,2,3,4,5,6,7,8,1))),$);
#3926=IFCARBITRARYCLOSEDPROFILEDEF(.AREA.,$,#3925);
#3927=IFCCARTESIANPOINT((0.30000001192092896,0.090000001713633537,0.));
#3928=IFCDIRECTION((0.,-1.,0.));
#3929=IFCDIRECTION((1.,0.,0.));
#3930=IFCAXIS2PLACEMENT3D(#3927,#3928,#3929);
#3931=IFCDIRECTION((0.,0.,-1.));
#3932=IFCEXTRUDEDAREASOLID(#3926,#3930,#3931,0.0099999997764825821);
#3933=IFCCARTESIANPOINTLIST2D(((0.,0.),(0.92352718114852905,0.),(0.92352718114852905,0.89999997615814209),(0.,0.89999997615814209)));
#3934=IFCINDEXEDPOLYCURVE(#3933,(IFCLINEINDEX((1,2,3,4,1))),$);
#3935=IFCCARTESIANPOINTLIST2D(((0.02500000037252903,0.05000000074505806),(0.87352718040347099,0.05000000074505806),(0.87352718040347099,0.84999997541308403),(0.02500000037252903,0.84999997541308403)));
#3936=IFCINDEXEDPOLYCURVE(#3935,(IFCLINEINDEX((1,2,3,4,1))),$);
#3937=IFCARBITRARYPROFILEDEFWITHVOIDS(.AREA.,$,#3934,(#3936));
#3938=IFCCARTESIANPOINT((0.30000001192092896,0.05000000074505806,0.));
#3939=IFCDIRECTION((0.,-1.,0.));
#3940=IFCDIRECTION((1.,0.,0.));
#3941=IFCAXIS2PLACEMENT3D(#3938,#3939,#3940);
#3942=IFCDIRECTION((0.,0.,-1.));
#3943=IFCEXTRUDEDAREASOLID(#3937,#3941,#3942,0.040000000968575478);
#3944=IFCCARTESIANPOINTLIST2D(((0.,0.),(0.89852718077600002,0.),(0.89852718077600002,0.84999997541308403),(0.,0.84999997541308403)));
#3945=IFCINDEXEDPOLYCURVE(#3944,(IFCLINEINDEX((1,2,3,4,1))),$);
#3946=IFCCARTESIANPOINTLIST2D(((0.28941860795021057,0.28941860795021057),(0.60910857282578945,0.28941860795021057),(0.60910857282578945,0.56058136746287346),(0.28941860795021057,0.56058136746287346)));
#3947=IFCINDEXEDPOLYCURVE(#3946,(IFCLINEINDEX((1,2,3,4,1))),$);
#3948=IFCARBITRARYPROFILEDEFWITHVOIDS(.AREA.,$,#3945,(#3947));
#3949=IFCCARTESIANPOINT((0.30000001192092896,0.090000001713633537,0.02500000037252903));
#3950=IFCDIRECTION((0.,-1.,0.));
#3951=IFCDIRECTION((1.,0.,0.));
#3952=IFCAXIS2PLACEMENT3D(#3949,#3950,#3951);
#3953=IFCDIRECTION((0.,0.,-1.));
#3954=IFCEXTRUDEDAREASOLID(#3948,#3952,#3953,0.035000000149011612);
#3955=IFCINDEXEDPOLYCURVE(#3956,(IFCLINEINDEX((1,2,3,4,1))),$);
#3956=IFCCARTESIANPOINTLIST2D(((0.28941860795021057,0.28941860795021057),(0.60910857282578945,0.28941860795021057),(0.60910857282578945,0.56058136746287346),(0.28941860795021057,0.56058136746287346)));
#3957=IFCARBITRARYCLOSEDPROFILEDEF(.AREA.,$,#3955);
#3958=IFCCARTESIANPOINT((0.30000001192092896,0.10250000178813934,0.02500000037252903));
#3959=IFCDIRECTION((0.,-1.,0.));
#3960=IFCDIRECTION((1.,0.,0.));
#3961=IFCAXIS2PLACEMENT3D(#3958,#3959,#3960);
#3962=IFCDIRECTION((0.,0.,-1.));
#3963=IFCEXTRUDEDAREASOLID(#3957,#3961,#3962,0.01);
#3965=IFCSHAPEREPRESENTATION(#11,'Body','SweptSolid',(#4080,#4222,#4193,#3903,#4324,#4335,#4040,#4051,#3943,#3932,#3892,#4233,#4091,#4182,#4375,#4364));
#3966=IFCSHAPEASPECT((#3965),'Lining',$,.T.,#3810);
#3967=IFCSHAPEREPRESENTATION(#11,'Body','SweptSolid',(#4102,#3914,#4386,#4062,#4204,#4346,#4244,#3954));
#3968=IFCSHAPEASPECT((#3967),'Framing',$,.T.,#3810);
#3969=IFCSHAPEREPRESENTATION(#11,'Body','SweptSolid',(#4071,#4213,#3923,#4355,#4253,#3963,#4111,#4395));
#3970=IFCSHAPEASPECT((#3969),'Glazing',$,.T.,#3810);
#4032=IFCCARTESIANPOINTLIST2D(((0.65414530038833618,0.),(0.,0.),(0.,0.89999997615814209),(0.65414530038833618,0.89999997615814209),(0.65414530038833618,0.87499997578561306),(0.02500000037252903,0.87499997578561306),(0.02500000037252903,0.02500000037252903),(0.65414530038833618,0.02500000037252903)));
#4033=IFCINDEXEDPOLYCURVE(#4032,(IFCLINEINDEX((1,2,3,4,5,6,7,8,1))),$);
#4034=IFCARBITRARYCLOSEDPROFILEDEF(.AREA.,$,#4033);
#4035=IFCCARTESIANPOINT((0.,0.090000001713633537,0.));
#4036=IFCDIRECTION((0.,-1.,0.));
#4037=IFCDIRECTION((1.,0.,0.));
#4038=IFCAXIS2PLACEMENT3D(#4035,#4036,#4037);
#4039=IFCDIRECTION((0.,0.,-1.));
#4040=IFCEXTRUDEDAREASOLID(#4034,#4038,#4039,0.0099999997764825821);
#4041=IFCCARTESIANPOINTLIST2D(((0.,0.),(0.65414530038833618,0.),(0.65414530038833618,0.89999997615814209),(0.,0.89999997615814209)));
#4042=IFCINDEXEDPOLYCURVE(#4041,(IFCLINEINDEX((1,2,3,4,1))),$);
#4043=IFCCARTESIANPOINTLIST2D(((0.05000000074505806,0.05000000074505806),(0.62914530001580715,0.05000000074505806),(0.62914530001580715,0.84999997541308403),(0.05000000074505806,0.84999997541308403)));
#4044=IFCINDEXEDPOLYCURVE(#4043,(IFCLINEINDEX((1,2,3,4,1))),$);
#4045=IFCARBITRARYPROFILEDEFWITHVOIDS(.AREA.,$,#4042,(#4044));
#4046=IFCCARTESIANPOINT((0.,0.05000000074505806,0.));
#4047=IFCDIRECTION((0.,-1.,0.));
#4048=IFCDIRECTION((1.,0.,0.));
#4049=IFCAXIS2PLACEMENT3D(#4046,#4047,#4048);
#4050=IFCDIRECTION((0.,0.,-1.));
#4051=IFCEXTRUDEDAREASOLID(#4045,#4049,#4050,0.040000000968575478);
#4052=IFCCARTESIANPOINTLIST2D(((0.,0.),(0.62914530001580715,0.),(0.62914530001580715,0.84999997541308403),(0.,0.84999997541308403)));
#4053=IFCINDEXEDPOLYCURVE(#4052,(IFCLINEINDEX((1,2,3,4,1))),$);
#4054=IFCCARTESIANPOINTLIST2D(((0.035000000149011612,0.035000000149011612),(0.59414529986679554,0.035000000149011612),(0.59414529986679554,0.81499997526407242),(0.035000000149011612,0.81499997526407242)));
#4055=IFCINDEXEDPOLYCURVE(#4054,(IFCLINEINDEX((1,2,3,4,1))),$);
#4056=IFCARBITRARYPROFILEDEFWITHVOIDS(.AREA.,$,#4053,(#4055));
#4057=IFCCARTESIANPOINT((0.02500000037252903,0.090000001713633537,0.02500000037252903));
#4058=IFCDIRECTION((0.,-1.,0.));
#4059=IFCDIRECTION((1.,0.,0.));
#4060=IFCAXIS2PLACEMENT3D(#4057,#4058,#4059);
#4061=IFCDIRECTION((0.,0.,-1.));
#4062=IFCEXTRUDEDAREASOLID(#4056,#4060,#4061,0.035000000149011612);
#4063=IFCINDEXEDPOLYCURVE(#4064,(IFCLINEINDEX((1,2,3,4,1))),$);
#4064=IFCCARTESIANPOINTLIST2D(((0.035000000149011612,0.035000000149011612),(0.59414529986679554,0.035000000149011612),(0.59414529986679554,0.81499997526407242),(0.035000000149011612,0.81499997526407242)));
#4065=IFCARBITRARYCLOSEDPROFILEDEF(.AREA.,$,#4063);
#4066=IFCCARTESIANPOINT((0.02500000037252903,0.10250000178813934,0.02500000037252903));
#4067=IFCDIRECTION((0.,-1.,0.));
#4068=IFCDIRECTION((1.,0.,0.));
#4069=IFCAXIS2PLACEMENT3D(#4066,#4067,#4068);
#4070=IFCDIRECTION((0.,0.,-1.));
#4071=IFCEXTRUDEDAREASOLID(#4065,#4069,#4070,0.01);
#4072=IFCCARTESIANPOINTLIST2D(((0.,0.89999997615814209),(0.56938189268112183,0.89999997615814209),(0.56938189268112183,0.),(0.,0.),(0.,0.02500000037252903),(0.5443818923085928,0.02500000037252903),(0.5443818923085928,0.87499997578561306),(0.,0.87499997578561306)));
#4073=IFCINDEXEDPOLYCURVE(#4072,(IFCLINEINDEX((1,2,3,4,5,6,7,8,1))),$);
#4074=IFCARBITRARYCLOSEDPROFILEDEF(.AREA.,$,#4073);
#4075=IFCCARTESIANPOINT((0.65414530038833618,0.090000001713633537,0.));
#4076=IFCDIRECTION((0.,-1.,0.));
#4077=IFCDIRECTION((1.,0.,0.));
#4078=IFCAXIS2PLACEMENT3D(#4075,#4076,#4077);
#4079=IFCDIRECTION((0.,0.,-1.));
#4080=IFCEXTRUDEDAREASOLID(#4074,#4078,#4079,0.0099999997764825821);
#4081=IFCCARTESIANPOINTLIST2D(((0.,0.),(0.56938189268112183,0.),(0.56938189268112183,0.89999997615814209),(0.,0.89999997615814209)));
#4082=IFCINDEXEDPOLYCURVE(#4081,(IFCLINEINDEX((1,2,3,4,1))),$);
#4083=IFCCARTESIANPOINTLIST2D(((0.02500000037252903,0.05000000074505806),(0.51938189193606377,0.05000000074505806),(0.51938189193606377,0.84999997541308403),(0.02500000037252903,0.84999997541308403)));
#4084=IFCINDEXEDPOLYCURVE(#4083,(IFCLINEINDEX((1,2,3,4,1))),$);
#4085=IFCARBITRARYPROFILEDEFWITHVOIDS(.AREA.,$,#4082,(#4084));
#4086=IFCCARTESIANPOINT((0.65414530038833618,0.05000000074505806,0.));
#4087=IFCDIRECTION((0.,-1.,0.));
#4088=IFCDIRECTION((1.,0.,0.));
#4089=IFCAXIS2PLACEMENT3D(#4086,#4087,#4088);
#4090=IFCDIRECTION((0.,0.,-1.));
#4091=IFCEXTRUDEDAREASOLID(#4085,#4089,#4090,0.040000000968575478);
#4092=IFCCARTESIANPOINTLIST2D(((0.,0.),(0.5443818923085928,0.),(0.5443818923085928,0.84999997541308403),(0.,0.84999997541308403)));
#4093=IFCINDEXEDPOLYCURVE(#4092,(IFCLINEINDEX((1,2,3,4,1))),$);
#4094=IFCCARTESIANPOINTLIST2D(((0.28941860795021057,0.28941860795021057),(0.25496328435838223,0.28941860795021057),(0.25496328435838223,0.56058136746287346),(0.28941860795021057,0.56058136746287346)));
#4095=IFCINDEXEDPOLYCURVE(#4094,(IFCLINEINDEX((1,2,3,4,1))),$);
#4096=IFCARBITRARYPROFILEDEFWITHVOIDS(.AREA.,$,#4093,(#4095));
#4097=IFCCARTESIANPOINT((0.65414530038833618,0.090000001713633537,0.02500000037252903));
#4098=IFCDIRECTION((0.,-1.,0.));
#4099=IFCDIRECTION((1.,0.,0.));
#4100=IFCAXIS2PLACEMENT3D(#4097,#4098,#4099);
#4101=IFCDIRECTION((0.,0.,-1.));
#4102=IFCEXTRUDEDAREASOLID(#4096,#4100,#4101,0.035000000149011612);
#4103=IFCINDEXEDPOLYCURVE(#4104,(IFCLINEINDEX((1,2,3,4,1))),$);
#4104=IFCCARTESIANPOINTLIST2D(((0.28941860795021057,0.28941860795021057),(0.25496328435838223,0.28941860795021057),(0.25496328435838223,0.56058136746287346),(0.28941860795021057,0.56058136746287346)));
#4105=IFCARBITRARYCLOSEDPROFILEDEF(.AREA.,$,#4103);
#4106=IFCCARTESIANPOINT((0.65414530038833618,0.10250000178813934,0.02500000037252903));
#4107=IFCDIRECTION((0.,-1.,0.));
#4108=IFCDIRECTION((1.,0.,0.));
#4109=IFCAXIS2PLACEMENT3D(#4106,#4107,#4108);
#4110=IFCDIRECTION((0.,0.,-1.));
#4111=IFCEXTRUDEDAREASOLID(#4105,#4109,#4110,0.01);
#4174=IFCCARTESIANPOINTLIST2D(((0.65414530038833618,0.),(0.,0.),(0.,0.89999997615814209),(0.65414530038833618,0.89999997615814209),(0.65414530038833618,0.87499997578561306),(0.02500000037252903,0.87499997578561306),(0.02500000037252903,0.02500000037252903),(0.65414530038833618,0.02500000037252903)));
#4175=IFCINDEXEDPOLYCURVE(#4174,(IFCLINEINDEX((1,2,3,4,5,6,7,8,1))),$);
#4176=IFCARBITRARYCLOSEDPROFILEDEF(.AREA.,$,#4175);
#4177=IFCCARTESIANPOINT((0.,0.090000001713633537,0.));
#4178=IFCDIRECTION((0.,-1.,0.));
#4179=IFCDIRECTION((1.,0.,0.));
#4180=IFCAXIS2PLACEMENT3D(#4177,#4178,#4179);
#4181=IFCDIRECTION((0.,0.,-1.));
#4182=IFCEXTRUDEDAREASOLID(#4176,#4180,#4181,0.0099999997764825821);
#4183=IFCCARTESIANPOINTLIST2D(((0.,0.),(0.65414530038833618,0.),(0.65414530038833618,0.89999997615814209),(0.,0.89999997615814209)));
#4184=IFCINDEXEDPOLYCURVE(#4183,(IFCLINEINDEX((1,2,3,4,1))),$);
#4185=IFCCARTESIANPOINTLIST2D(((0.05000000074505806,0.05000000074505806),(0.62914530001580715,0.05000000074505806),(0.62914530001580715,0.84999997541308403),(0.05000000074505806,0.84999997541308403)));
#4186=IFCINDEXEDPOLYCURVE(#4185,(IFCLINEINDEX((1,2,3,4,1))),$);
#4187=IFCARBITRARYPROFILEDEFWITHVOIDS(.AREA.,$,#4184,(#4186));
#4188=IFCCARTESIANPOINT((0.,0.05000000074505806,0.));
#4189=IFCDIRECTION((0.,-1.,0.));
#4190=IFCDIRECTION((1.,0.,0.));
#4191=IFCAXIS2PLACEMENT3D(#4188,#4189,#4190);
#4192=IFCDIRECTION((0.,0.,-1.));
#4193=IFCEXTRUDEDAREASOLID(#4187,#4191,#4192,0.040000000968575478);
#4194=IFCCARTESIANPOINTLIST2D(((0.,0.),(0.62914530001580715,0.),(0.62914530001580715,0.84999997541308403),(0.,0.84999997541308403)));
#4195=IFCINDEXEDPOLYCURVE(#4194,(IFCLINEINDEX((1,2,3,4,1))),$);
#4196=IFCCARTESIANPOINTLIST2D(((0.035000000149011612,0.035000000149011612),(0.59414529986679554,0.035000000149011612),(0.59414529986679554,0.81499997526407242),(0.035000000149011612,0.81499997526407242)));
#4197=IFCINDEXEDPOLYCURVE(#4196,(IFCLINEINDEX((1,2,3,4,1))),$);
#4198=IFCARBITRARYPROFILEDEFWITHVOIDS(.AREA.,$,#4195,(#4197));
#4199=IFCCARTESIANPOINT((0.02500000037252903,0.090000001713633537,0.02500000037252903));
#4200=IFCDIRECTION((0.,-1.,0.));
#4201=IFCDIRECTION((1.,0.,0.));
#4202=IFCAXIS2PLACEMENT3D(#4199,#4200,#4201);
#4203=IFCDIRECTION((0.,0.,-1.));
#4204=IFCEXTRUDEDAREASOLID(#4198,#4202,#4203,0.035000000149011612);
#4205=IFCINDEXEDPOLYCURVE(#4206,(IFCLINEINDEX((1,2,3,4,1))),$);
#4206=IFCCARTESIANPOINTLIST2D(((0.035000000149011612,0.035000000149011612),(0.59414529986679554,0.035000000149011612),(0.59414529986679554,0.81499997526407242),(0.035000000149011612,0.81499997526407242)));
#4207=IFCARBITRARYCLOSEDPROFILEDEF(.AREA.,$,#4205);
#4208=IFCCARTESIANPOINT((0.02500000037252903,0.10250000178813934,0.02500000037252903));
#4209=IFCDIRECTION((0.,-1.,0.));
#4210=IFCDIRECTION((1.,0.,0.));
#4211=IFCAXIS2PLACEMENT3D(#4208,#4209,#4210);
#4212=IFCDIRECTION((0.,0.,-1.));
#4213=IFCEXTRUDEDAREASOLID(#4207,#4211,#4212,0.01);
#4214=IFCCARTESIANPOINTLIST2D(((0.,0.89999997615814209),(0.56938189268112183,0.89999997615814209),(0.56938189268112183,0.),(0.,0.),(0.,0.02500000037252903),(0.5443818923085928,0.02500000037252903),(0.5443818923085928,0.87499997578561306),(0.,0.87499997578561306)));
#4215=IFCINDEXEDPOLYCURVE(#4214,(IFCLINEINDEX((1,2,3,4,5,6,7,8,1))),$);
#4216=IFCARBITRARYCLOSEDPROFILEDEF(.AREA.,$,#4215);
#4217=IFCCARTESIANPOINT((0.65414530038833618,0.090000001713633537,0.));
#4218=IFCDIRECTION((0.,-1.,0.));
#4219=IFCDIRECTION((1.,0.,0.));
#4220=IFCAXIS2PLACEMENT3D(#4217,#4218,#4219);
#4221=IFCDIRECTION((0.,0.,-1.));
#4222=IFCEXTRUDEDAREASOLID(#4216,#4220,#4221,0.0099999997764825821);
#4223=IFCCARTESIANPOINTLIST2D(((0.,0.),(0.56938189268112183,0.),(0.56938189268112183,0.89999997615814209),(0.,0.89999997615814209)));
#4224=IFCINDEXEDPOLYCURVE(#4223,(IFCLINEINDEX((1,2,3,4,1))),$);
#4225=IFCCARTESIANPOINTLIST2D(((0.02500000037252903,0.05000000074505806),(0.51938189193606377,0.05000000074505806),(0.51938189193606377,0.84999997541308403),(0.02500000037252903,0.84999997541308403)));
#4226=IFCINDEXEDPOLYCURVE(#4225,(IFCLINEINDEX((1,2,3,4,1))),$);
#4227=IFCARBITRARYPROFILEDEFWITHVOIDS(.AREA.,$,#4224,(#4226));
#4228=IFCCARTESIANPOINT((0.65414530038833618,0.05000000074505806,0.));
#4229=IFCDIRECTION((0.,-1.,0.));
#4230=IFCDIRECTION((1.,0.,0.));
#4231=IFCAXIS2PLACEMENT3D(#4228,#4229,#4230);
#4232=IFCDIRECTION((0.,0.,-1.));
#4233=IFCEXTRUDEDAREASOLID(#4227,#4231,#4232,0.040000000968575478);
#4234=IFCCARTESIANPOINTLIST2D(((0.,0.),(0.5443818923085928,0.),(0.5443818923085928,0.84999997541308403),(0.,0.84999997541308403)));
#4235=IFCINDEXEDPOLYCURVE(#4234,(IFCLINEINDEX((1,2,3,4,1))),$);
#4236=IFCCARTESIANPOINTLIST2D(((0.0055520832538604736,0.0055520832538604736),(0.53882980905473232,0.0055520832538604736),(0.53882980905473232,0.84444789215922356),(0.0055520832538604736,0.84444789215922356)));
#4237=IFCINDEXEDPOLYCURVE(#4236,(IFCLINEINDEX((1,2,3,4,1))),$);
#4238=IFCARBITRARYPROFILEDEFWITHVOIDS(.AREA.,$,#4235,(#4237));
#4239=IFCCARTESIANPOINT((0.65414530038833618,0.090000001713633537,0.02500000037252903));
#4240=IFCDIRECTION((0.,-1.,0.));
#4241=IFCDIRECTION((1.,0.,0.));
#4242=IFCAXIS2PLACEMENT3D(#4239,#4240,#4241);
#4243=IFCDIRECTION((0.,0.,-1.));
#4244=IFCEXTRUDEDAREASOLID(#4238,#4242,#4243,0.035000000149011612);
#4245=IFCINDEXEDPOLYCURVE(#4246,(IFCLINEINDEX((1,2,3,4,1))),$);
#4246=IFCCARTESIANPOINTLIST2D(((0.0055520832538604736,0.0055520832538604736),(0.53882980905473232,0.0055520832538604736),(0.53882980905473232,0.84444789215922356),(0.0055520832538604736,0.84444789215922356)));
#4247=IFCARBITRARYCLOSEDPROFILEDEF(.AREA.,$,#4245);
#4248=IFCCARTESIANPOINT((0.65414530038833618,0.10250000178813934,0.02500000037252903));
#4249=IFCDIRECTION((0.,-1.,0.));
#4250=IFCDIRECTION((1.,0.,0.));
#4251=IFCAXIS2PLACEMENT3D(#4248,#4249,#4250);
#4252=IFCDIRECTION((0.,0.,-1.));
#4253=IFCEXTRUDEDAREASOLID(#4247,#4251,#4252,0.01);
#4313=IFCCARTESIANPOINTLIST3D(((0.,0.,0.),(1.2571804523468018,0.,0.),(1.2571804523468018,0.,0.89999997615814209),(0.,0.,0.89999997615814209)));
#4314=IFCINDEXEDPOLYCURVE(#4313,(IFCLINEINDEX((1,2,3,4,1))),$);
#4315=IFCSHAPEREPRESENTATION(#18,'Profile','Curve3D',(#4314));
#4316=IFCCARTESIANPOINTLIST2D(((0.65414530038833618,0.),(0.,0.),(0.,0.89999997615814209),(0.65414530038833618,0.89999997615814209),(0.65414530038833618,0.87499997578561306),(0.02500000037252903,0.87499997578561306),(0.02500000037252903,0.02500000037252903),(0.65414530038833618,0.02500000037252903)));
#4317=IFCINDEXEDPOLYCURVE(#4316,(IFCLINEINDEX((1,2,3,4,5,6,7,8,1))),$);
#4318=IFCARBITRARYCLOSEDPROFILEDEF(.AREA.,$,#4317);
#4319=IFCCARTESIANPOINT((0.,0.090000001713633537,0.));
#4320=IFCDIRECTION((0.,-1.,0.));
#4321=IFCDIRECTION((1.,0.,0.));
#4322=IFCAXIS2PLACEMENT3D(#4319,#4320,#4321);
#4323=IFCDIRECTION((0.,0.,-1.));
#4324=IFCEXTRUDEDAREASOLID(#4318,#4322,#4323,0.0099999997764825821);
#4325=IFCCARTESIANPOINTLIST2D(((0.,0.),(0.65414530038833618,0.),(0.65414530038833618,0.89999997615814209),(0.,0.89999997615814209)));
#4326=IFCINDEXEDPOLYCURVE(#4325,(IFCLINEINDEX((1,2,3,4,1))),$);
#4327=IFCCARTESIANPOINTLIST2D(((0.05000000074505806,0.05000000074505806),(0.62914530001580715,0.05000000074505806),(0.62914530001580715,0.84999997541308403),(0.05000000074505806,0.84999997541308403)));
#4328=IFCINDEXEDPOLYCURVE(#4327,(IFCLINEINDEX((1,2,3,4,1))),$);
#4329=IFCARBITRARYPROFILEDEFWITHVOIDS(.AREA.,$,#4326,(#4328));
#4330=IFCCARTESIANPOINT((0.,0.05000000074505806,0.));
#4331=IFCDIRECTION((0.,-1.,0.));
#4332=IFCDIRECTION((1.,0.,0.));
#4333=IFCAXIS2PLACEMENT3D(#4330,#4331,#4332);
#4334=IFCDIRECTION((0.,0.,-1.));
#4335=IFCEXTRUDEDAREASOLID(#4329,#4333,#4334,0.040000000968575478);
#4336=IFCCARTESIANPOINTLIST2D(((0.,0.),(0.62914530001580715,0.),(0.62914530001580715,0.84999997541308403),(0.,0.84999997541308403)));
#4337=IFCINDEXEDPOLYCURVE(#4336,(IFCLINEINDEX((1,2,3,4,1))),$);
#4338=IFCCARTESIANPOINTLIST2D(((0.035000000149011612,0.035000000149011612),(0.59414529986679554,0.035000000149011612),(0.59414529986679554,0.81499997526407242),(0.035000000149011612,0.81499997526407242)));
#4339=IFCINDEXEDPOLYCURVE(#4338,(IFCLINEINDEX((1,2,3,4,1))),$);
#4340=IFCARBITRARYPROFILEDEFWITHVOIDS(.AREA.,$,#4337,(#4339));
#4341=IFCCARTESIANPOINT((0.02500000037252903,0.090000001713633537,0.02500000037252903));
#4342=IFCDIRECTION((0.,-1.,0.));
#4343=IFCDIRECTION((1.,0.,0.));
#4344=IFCAXIS2PLACEMENT3D(#4341,#4342,#4343);
#4345=IFCDIRECTION((0.,0.,-1.));
#4346=IFCEXTRUDEDAREASOLID(#4340,#4344,#4345,0.035000000149011612);
#4347=IFCINDEXEDPOLYCURVE(#4348,(IFCLINEINDEX((1,2,3,4,1))),$);
#4348=IFCCARTESIANPOINTLIST2D(((0.035000000149011612,0.035000000149011612),(0.59414529986679554,0.035000000149011612),(0.59414529986679554,0.81499997526407242),(0.035000000149011612,0.81499997526407242)));
#4349=IFCARBITRARYCLOSEDPROFILEDEF(.AREA.,$,#4347);
#4350=IFCCARTESIANPOINT((0.02500000037252903,0.10250000178813934,0.02500000037252903));
#4351=IFCDIRECTION((0.,-1.,0.));
#4352=IFCDIRECTION((1.,0.,0.));
#4353=IFCAXIS2PLACEMENT3D(#4350,#4351,#4352);
#4354=IFCDIRECTION((0.,0.,-1.));
#4355=IFCEXTRUDEDAREASOLID(#4349,#4353,#4354,0.01);
#4356=IFCCARTESIANPOINTLIST2D(((0.,0.89999997615814209),(0.60303515195846558,0.89999997615814209),(0.60303515195846558,0.),(0.,0.),(0.,0.02500000037252903),(0.57803515158593655,0.02500000037252903),(0.57803515158593655,0.87499997578561306),(0.,0.87499997578561306)));
#4357=IFCINDEXEDPOLYCURVE(#4356,(IFCLINEINDEX((1,2,3,4,5,6,7,8,1))),$);
#4358=IFCARBITRARYCLOSEDPROFILEDEF(.AREA.,$,#4357);
#4359=IFCCARTESIANPOINT((0.65414530038833618,0.090000001713633537,0.));
#4360=IFCDIRECTION((0.,-1.,0.));
#4361=IFCDIRECTION((1.,0.,0.));
#4362=IFCAXIS2PLACEMENT3D(#4359,#4360,#4361);
#4363=IFCDIRECTION((0.,0.,-1.));
#4364=IFCEXTRUDEDAREASOLID(#4358,#4362,#4363,0.0099999997764825821);
#4365=IFCCARTESIANPOINTLIST2D(((0.,0.),(0.60303515195846558,0.),(0.60303515195846558,0.89999997615814209),(0.,0.89999997615814209)));
#4366=IFCINDEXEDPOLYCURVE(#4365,(IFCLINEINDEX((1,2,3,4,1))),$);
#4367=IFCCARTESIANPOINTLIST2D(((0.02500000037252903,0.05000000074505806),(0.55303515121340752,0.05000000074505806),(0.55303515121340752,0.84999997541308403),(0.02500000037252903,0.84999997541308403)));
#4368=IFCINDEXEDPOLYCURVE(#4367,(IFCLINEINDEX((1,2,3,4,1))),$);
#4369=IFCARBITRARYPROFILEDEFWITHVOIDS(.AREA.,$,#4366,(#4368));
#4370=IFCCARTESIANPOINT((0.65414530038833618,0.05000000074505806,0.));
#4371=IFCDIRECTION((0.,-1.,0.));
#4372=IFCDIRECTION((1.,0.,0.));
#4373=IFCAXIS2PLACEMENT3D(#4370,#4371,#4372);
#4374=IFCDIRECTION((0.,0.,-1.));
#4375=IFCEXTRUDEDAREASOLID(#4369,#4373,#4374,0.040000000968575478);
#4376=IFCCARTESIANPOINTLIST2D(((0.,0.),(0.57803515158593655,0.),(0.57803515158593655,0.84999997541308403),(0.,0.84999997541308403)));
#4377=IFCINDEXEDPOLYCURVE(#4376,(IFCLINEINDEX((1,2,3,4,1))),$);
#4378=IFCCARTESIANPOINTLIST2D(((0.0055520832538604736,0.0055520832538604736),(0.57248306833207607,0.0055520832538604736),(0.57248306833207607,0.84444789215922356),(0.0055520832538604736,0.84444789215922356)));
#4379=IFCINDEXEDPOLYCURVE(#4378,(IFCLINEINDEX((1,2,3,4,1))),$);
#4380=IFCARBITRARYPROFILEDEFWITHVOIDS(.AREA.,$,#4377,(#4379));
#4381=IFCCARTESIANPOINT((0.65414530038833618,0.090000001713633537,0.02500000037252903));
#4382=IFCDIRECTION((0.,-1.,0.));
#4383=IFCDIRECTION((1.,0.,0.));
#4384=IFCAXIS2PLACEMENT3D(#4381,#4382,#4383);
#4385=IFCDIRECTION((0.,0.,-1.));
#4386=IFCEXTRUDEDAREASOLID(#4380,#4384,#4385,0.035000000149011612);
#4387=IFCINDEXEDPOLYCURVE(#4388,(IFCLINEINDEX((1,2,3,4,1))),$);
#4388=IFCCARTESIANPOINTLIST2D(((0.0055520832538604736,0.0055520832538604736),(0.57248306833207607,0.0055520832538604736),(0.57248306833207607,0.84444789215922356),(0.0055520832538604736,0.84444789215922356)));
#4389=IFCARBITRARYCLOSEDPROFILEDEF(.AREA.,$,#4387);
#4390=IFCCARTESIANPOINT((0.65414530038833618,0.10250000178813934,0.02500000037252903));
#4391=IFCDIRECTION((0.,-1.,0.));
#4392=IFCDIRECTION((1.,0.,0.));
#4393=IFCAXIS2PLACEMENT3D(#4390,#4391,#4392);
#4394=IFCDIRECTION((0.,0.,-1.));
#4395=IFCEXTRUDEDAREASOLID(#4389,#4393,#4394,0.01);
#4396=IFCSHAPEREPRESENTATION(#11,'Body','SweptSolid',(#4324,#4335,#4346,#4355,#4364,#4375,#4386,#4395));
#4397=IFCCARTESIANPOINTLIST2D(((0.05000000074505806,0.05000000074505806),(0.62914530001580715,0.05000000074505806)));
#4398=IFCINDEXEDPOLYCURVE(#4397,$,$);
#4399=IFCCARTESIANPOINTLIST2D(((0.,0.10000000149011612),(0.02500000037252903,0.10000000149011612),(0.02500000037252903,0.090000001713633537),(0.05000000074505806,0.090000001713633537),(0.05000000074505806,0.05000000074505806),(0.,0.05000000074505806)));
#4400=IFCINDEXEDPOLYCURVE(#4399,(IFCLINEINDEX((1,2,3,4,5,6,1))),$);
#4401=IFCCARTESIANPOINTLIST2D(((0.65414530038833618,0.10000000149011612),(0.65414530038833618,0.10000000149011612),(0.65414530038833618,0.090000001713633537),(0.62914530001580715,0.090000001713633537),(0.62914530001580715,0.05000000074505806),(0.65414530038833618,0.05000000074505806)));
#4402=IFCINDEXEDPOLYCURVE(#4401,$,$);
#4403=IFCCARTESIANPOINTLIST2D(((0.02500000037252903,0.090000001713633537),(0.060000000521540642,0.090000001713633537),(0.060000000521540642,0.12500000186264515),(0.02500000037252903,0.12500000186264515)));
#4404=IFCINDEXEDPOLYCURVE(#4403,(IFCLINEINDEX((1,2,3,4,1))),$);
#4405=IFCINDEXEDPOLYCURVE(#4406,(IFCLINEINDEX((1,2,3,4,1))),$);
#4406=IFCCARTESIANPOINTLIST2D(((0.65414530038833618,0.090000001713633537),(0.61914530023932457,0.090000001713633537),(0.61914530023932457,0.12500000186264515),(0.65414530038833618,0.12500000186264515)));
#4407=IFCCARTESIANPOINTLIST2D(((0.060000000521540642,0.090000001713633537),(0.61914530023932457,0.090000001713633537)));
#4408=IFCINDEXEDPOLYCURVE(#4407,$,$);
#4409=IFCINDEXEDPOLYCURVE(#4410,$,$);
#4410=IFCCARTESIANPOINTLIST2D(((0.060000000521540642,0.12500000186264515),(0.61914530023932457,0.12500000186264515)));
#4411=IFCINDEXEDPOLYCURVE(#4412,$,$);
#4412=IFCCARTESIANPOINTLIST2D(((0.060000000521540642,0.10750000178813934),(0.61914530023932457,0.10750000178813934)));
#4413=IFCCARTESIANPOINTLIST2D(((0.67914530076086521,0.05000000074505806),(1.2071804516017437,0.05000000074505806)));
#4414=IFCINDEXEDPOLYCURVE(#4413,$,$);
#4415=IFCCARTESIANPOINTLIST2D(((0.65414530038833618,0.10000000149011612),(0.65414530038833618,0.10000000149011612),(0.65414530038833618,0.090000001713633537),(0.67914530076086521,0.090000001713633537),(0.67914530076086521,0.05000000074505806),(0.65414530038833618,0.05000000074505806)));
#4416=IFCINDEXEDPOLYCURVE(#4415,$,$);
#4417=IFCCARTESIANPOINTLIST2D(((1.2571804523468018,0.10000000149011612),(1.2321804519742727,0.10000000149011612),(1.2321804519742727,0.090000001713633537),(1.2071804516017437,0.090000001713633537),(1.2071804516017437,0.05000000074505806),(1.2571804523468018,0.05000000074505806)));
#4418=IFCINDEXEDPOLYCURVE(#4417,(IFCLINEINDEX((1,2,3,4,5,6,1))),$);
#4419=IFCCARTESIANPOINTLIST2D(((0.65414530038833618,0.090000001713633537),(0.65969738364219666,0.090000001713633537),(0.65969738364219666,0.12500000186264515),(0.65414530038833618,0.12500000186264515)));
#4420=IFCINDEXEDPOLYCURVE(#4419,(IFCLINEINDEX((1,2,3,4,1))),$);
#4421=IFCINDEXEDPOLYCURVE(#4422,(IFCLINEINDEX((1,2,3,4,1))),$);
#4422=IFCCARTESIANPOINTLIST2D(((1.2321804519742727,0.090000001713633537),(1.2266283687204123,0.090000001713633537),(1.2266283687204123,0.12500000186264515),(1.2321804519742727,0.12500000186264515)));
#4423=IFCCARTESIANPOINTLIST2D(((0.65969738364219666,0.090000001713633537),(1.2266283687204123,0.090000001713633537)));
#4424=IFCINDEXEDPOLYCURVE(#4423,$,$);
#4425=IFCINDEXEDPOLYCURVE(#4426,$,$);
#4426=IFCCARTESIANPOINTLIST2D(((0.65969738364219666,0.12500000186264515),(1.2266283687204123,0.12500000186264515)));
#4427=IFCINDEXEDPOLYCURVE(#4428,$,$);
#4428=IFCCARTESIANPOINTLIST2D(((0.65969738364219666,0.10750000178813934),(1.2266283687204123,0.10750000178813934)));
#4429=IFCSHAPEREPRESENTATION(#24,'Body','Curve2D',(#4398,#4400,#4402,#4404,#4405,#4408,#4409,#4411,#4414,#4416,#4418,#4420,#4421,#4424,#4425,#4427));
#4430=IFCCARTESIANPOINTLIST2D(((0.,0.),(1.2571804523468018,0.),(1.2571804523468018,0.89999997615814209),(0.,0.89999997615814209)));
#4431=IFCINDEXEDPOLYCURVE(#4430,(IFCLINEINDEX((1,2,3,4,1))),$);
#4432=IFCARBITRARYCLOSEDPROFILEDEF(.AREA.,$,#4431);
#4433=IFCCARTESIANPOINT((0.,-0.60000002384185791,0.));
#4434=IFCDIRECTION((0.,-1.,0.));
#4435=IFCDIRECTION((1.,0.,0.));
#4436=IFCAXIS2PLACEMENT3D(#4433,#4434,#4435);
#4437=IFCDIRECTION((0.,0.,-1.));
#4438=IFCEXTRUDEDAREASOLID(#4432,#4436,#4437,1.2);
#4439=IFCSHAPEREPRESENTATION(#11,'Body','SweptSolid',(#4438));
#4445=IFCCARTESIANPOINT((1.0116473124492291,2.9802322387695312E-07,1.));
#4446=IFCDIRECTION((0.,0.,1.));
#4447=IFCDIRECTION((0.99999999999997158,-2.3841857910155572E-07,0.));
#4448=IFCAXIS2PLACEMENT3D(#4445,#4446,#4447);
#4449=IFCLOCALPLACEMENT(#574,#4448);
#4450=IFCCARTESIANPOINT((4.4408920985006262E-16,0.,0.));
#4451=IFCDIRECTION((0.,0.,1.));
#4452=IFCDIRECTION((1.,0.,0.));
#4453=IFCAXIS2PLACEMENT3D(#4450,#4451,#4452);
#4454=IFCLOCALPLACEMENT(#4449,#4453);
#4455=IFCWINDOWTYPE('3yPSweWHP6ABMdiTJYhFgV',$,'Guest-2-GF',$,$,(#4456),(#4458,#4466,#4514),$,$,.WINDOW.,.SINGLE_PANEL.,$,$);
#4456=IFCPROPERTYSET('14rfQRZhzFiAi6syeg1Kbk',$,'BBIM_Window',$,(#4457));
#4457=IFCPROPERTYSINGLEVALUE('Data',$,IFCTEXT('{"window_type": "SINGLE_PANEL", "overall_height": 0.8999999761581421, "overall_width": 0.7914193868637085, "lining_properties": {"lining_depth": 0.05000000074505806, "lining_thickness": 0.05000000074505806, "lining_offset": 0.05000000074505806, "lining_to_panel_offset_x": 0.02500000037252903, "lining_to_panel_offset_y": 0.02500000037252903}, "panel_properties": {"frame_depth": [0.03500000014901161, 0.03500000014901161, 0.03500000014901161], "frame_thickness": [0.03500000014901161, 0.03500000014901161, 0.03500000014901161]}}'),$);
#4458=IFCREPRESENTATIONMAP(#4459,#4618);
#4459=IFCAXIS2PLACEMENT3D(#4460,#4461,#4462);
#4460=IFCCARTESIANPOINT((0.,0.,0.));
#4461=IFCDIRECTION((0.,0.,1.));
#4462=IFCDIRECTION((1.,0.,0.));
#4466=IFCREPRESENTATIONMAP(#4467,#4661);
#4467=IFCAXIS2PLACEMENT3D(#4468,#4469,#4470);
#4468=IFCCARTESIANPOINT((0.,0.,0.));
#4469=IFCDIRECTION((0.,0.,1.));
#4470=IFCDIRECTION((1.,0.,0.));
#4514=IFCREPRESENTATIONMAP(#4515,#4684);
#4515=IFCAXIS2PLACEMENT3D(#4516,#4517,#4518);
#4516=IFCCARTESIANPOINT((0.,0.,0.));
#4517=IFCDIRECTION((0.,0.,1.));
#4518=IFCDIRECTION((1.,0.,0.));
#4536=IFCWINDOW('0H1dsmVFL5XBYu138_KLzi',$,'Window',$,$,#4709,#4545,$,0.89999997615814209,0.7914193868637085,$,.SINGLE_PANEL.,$);
#4537=IFCRELDEFINESBYTYPE('0kbEDjo4nBgfkAkBSrep8Q',$,$,$,(#4536),#4455);
#4538=IFCCARTESIANPOINT((0.,0.,0.));
#4539=IFCDIRECTION((1.,0.,0.));
#4540=IFCDIRECTION((0.,1.,0.));
#4541=IFCDIRECTION((0.,0.,1.));
#4542=IFCCARTESIANTRANSFORMATIONOPERATOR3D(#4539,#4540,#4538,1.,#4541);
#4543=IFCMAPPEDITEM(#4458,#4542);
#4544=IFCSHAPEREPRESENTATION(#18,'Profile','MappedRepresentation',(#4543));
#4545=IFCPRODUCTDEFINITIONSHAPE($,$,(#4544,#4552,#4559));
#4546=IFCCARTESIANPOINT((0.,0.,0.));
#4547=IFCDIRECTION((1.,0.,0.));
#4548=IFCDIRECTION((0.,1.,0.));
#4549=IFCDIRECTION((0.,0.,1.));
#4550=IFCCARTESIANTRANSFORMATIONOPERATOR3D(#4547,#4548,#4546,1.,#4549);
#4551=IFCMAPPEDITEM(#4466,#4550);
#4552=IFCSHAPEREPRESENTATION(#11,'Body','MappedRepresentation',(#4551));
#4553=IFCCARTESIANPOINT((0.,0.,0.));
#4554=IFCDIRECTION((1.,0.,0.));
#4555=IFCDIRECTION((0.,1.,0.));
#4556=IFCDIRECTION((0.,0.,1.));
#4557=IFCCARTESIANTRANSFORMATIONOPERATOR3D(#4554,#4555,#4553,1.,#4556);
#4558=IFCMAPPEDITEM(#4514,#4557);
#4559=IFCSHAPEREPRESENTATION(#24,'Body','MappedRepresentation',(#4558));
#4560=IFCOPENINGELEMENT('0jpkLU_i58YBm7mnU_4DGB',$,'Opening',$,$,#4704,#4588,$,.OPENING.);
#4576=IFCCARTESIANPOINT((0.,0.,0.));
#4577=IFCDIRECTION((1.,0.,0.));
#4578=IFCDIRECTION((0.,0.,1.));
#4579=IFCAXIS2PLACEMENT3D(#4576,#4578,#4577);
#4580=IFCREPRESENTATIONMAP(#4579,#4694);
#4581=IFCCARTESIANPOINT((0.,0.,0.));
#4582=IFCDIRECTION((1.,0.,0.));
#4583=IFCDIRECTION((0.,1.,0.));
#4584=IFCDIRECTION((0.,0.,1.));
#4585=IFCCARTESIANTRANSFORMATIONOPERATOR3D(#4582,#4583,#4581,1.,#4584);
#4586=IFCMAPPEDITEM(#4580,#4585);
#4587=IFCSHAPEREPRESENTATION(#11,'Body','MappedRepresentation',(#4586));
#4588=IFCPRODUCTDEFINITIONSHAPE($,$,(#4587));
#4589=IFCRELVOIDSELEMENT('1_22mjdf1F68LKbmrobwmq',$,$,$,#267,#4560);
#4595=IFCRELFILLSELEMENT('1fSsdq63j34A6RhQCoKKKf',$,$,$,#4560,#4536);
#4616=IFCCARTESIANPOINTLIST3D(((0.,0.,0.),(0.7914193868637085,0.,0.),(0.7914193868637085,0.,0.89999997615814209),(0.,0.,0.89999997615814209)));
#4617=IFCINDEXEDPOLYCURVE(#4616,(IFCLINEINDEX((1,2,3,4,1))),$);
#4618=IFCSHAPEREPRESENTATION(#18,'Profile','Curve3D',(#4617));
#4619=IFCCARTESIANPOINTLIST2D(((0.,0.),(0.7914193868637085,0.),(0.7914193868637085,0.89999997615814209),(0.,0.89999997615814209)));
#4620=IFCINDEXEDPOLYCURVE(#4619,(IFCLINEINDEX((1,2,3,4,1))),$);
#4621=IFCCARTESIANPOINTLIST2D(((0.02500000037252903,0.02500000037252903),(0.76641938649117947,0.02500000037252903),(0.76641938649117947,0.87499997578561306),(0.02500000037252903,0.87499997578561306)));
#4622=IFCINDEXEDPOLYCURVE(#4621,(IFCLINEINDEX((1,2,3,4,1))),$);
#4623=IFCARBITRARYPROFILEDEFWITHVOIDS(.AREA.,$,#4620,(#4622));
#4624=IFCCARTESIANPOINT((0.,0.090000001713633537,0.));
#4625=IFCDIRECTION((0.,-1.,0.));
#4626=IFCDIRECTION((1.,0.,0.));
#4627=IFCAXIS2PLACEMENT3D(#4624,#4625,#4626);
#4628=IFCDIRECTION((0.,0.,-1.));
#4629=IFCEXTRUDEDAREASOLID(#4623,#4627,#4628,0.0099999997764825821);
#4630=IFCCARTESIANPOINTLIST2D(((0.,0.),(0.7914193868637085,0.),(0.7914193868637085,0.89999997615814209),(0.,0.89999997615814209)));
#4631=IFCINDEXEDPOLYCURVE(#4630,(IFCLINEINDEX((1,2,3,4,1))),$);
#4632=IFCCARTESIANPOINTLIST2D(((0.05000000074505806,0.05000000074505806),(0.74141938611865044,0.05000000074505806),(0.74141938611865044,0.84999997541308403),(0.05000000074505806,0.84999997541308403)));
#4633=IFCINDEXEDPOLYCURVE(#4632,(IFCLINEINDEX((1,2,3,4,1))),$);
#4634=IFCARBITRARYPROFILEDEFWITHVOIDS(.AREA.,$,#4631,(#4633));
#4635=IFCCARTESIANPOINT((0.,0.05000000074505806,0.));
#4636=IFCDIRECTION((0.,-1.,0.));
#4637=IFCDIRECTION((1.,0.,0.));
#4638=IFCAXIS2PLACEMENT3D(#4635,#4636,#4637);
#4639=IFCDIRECTION((0.,0.,-1.));
#4640=IFCEXTRUDEDAREASOLID(#4634,#4638,#4639,0.040000000968575478);
#4641=IFCCARTESIANPOINTLIST2D(((0.,0.),(0.74141938611865044,0.),(0.74141938611865044,0.84999997541308403),(0.,0.84999997541308403)));
#4642=IFCINDEXEDPOLYCURVE(#4641,(IFCLINEINDEX((1,2,3,4,1))),$);
#4643=IFCCARTESIANPOINTLIST2D(((0.035000000149011612,0.035000000149011612),(0.70641938596963882,0.035000000149011612),(0.70641938596963882,0.81499997526407242),(0.035000000149011612,0.81499997526407242)));
#4644=IFCINDEXEDPOLYCURVE(#4643,(IFCLINEINDEX((1,2,3,4,1))),$);
#4645=IFCARBITRARYPROFILEDEFWITHVOIDS(.AREA.,$,#4642,(#4644));
#4646=IFCCARTESIANPOINT((0.02500000037252903,0.090000001713633537,0.02500000037252903));
#4647=IFCDIRECTION((0.,-1.,0.));
#4648=IFCDIRECTION((1.,0.,0.));
#4649=IFCAXIS2PLACEMENT3D(#4646,#4647,#4648);
#4650=IFCDIRECTION((0.,0.,-1.));
#4651=IFCEXTRUDEDAREASOLID(#4645,#4649,#4650,0.035000000149011612);
#4652=IFCINDEXEDPOLYCURVE(#4653,(IFCLINEINDEX((1,2,3,4,1))),$);
#4653=IFCCARTESIANPOINTLIST2D(((0.035000000149011612,0.035000000149011612),(0.70641938596963882,0.035000000149011612),(0.70641938596963882,0.81499997526407242),(0.035000000149011612,0.81499997526407242)));
#4654=IFCARBITRARYCLOSEDPROFILEDEF(.AREA.,$,#4652);
#4655=IFCCARTESIANPOINT((0.02500000037252903,0.10250000178813934,0.02500000037252903));
#4656=IFCDIRECTION((0.,-1.,0.));
#4657=IFCDIRECTION((1.,0.,0.));
#4658=IFCAXIS2PLACEMENT3D(#4655,#4656,#4657);
#4659=IFCDIRECTION((0.,0.,-1.));
#4660=IFCEXTRUDEDAREASOLID(#4654,#4658,#4659,0.01);
#4661=IFCSHAPEREPRESENTATION(#11,'Body','SweptSolid',(#4629,#4640,#4651,#4660));
#4662=IFCSHAPEREPRESENTATION(#11,'Body','SweptSolid',(#4629,#4640));
#4663=IFCSHAPEASPECT((#4662),'Lining',$,.T.,#4545);
#4664=IFCSHAPEREPRESENTATION(#11,'Body','SweptSolid',(#4651));
#4665=IFCSHAPEASPECT((#4664),'Framing',$,.T.,#4545);
#4666=IFCSHAPEREPRESENTATION(#11,'Body','SweptSolid',(#4660));
#4667=IFCSHAPEASPECT((#4666),'Glazing',$,.T.,#4545);
#4668=IFCCARTESIANPOINTLIST2D(((0.05000000074505806,0.05000000074505806),(0.74141938611865044,0.05000000074505806)));
#4669=IFCINDEXEDPOLYCURVE(#4668,$,$);
#4670=IFCCARTESIANPOINTLIST2D(((0.,0.10000000149011612),(0.02500000037252903,0.10000000149011612),(0.02500000037252903,0.090000001713633537),(0.05000000074505806,0.090000001713633537),(0.05000000074505806,0.05000000074505806),(0.,0.05000000074505806)));
#4671=IFCINDEXEDPOLYCURVE(#4670,(IFCLINEINDEX((1,2,3,4,5,6,1))),$);
#4672=IFCCARTESIANPOINTLIST2D(((0.7914193868637085,0.10000000149011612),(0.76641938649117947,0.10000000149011612),(0.76641938649117947,0.090000001713633537),(0.74141938611865044,0.090000001713633537),(0.74141938611865044,0.05000000074505806),(0.7914193868637085,0.05000000074505806)));
#4673=IFCINDEXEDPOLYCURVE(#4672,(IFCLINEINDEX((1,2,3,4,5,6,1))),$);
#4674=IFCCARTESIANPOINTLIST2D(((0.02500000037252903,0.090000001713633537),(0.060000000521540642,0.090000001713633537),(0.060000000521540642,0.12500000186264515),(0.02500000037252903,0.12500000186264515)));
#4675=IFCINDEXEDPOLYCURVE(#4674,(IFCLINEINDEX((1,2,3,4,1))),$);
#4676=IFCINDEXEDPOLYCURVE(#4677,(IFCLINEINDEX((1,2,3,4,1))),$);
#4677=IFCCARTESIANPOINTLIST2D(((0.76641938649117947,0.090000001713633537),(0.73141938634216785,0.090000001713633537),(0.73141938634216785,0.12500000186264515),(0.76641938649117947,0.12500000186264515)));
#4678=IFCCARTESIANPOINTLIST2D(((0.060000000521540642,0.090000001713633537),(0.73141938634216785,0.090000001713633537)));
#4679=IFCINDEXEDPOLYCURVE(#4678,$,$);
#4680=IFCINDEXEDPOLYCURVE(#4681,$,$);
#4681=IFCCARTESIANPOINTLIST2D(((0.060000000521540642,0.12500000186264515),(0.73141938634216785,0.12500000186264515)));
#4682=IFCINDEXEDPOLYCURVE(#4683,$,$);
#4683=IFCCARTESIANPOINTLIST2D(((0.060000000521540642,0.10750000178813934),(0.73141938634216785,0.10750000178813934)));
#4684=IFCSHAPEREPRESENTATION(#24,'Body','Curve2D',(#4669,#4671,#4673,#4675,#4676,#4679,#4680,#4682));
#4685=IFCCARTESIANPOINTLIST2D(((0.,0.),(0.7914193868637085,0.),(0.7914193868637085,0.89999997615814209),(0.,0.89999997615814209)));
#4686=IFCINDEXEDPOLYCURVE(#4685,(IFCLINEINDEX((1,2,3,4,1))),$);
#4687=IFCARBITRARYCLOSEDPROFILEDEF(.AREA.,$,#4686);
#4688=IFCCARTESIANPOINT((0.,-0.60000002384185791,0.));
#4689=IFCDIRECTION((0.,-1.,0.));
#4690=IFCDIRECTION((1.,0.,0.));
#4691=IFCAXIS2PLACEMENT3D(#4688,#4689,#4690);
#4692=IFCDIRECTION((0.,0.,-1.));
#4693=IFCEXTRUDEDAREASOLID(#4687,#4691,#4692,1.2);
#4694=IFCSHAPEREPRESENTATION(#11,'Body','SweptSolid',(#4693));
#4700=IFCCARTESIANPOINT((3.0202174897895651,7.2565430286886112E-07,1.));
#4701=IFCDIRECTION((0.,0.,1.));
#4702=IFCDIRECTION((0.99999999999999289,1.1920928244535129E-07,0.));
#4703=IFCAXIS2PLACEMENT3D(#4700,#4701,#4702);
#4704=IFCLOCALPLACEMENT(#542,#4703);
#4705=IFCCARTESIANPOINT((-8.8817841970012523E-16,0.,0.));
#4706=IFCDIRECTION((0.,0.,1.));
#4707=IFCDIRECTION((1.,0.,0.));
#4708=IFCAXIS2PLACEMENT3D(#4705,#4706,#4707);
#4709=IFCLOCALPLACEMENT(#4704,#4708);
#4710=IFCWINDOWTYPE('2I1QTGmdv4qgyd$Babnoba',$,'Maid-GF',$,$,(#4711),(#4713,#4721,#4769),$,$,.WINDOW.,.SINGLE_PANEL.,$,$);
#4711=IFCPROPERTYSET('0irpF3TffCQeTB94tAVLNF',$,'BBIM_Window',$,(#4712));
#4712=IFCPROPERTYSINGLEVALUE('Data',$,IFCTEXT('{"window_type": "SINGLE_PANEL", "overall_height": 0.8999999761581421, "overall_width": 0.8076488375663757, "lining_properties": {"lining_depth": 0.05000000074505806, "lining_thickness": 0.05000000074505806, "lining_offset": 0.05000000074505806, "lining_to_panel_offset_x": 0.02500000037252903, "lining_to_panel_offset_y": 0.02500000037252903}, "panel_properties": {"frame_depth": [0.03500000014901161, 0.03500000014901161, 0.03500000014901161], "frame_thickness": [0.03500000014901161, 0.03500000014901161, 0.03500000014901161]}}'),$);
#4713=IFCREPRESENTATIONMAP(#4714,#4967);
#4714=IFCAXIS2PLACEMENT3D(#4715,#4716,#4717);
#4715=IFCCARTESIANPOINT((0.,0.,0.));
#4716=IFCDIRECTION((0.,0.,1.));
#4717=IFCDIRECTION((1.,0.,0.));
#4721=IFCREPRESENTATIONMAP(#4722,#5010);
#4722=IFCAXIS2PLACEMENT3D(#4723,#4724,#4725);
#4723=IFCCARTESIANPOINT((0.,0.,0.));
#4724=IFCDIRECTION((0.,0.,1.));
#4725=IFCDIRECTION((1.,0.,0.));
#4769=IFCREPRESENTATIONMAP(#4770,#5027);
#4770=IFCAXIS2PLACEMENT3D(#4771,#4772,#4773);
#4771=IFCCARTESIANPOINT((0.,0.,0.));
#4772=IFCDIRECTION((0.,0.,1.));
#4773=IFCDIRECTION((1.,0.,0.));
#4791=IFCWINDOW('16qWvmkvT3reSXwee12MmP',$,'Window',$,$,#5052,#4800,$,0.89999997615814209,0.80764883756637573,$,.SINGLE_PANEL.,$);
#4792=IFCRELDEFINESBYTYPE('1jMZCVeWjA$xN4dpOIoNvS',$,$,$,(#4791),#4710);
#4793=IFCCARTESIANPOINT((0.,0.,0.));
#4794=IFCDIRECTION((1.,0.,0.));
#4795=IFCDIRECTION((0.,1.,0.));
#4796=IFCDIRECTION((0.,0.,1.));
#4797=IFCCARTESIANTRANSFORMATIONOPERATOR3D(#4794,#4795,#4793,1.,#4796);
#4798=IFCMAPPEDITEM(#4713,#4797);
#4799=IFCSHAPEREPRESENTATION(#18,'Profile','MappedRepresentation',(#4798));
#4800=IFCPRODUCTDEFINITIONSHAPE($,$,(#4799,#4807,#4814));
#4801=IFCCARTESIANPOINT((0.,0.,0.));
#4802=IFCDIRECTION((1.,0.,0.));
#4803=IFCDIRECTION((0.,1.,0.));
#4804=IFCDIRECTION((0.,0.,1.));
#4805=IFCCARTESIANTRANSFORMATIONOPERATOR3D(#4802,#4803,#4801,1.,#4804);
#4806=IFCMAPPEDITEM(#4721,#4805);
#4807=IFCSHAPEREPRESENTATION(#11,'Body','MappedRepresentation',(#4806));
#4808=IFCCARTESIANPOINT((0.,0.,0.));
#4809=IFCDIRECTION((1.,0.,0.));
#4810=IFCDIRECTION((0.,1.,0.));
#4811=IFCDIRECTION((0.,0.,1.));
#4812=IFCCARTESIANTRANSFORMATIONOPERATOR3D(#4809,#4810,#4808,1.,#4811);
#4813=IFCMAPPEDITEM(#4769,#4812);
#4814=IFCSHAPEREPRESENTATION(#24,'Body','MappedRepresentation',(#4813));
#4815=IFCOPENINGELEMENT('26gzsLeFv8QhQHrtESw$xM',$,'Opening',$,$,#5047,#4843,$,.OPENING.);
#4831=IFCCARTESIANPOINT((0.,0.,0.));
#4832=IFCDIRECTION((1.,0.,0.));
#4833=IFCDIRECTION((0.,0.,1.));
#4834=IFCAXIS2PLACEMENT3D(#4831,#4833,#4832);
#4835=IFCREPRESENTATIONMAP(#4834,#5037);
#4836=IFCCARTESIANPOINT((0.,0.,0.));
#4837=IFCDIRECTION((1.,0.,0.));
#4838=IFCDIRECTION((0.,1.,0.));
#4839=IFCDIRECTION((0.,0.,1.));
#4840=IFCCARTESIANTRANSFORMATIONOPERATOR3D(#4837,#4838,#4836,1.,#4839);
#4841=IFCMAPPEDITEM(#4835,#4840);
#4842=IFCSHAPEREPRESENTATION(#11,'Body','MappedRepresentation',(#4841));
#4843=IFCPRODUCTDEFINITIONSHAPE($,$,(#4842));
#4844=IFCRELVOIDSELEMENT('3UosCGmLTBxfC9AVf9$c$3',$,$,$,#242,#4815);
#4850=IFCRELFILLSELEMENT('1sK5BbhvP1wvDZS3gkh6zG',$,$,$,#4815,#4791);
#4859=IFCCARTESIANPOINTLIST2D(((0.,0.),(0.7914193868637085,0.),(0.7914193868637085,0.89999997615814209),(0.,0.89999997615814209)));
#4860=IFCINDEXEDPOLYCURVE(#4859,(IFCLINEINDEX((1,2,3,4,1))),$);
#4861=IFCCARTESIANPOINTLIST2D(((0.02500000037252903,0.02500000037252903),(0.76641938649117947,0.02500000037252903),(0.76641938649117947,0.87499997578561306),(0.02500000037252903,0.87499997578561306)));
#4862=IFCINDEXEDPOLYCURVE(#4861,(IFCLINEINDEX((1,2,3,4,1))),$);
#4863=IFCARBITRARYPROFILEDEFWITHVOIDS(.AREA.,$,#4860,(#4862));
#4864=IFCCARTESIANPOINT((0.,0.090000001713633537,0.));
#4865=IFCDIRECTION((0.,-1.,0.));
#4866=IFCDIRECTION((1.,0.,0.));
#4867=IFCAXIS2PLACEMENT3D(#4864,#4865,#4866);
#4868=IFCDIRECTION((0.,0.,-1.));
#4869=IFCEXTRUDEDAREASOLID(#4863,#4867,#4868,0.0099999997764825821);
#4870=IFCCARTESIANPOINTLIST2D(((0.,0.),(0.7914193868637085,0.),(0.7914193868637085,0.89999997615814209),(0.,0.89999997615814209)));
#4871=IFCINDEXEDPOLYCURVE(#4870,(IFCLINEINDEX((1,2,3,4,1))),$);
#4872=IFCCARTESIANPOINTLIST2D(((0.05000000074505806,0.05000000074505806),(0.74141938611865044,0.05000000074505806),(0.74141938611865044,0.84999997541308403),(0.05000000074505806,0.84999997541308403)));
#4873=IFCINDEXEDPOLYCURVE(#4872,(IFCLINEINDEX((1,2,3,4,1))),$);
#4874=IFCARBITRARYPROFILEDEFWITHVOIDS(.AREA.,$,#4871,(#4873));
#4875=IFCCARTESIANPOINT((0.,0.05000000074505806,0.));
#4876=IFCDIRECTION((0.,-1.,0.));
#4877=IFCDIRECTION((1.,0.,0.));
#4878=IFCAXIS2PLACEMENT3D(#4875,#4876,#4877);
#4879=IFCDIRECTION((0.,0.,-1.));
#4880=IFCEXTRUDEDAREASOLID(#4874,#4878,#4879,0.040000000968575478);
#4881=IFCCARTESIANPOINTLIST2D(((0.,0.),(0.74141938611865044,0.),(0.74141938611865044,0.84999997541308403),(0.,0.84999997541308403)));
#4882=IFCINDEXEDPOLYCURVE(#4881,(IFCLINEINDEX((1,2,3,4,1))),$);
#4883=IFCCARTESIANPOINTLIST2D(((0.035000000149011612,0.035000000149011612),(0.70641938596963882,0.035000000149011612),(0.70641938596963882,0.81499997526407242),(0.035000000149011612,0.81499997526407242)));
#4884=IFCINDEXEDPOLYCURVE(#4883,(IFCLINEINDEX((1,2,3,4,1))),$);
#4885=IFCARBITRARYPROFILEDEFWITHVOIDS(.AREA.,$,#4882,(#4884));
#4886=IFCCARTESIANPOINT((0.02500000037252903,0.090000001713633537,0.02500000037252903));
#4887=IFCDIRECTION((0.,-1.,0.));
#4888=IFCDIRECTION((1.,0.,0.));
#4889=IFCAXIS2PLACEMENT3D(#4886,#4887,#4888);
#4890=IFCDIRECTION((0.,0.,-1.));
#4891=IFCEXTRUDEDAREASOLID(#4885,#4889,#4890,0.035000000149011612);
#4892=IFCINDEXEDPOLYCURVE(#4893,(IFCLINEINDEX((1,2,3,4,1))),$);
#4893=IFCCARTESIANPOINTLIST2D(((0.035000000149011612,0.035000000149011612),(0.70641938596963882,0.035000000149011612),(0.70641938596963882,0.81499997526407242),(0.035000000149011612,0.81499997526407242)));
#4894=IFCARBITRARYCLOSEDPROFILEDEF(.AREA.,$,#4892);
#4895=IFCCARTESIANPOINT((0.02500000037252903,0.10250000178813934,0.02500000037252903));
#4896=IFCDIRECTION((0.,-1.,0.));
#4897=IFCDIRECTION((1.,0.,0.));
#4898=IFCAXIS2PLACEMENT3D(#4895,#4896,#4897);
#4899=IFCDIRECTION((0.,0.,-1.));
#4900=IFCEXTRUDEDAREASOLID(#4894,#4898,#4899,0.01);
#4902=IFCSHAPEREPRESENTATION(#11,'Body','SweptSolid',(#4869,#4978,#4989,#4880));
#4903=IFCSHAPEASPECT((#4902),'Lining',$,.T.,#4800);
#4904=IFCSHAPEREPRESENTATION(#11,'Body','SweptSolid',(#5000,#4891));
#4905=IFCSHAPEASPECT((#4904),'Framing',$,.T.,#4800);
#4906=IFCSHAPEREPRESENTATION(#11,'Body','SweptSolid',(#4900,#5009));
#4907=IFCSHAPEASPECT((#4906),'Glazing',$,.T.,#4800);
#4965=IFCCARTESIANPOINTLIST3D(((0.,0.,0.),(0.80764883756637573,0.,0.),(0.80764883756637573,0.,0.89999997615814209),(0.,0.,0.89999997615814209)));
#4966=IFCINDEXEDPOLYCURVE(#4965,(IFCLINEINDEX((1,2,3,4,1))),$);
#4967=IFCSHAPEREPRESENTATION(#18,'Profile','Curve3D',(#4966));
#4968=IFCCARTESIANPOINTLIST2D(((0.,0.),(0.80764883756637573,0.),(0.80764883756637573,0.89999997615814209),(0.,0.89999997615814209)));
#4969=IFCINDEXEDPOLYCURVE(#4968,(IFCLINEINDEX((1,2,3,4,1))),$);
#4970=IFCCARTESIANPOINTLIST2D(((0.02500000037252903,0.02500000037252903),(0.7826488371938467,0.02500000037252903),(0.7826488371938467,0.87499997578561306),(0.02500000037252903,0.87499997578561306)));
#4971=IFCINDEXEDPOLYCURVE(#4970,(IFCLINEINDEX((1,2,3,4,1))),$);
#4972=IFCARBITRARYPROFILEDEFWITHVOIDS(.AREA.,$,#4969,(#4971));
#4973=IFCCARTESIANPOINT((0.,0.090000001713633537,0.));
#4974=IFCDIRECTION((0.,-1.,0.));
#4975=IFCDIRECTION((1.,0.,0.));
#4976=IFCAXIS2PLACEMENT3D(#4973,#4974,#4975);
#4977=IFCDIRECTION((0.,0.,-1.));
#4978=IFCEXTRUDEDAREASOLID(#4972,#4976,#4977,0.0099999997764825821);
#4979=IFCCARTESIANPOINTLIST2D(((0.,0.),(0.80764883756637573,0.),(0.80764883756637573,0.89999997615814209),(0.,0.89999997615814209)));
#4980=IFCINDEXEDPOLYCURVE(#4979,(IFCLINEINDEX((1,2,3,4,1))),$);
#4981=IFCCARTESIANPOINTLIST2D(((0.05000000074505806,0.05000000074505806),(0.75764883682131767,0.05000000074505806),(0.75764883682131767,0.84999997541308403),(0.05000000074505806,0.84999997541308403)));
#4982=IFCINDEXEDPOLYCURVE(#4981,(IFCLINEINDEX((1,2,3,4,1))),$);
#4983=IFCARBITRARYPROFILEDEFWITHVOIDS(.AREA.,$,#4980,(#4982));
#4984=IFCCARTESIANPOINT((0.,0.05000000074505806,0.));
#4985=IFCDIRECTION((0.,-1.,0.));
#4986=IFCDIRECTION((1.,0.,0.));
#4987=IFCAXIS2PLACEMENT3D(#4984,#4985,#4986);
#4988=IFCDIRECTION((0.,0.,-1.));
#4989=IFCEXTRUDEDAREASOLID(#4983,#4987,#4988,0.040000000968575478);
#4990=IFCCARTESIANPOINTLIST2D(((0.,0.),(0.75764883682131767,0.),(0.75764883682131767,0.84999997541308403),(0.,0.84999997541308403)));
#4991=IFCINDEXEDPOLYCURVE(#4990,(IFCLINEINDEX((1,2,3,4,1))),$);
#4992=IFCCARTESIANPOINTLIST2D(((0.035000000149011612,0.035000000149011612),(0.72264883667230606,0.035000000149011612),(0.72264883667230606,0.81499997526407242),(0.035000000149011612,0.81499997526407242)));
#4993=IFCINDEXEDPOLYCURVE(#4992,(IFCLINEINDEX((1,2,3,4,1))),$);
#4994=IFCARBITRARYPROFILEDEFWITHVOIDS(.AREA.,$,#4991,(#4993));
#4995=IFCCARTESIANPOINT((0.02500000037252903,0.090000001713633537,0.02500000037252903));
#4996=IFCDIRECTION((0.,-1.,0.));
#4997=IFCDIRECTION((1.,0.,0.));
#4998=IFCAXIS2PLACEMENT3D(#4995,#4996,#4997);
#4999=IFCDIRECTION((0.,0.,-1.));
#5000=IFCEXTRUDEDAREASOLID(#4994,#4998,#4999,0.035000000149011612);
#5001=IFCINDEXEDPOLYCURVE(#5002,(IFCLINEINDEX((1,2,3,4,1))),$);
#5002=IFCCARTESIANPOINTLIST2D(((0.035000000149011612,0.035000000149011612),(0.72264883667230606,0.035000000149011612),(0.72264883667230606,0.81499997526407242),(0.035000000149011612,0.81499997526407242)));
#5003=IFCARBITRARYCLOSEDPROFILEDEF(.AREA.,$,#5001);
#5004=IFCCARTESIANPOINT((0.02500000037252903,0.10250000178813934,0.02500000037252903));
#5005=IFCDIRECTION((0.,-1.,0.));
#5006=IFCDIRECTION((1.,0.,0.));
#5007=IFCAXIS2PLACEMENT3D(#5004,#5005,#5006);
#5008=IFCDIRECTION((0.,0.,-1.));
#5009=IFCEXTRUDEDAREASOLID(#5003,#5007,#5008,0.01);
#5010=IFCSHAPEREPRESENTATION(#11,'Body','SweptSolid',(#4978,#4989,#5000,#5009));
#5011=IFCCARTESIANPOINTLIST2D(((0.05000000074505806,0.05000000074505806),(0.75764883682131767,0.05000000074505806)));
#5012=IFCINDEXEDPOLYCURVE(#5011,$,$);
#5013=IFCCARTESIANPOINTLIST2D(((0.,0.10000000149011612),(0.02500000037252903,0.10000000149011612),(0.02500000037252903,0.090000001713633537),(0.05000000074505806,0.090000001713633537),(0.05000000074505806,0.05000000074505806),(0.,0.05000000074505806)));
#5014=IFCINDEXEDPOLYCURVE(#5013,(IFCLINEINDEX((1,2,3,4,5,6,1))),$);
#5015=IFCCARTESIANPOINTLIST2D(((0.80764883756637573,0.10000000149011612),(0.7826488371938467,0.10000000149011612),(0.7826488371938467,0.090000001713633537),(0.75764883682131767,0.090000001713633537),(0.75764883682131767,0.05000000074505806),(0.80764883756637573,0.05000000074505806)));
#5016=IFCINDEXEDPOLYCURVE(#5015,(IFCLINEINDEX((1,2,3,4,5,6,1))),$);
#5017=IFCCARTESIANPOINTLIST2D(((0.02500000037252903,0.090000001713633537),(0.060000000521540642,0.090000001713633537),(0.060000000521540642,0.12500000186264515),(0.02500000037252903,0.12500000186264515)));
#5018=IFCINDEXEDPOLYCURVE(#5017,(IFCLINEINDEX((1,2,3,4,1))),$);
#5019=IFCINDEXEDPOLYCURVE(#5020,(IFCLINEINDEX((1,2,3,4,1))),$);
#5020=IFCCARTESIANPOINTLIST2D(((0.7826488371938467,0.090000001713633537),(0.74764883704483509,0.090000001713633537),(0.74764883704483509,0.12500000186264515),(0.7826488371938467,0.12500000186264515)));
#5021=IFCCARTESIANPOINTLIST2D(((0.060000000521540642,0.090000001713633537),(0.74764883704483509,0.090000001713633537)));
#5022=IFCINDEXEDPOLYCURVE(#5021,$,$);
#5023=IFCINDEXEDPOLYCURVE(#5024,$,$);
#5024=IFCCARTESIANPOINTLIST2D(((0.060000000521540642,0.12500000186264515),(0.74764883704483509,0.12500000186264515)));
#5025=IFCINDEXEDPOLYCURVE(#5026,$,$);
#5026=IFCCARTESIANPOINTLIST2D(((0.060000000521540642,0.10750000178813934),(0.74764883704483509,0.10750000178813934)));
#5027=IFCSHAPEREPRESENTATION(#24,'Body','Curve2D',(#5012,#5014,#5016,#5018,#5019,#5022,#5023,#5025));
#5028=IFCCARTESIANPOINTLIST2D(((0.,0.),(0.80764883756637573,0.),(0.80764883756637573,0.89999997615814209),(0.,0.89999997615814209)));
#5029=IFCINDEXEDPOLYCURVE(#5028,(IFCLINEINDEX((1,2,3,4,1))),$);
#5030=IFCARBITRARYCLOSEDPROFILEDEF(.AREA.,$,#5029);
#5031=IFCCARTESIANPOINT((0.,-0.60000002384185791,0.));
#5032=IFCDIRECTION((0.,-1.,0.));
#5033=IFCDIRECTION((1.,0.,0.));
#5034=IFCAXIS2PLACEMENT3D(#5031,#5032,#5033);
#5035=IFCDIRECTION((0.,0.,-1.));
#5036=IFCEXTRUDEDAREASOLID(#5030,#5034,#5035,1.2);
#5037=IFCSHAPEREPRESENTATION(#11,'Body','SweptSolid',(#5036));
#5043=IFCCARTESIANPOINT((0.76635766029370667,-1.7840647448252867E-07,1.));
#5044=IFCDIRECTION((0.,0.,1.));
#5045=IFCDIRECTION((0.99999999999997158,-2.3841857910149749E-07,0.));
#5046=IFCAXIS2PLACEMENT3D(#5043,#5044,#5045);
#5047=IFCLOCALPLACEMENT(#253,#5046);
#5048=IFCCARTESIANPOINT((0.,0.,0.));
#5049=IFCDIRECTION((0.,0.,1.));
#5050=IFCDIRECTION((1.,0.,0.));
#5051=IFCAXIS2PLACEMENT3D(#5048,#5049,#5050);
#5052=IFCLOCALPLACEMENT(#5047,#5051);
#5058=IFCSLAB('2IBqTtA61A5unFOmDtGxMv',$,'Slab',$,$,#10392,#5073,$,$);
#5059=IFCRELCONTAINEDINSPATIALSTRUCTURE('28$JrYva5EpQKr4c0gYR$A',$,$,$,(#7943,#8505,#5058,#6369,#9669,#8814,#5416,#6470,#5911,#6272,#7348,#6922,#5266,#5441,#9978,#6636,#7536,#7175,#6001,#6792,#6727,#7110,#8975,#5291,#5216,#5391,#10311),#39);
#5060=IFCMATERIALLAYERSETUSAGE(#1131,.AXIS3.,.POSITIVE.,-0.10000000149011612,$);
#5061=IFCRELASSOCIATESMATERIAL('3PEMSD$cvFx8J6koWqjAlt',$,$,$,(#5058),#5060);
#5067=IFCCARTESIANPOINTLIST2D(((0.,0.),(1.9073486328125E-06,9.1098432540893555),(-3.4499998092651367,9.1098423004150391),(-3.4499993324279785,7.6098423004150391),(-6.9999995231628418,7.6098442077636719),(-6.9999985694885254,2.4598429203033447),(-3.9999990463256836,2.4598429203033447),(-3.9999997615814209,0.),(0.,0.)));
#5068=IFCINDEXEDPOLYCURVE(#5067,$,$);
#5069=IFCDIRECTION((0.,0.,1.));
#5070=IFCARBITRARYCLOSEDPROFILEDEF(.AREA.,$,#5068);
#5071=IFCEXTRUDEDAREASOLID(#5070,#5080,#5069,0.10000000000000001);
#5072=IFCSHAPEREPRESENTATION(#11,'Body','SweptSolid',(#5071));
#5073=IFCPRODUCTDEFINITIONSHAPE($,$,(#5072));
#5074=IFCPROPERTYSET('3ChPxwLo59lenE6zFrvOgW',$,'EPset_Parametric',$,(#5076));
#5075=IFCRELDEFINESBYPROPERTIES('0j6scDG6D6NQJS$o3_HkvJ',$,$,$,(#5058),#5074);
#5076=IFCPROPERTYSINGLEVALUE('Engine',$,IFCLABEL('Bonsai.DumbLayer3'),$);
#5077=IFCCARTESIANPOINT((-0.,-0.,-0.10000000149011612));
#5078=IFCDIRECTION((0.,0.,1.));
#5079=IFCDIRECTION((1.,0.,0.));
#5080=IFCAXIS2PLACEMENT3D(#5077,#5078,#5079);
#5081=IFCROOFTYPE('1nmFGlKPH1tA3SEQgm_wAL',$,'Unnamed',$,$,(#5082),(#5111,#5139),$,$,.HIP_ROOF.);
#5082=IFCPROPERTYSET('1Yp9ZxN1r16wjptc06__V8',$,'BBIM_Roof',$,(#5083));
#5083=IFCPROPERTYSINGLEVALUE('Data',$,IFCTEXT('{"roof_type": "HIP/GABLE ROOF", "generation_method": "ANGLE", "roof_thickness": 0.10000000149011612, "rafter_edge_angle": 1.5707963705062866, "angle": 0.1745329201221466, "percentage": 17.63269805908203, "path_data": {"edges": [[0, 1], [1, 2], [2, 3], [3, 0]], "verts": [[-5.0, -5.0, 0.0], [-5.0, 5.0, 0.0], [5.0, 5.0, 0.0], [5.0, -5.0, 0.0]]}}'),$);
#5107=IFCCARTESIANPOINT((0.,0.,0.));
#5108=IFCDIRECTION((1.,0.,0.));
#5109=IFCDIRECTION((0.,0.,1.));
#5110=IFCAXIS2PLACEMENT3D(#5107,#5109,#5108);
#5111=IFCREPRESENTATIONMAP(#5110,#5130);
#5112=IFCINDEXEDPOLYGONALFACE((3,1,2));
#5113=IFCINDEXEDPOLYGONALFACE((2,4,3));
#5114=IFCINDEXEDPOLYGONALFACE((1,3,5));
#5115=IFCINDEXEDPOLYGONALFACE((4,5,3));
#5116=IFCINDEXEDPOLYGONALFACE((6,7,8));
#5117=IFCINDEXEDPOLYGONALFACE((8,2,1));
#5118=IFCINDEXEDPOLYGONALFACE((8,1,6));
#5119=IFCINDEXEDPOLYGONALFACE((8,7,9));
#5120=IFCINDEXEDPOLYGONALFACE((2,8,9));
#5121=IFCINDEXEDPOLYGONALFACE((2,9,4));
#5122=IFCINDEXEDPOLYGONALFACE((10,7,6));
#5123=IFCINDEXEDPOLYGONALFACE((6,1,5));
#5124=IFCINDEXEDPOLYGONALFACE((6,5,10));
#5125=IFCINDEXEDPOLYGONALFACE((9,7,10));
#5126=IFCINDEXEDPOLYGONALFACE((4,9,10));
#5127=IFCINDEXEDPOLYGONALFACE((4,10,5));
#5128=IFCCARTESIANPOINTLIST3D(((-5.,-5.,0.),(5.,-5.,0.),(0.,0.,0.88163489103317261),(5.,5.,0.),(-5.,5.,0.),(-5.,-5.,-0.10154265910387039),(0.,0.,0.78009223937988281),(5.,-5.,-0.10154265910387039),(5.,5.,-0.10154265910387039),(-5.,5.,-0.10154265910387039)));
#5129=IFCPOLYGONALFACESET(#5128,.T.,(#5112,#5113,#5114,#5115,#5116,#5117,#5118,#5119,#5120,#5121,#5122,#5123,#5124,#5125,#5126,#5127),$);
#5130=IFCSHAPEREPRESENTATION(#11,'Body','Tessellation',(#5129));
#5132=IFCCARTESIANPOINT((-5.,-5.,-0.10154265910387039));
#5133=IFCBOUNDINGBOX(#5132,10.,10.,0.9831775426864624);
#5134=IFCSHAPEREPRESENTATION(#13,'Box','BoundingBox',(#5133));
#5135=IFCCARTESIANPOINT((0.,0.,0.));
#5136=IFCDIRECTION((1.,0.,0.));
#5137=IFCDIRECTION((0.,0.,1.));
#5138=IFCAXIS2PLACEMENT3D(#5135,#5137,#5136);
#5139=IFCREPRESENTATIONMAP(#5138,#5134);
#5206=IFCCARTESIANPOINT((-2.2204460492503131E-16,0.,0.));
#5207=IFCDIRECTION((0.,0.,1.));
#5208=IFCDIRECTION((1.,0.,0.));
#5209=IFCAXIS2PLACEMENT3D(#5206,#5207,#5208);
#5210=IFCLOCALPLACEMENT(#3714,#5209);
#5216=IFCWALL('399R3NoXP9HP6PhtZqCmTy',$,'Wall',$,$,#10412,#5222,$,$);
#5217=IFCMATERIALLAYERSETUSAGE(#82,.AXIS2.,.POSITIVE.,0.,$);
#5218=IFCRELASSOCIATESMATERIAL('34_hiX9ejDkwkccLAv8gdM',$,$,$,(#5216),#5217);
#5222=IFCPRODUCTDEFINITIONSHAPE($,$,(#6534,#6531));
#5238=IFCPROPERTYSET('1iwC6tF0j259ISrWNNAR2R',$,'EPset_Parametric',$,(#5240));
#5239=IFCRELDEFINESBYPROPERTIES('1rf4DSkZDDrfcTcXxLB0Rz',$,$,$,(#5216),#5238);
#5240=IFCPROPERTYSINGLEVALUE('Engine',$,IFCLABEL('Bonsai.DumbLayer2'),$);
#5266=IFCWALL('0nKVDc871BKxl63C$piDNo',$,'Wall',$,$,#10437,#5272,$,$);
#5267=IFCMATERIALLAYERSETUSAGE(#82,.AXIS2.,.POSITIVE.,0.,$);
#5268=IFCRELASSOCIATESMATERIAL('0PpckKHrLF2wVa6cVpNPPO',$,$,$,(#5266),#5267);
#5272=IFCPRODUCTDEFINITIONSHAPE($,$,(#6598,#6595));
#5288=IFCPROPERTYSET('3SSlkwKvP0WwRPoG8L9S7A',$,'EPset_Parametric',$,(#5290));
#5289=IFCRELDEFINESBYPROPERTIES('3FhGJ9P0rBbQ5qUrlUbKGW',$,$,$,(#5266),#5288);
#5290=IFCPROPERTYSINGLEVALUE('Engine',$,IFCLABEL('Bonsai.DumbLayer2'),$);
#5291=IFCWALL('047KZlKI56u9zPbj7uuY8V',$,'Wall',$,$,#10397,#5297,$,$);
#5292=IFCMATERIALLAYERSETUSAGE(#82,.AXIS2.,.POSITIVE.,0.,$);
#5293=IFCRELASSOCIATESMATERIAL('1ca02w4zHFswBl1D7SW41K',$,$,$,(#5291),#5292);
#5297=IFCPRODUCTDEFINITIONSHAPE($,$,(#6207,#6204));
#5313=IFCPROPERTYSET('3j$uApvIjCKwd6jx3ilmoN',$,'EPset_Parametric',$,(#5315));
#5314=IFCRELDEFINESBYPROPERTIES('2bRmeJcAfEOhANuRzZ9quf',$,$,$,(#5291),#5313);
#5315=IFCPROPERTYSINGLEVALUE('Engine',$,IFCLABEL('Bonsai.DumbLayer2'),$);
#5391=IFCWALL('3Em6rsxDj9ARwDPz9M3$pS',$,'Wall',$,$,#10417,#5397,$,$);
#5392=IFCMATERIALLAYERSETUSAGE(#82,.AXIS2.,.POSITIVE.,0.,$);
#5393=IFCRELASSOCIATESMATERIAL('0kfabxVeHCggNiboyKyGg4',$,$,$,(#5391),#5392);
#5397=IFCPRODUCTDEFINITIONSHAPE($,$,(#6129,#6126));
#5413=IFCPROPERTYSET('2ShhwbEjPFPRlLb$PwRdey',$,'EPset_Parametric',$,(#5415));
#5414=IFCRELDEFINESBYPROPERTIES('00smGU8E51CxbkofkroCzY',$,$,$,(#5391),#5413);
#5415=IFCPROPERTYSINGLEVALUE('Engine',$,IFCLABEL('Bonsai.DumbLayer2'),$);
#5416=IFCWALL('2weooKL7H7o8aXVQ_mS9Jm',$,'Wall',$,$,#10402,#5422,$,$);
#5417=IFCMATERIALLAYERSETUSAGE(#82,.AXIS2.,.POSITIVE.,0.,$);
#5418=IFCRELASSOCIATESMATERIAL('2uNj0Ovcn2oPdgLac8RBJR',$,$,$,(#5416),#5417);
#5422=IFCPRODUCTDEFINITIONSHAPE($,$,(#5878,#5875));
#5438=IFCPROPERTYSET('1cp$aXoEHAQgOcLkExuVLR',$,'EPset_Parametric',$,(#5440));
#5439=IFCRELDEFINESBYPROPERTIES('1c28IH5x928w1_bgjlhWGJ',$,$,$,(#5416),#5438);
#5440=IFCPROPERTYSINGLEVALUE('Engine',$,IFCLABEL('Bonsai.DumbLayer2'),$);
#5441=IFCWALL('3PmAyVNpz2wAni6IuRGGWa',$,'Wall',$,$,#10407,#5447,$,$);
#5442=IFCMATERIALLAYERSETUSAGE(#82,.AXIS2.,.POSITIVE.,0.,$);
#5443=IFCRELASSOCIATESMATERIAL('3jkudHSyzF489GOcPTNGZy',$,$,$,(#5441),#5442);
#5447=IFCPRODUCTDEFINITIONSHAPE($,$,(#7239,#7236));
#5463=IFCPROPERTYSET('0rtVnqyunAXv3ZHnqBoHOq',$,'EPset_Parametric',$,(#5465));
#5464=IFCRELDEFINESBYPROPERTIES('1DDmHHQ2n42xgZtLmQhxxL',$,$,$,(#5441),#5463);
#5465=IFCPROPERTYSINGLEVALUE('Engine',$,IFCLABEL('Bonsai.DumbLayer2'),$);
#5655=IFCRELCONNECTSPATHELEMENTS('0e3XM76bb5$Osd4iIbV3Yb',$,$,$,$,#5291,#5266,(),(),.ATEND.,.ATSTART.);
#5815=IFCRELCONNECTSPATHELEMENTS('3kaTufKw558xYJ5FhbTn7x',$,$,$,$,#5416,#5391,(),(),.ATEND.,.ATSTART.);
#5847=IFCRELCONNECTSPATHELEMENTS('0vSF8y$U18budQT2HGpjby',$,$,$,$,#5441,#5416,(),(),.ATEND.,.ATSTART.);
#5866=IFCCARTESIANPOINTLIST2D(((0.,0.),(0.10000001629206984,0.10000000000000001),(2.250000178020223,0.10000000000000001),(2.350000170470433,0.)));
#5867=IFCINDEXEDPOLYCURVE(#5866,(IFCLINEINDEX((1,2,3,4,1))),$);
#5868=IFCARBITRARYCLOSEDPROFILEDEF(.AREA.,$,#5867);
#5869=IFCCARTESIANPOINT((0.,0.,0.));
#5870=IFCDIRECTION((0.,0.,1.));
#5871=IFCDIRECTION((1.,0.,0.));
#5872=IFCAXIS2PLACEMENT3D(#5869,#5870,#5871);
#5873=IFCDIRECTION((0.,0.,1.));
#5874=IFCEXTRUDEDAREASOLID(#5868,#5872,#5873,2.9900000095367432);
#5875=IFCSHAPEREPRESENTATION(#11,'Body','SweptSolid',(#5874));
#5876=IFCCARTESIANPOINTLIST2D(((0.,0.),(2.350000170470433,0.)));
#5877=IFCINDEXEDPOLYCURVE(#5876,$,$);
#5878=IFCSHAPEREPRESENTATION(#23,'Axis','Curve2D',(#5877));
#5879=IFCRELCONNECTSPATHELEMENTS('3EZ4SSlAP2$QR8k96BFdzo',$,$,$,$,#5216,#5441,(),(),.ATEND.,.ATSTART.);
#5911=IFCWALL('2uH$o5uODBLRTFld5MeAbY',$,'Wall',$,$,#10442,#5917,$,$);
#5912=IFCMATERIALLAYERSETUSAGE(#82,.AXIS2.,.POSITIVE.,0.,$);
#5913=IFCRELASSOCIATESMATERIAL('19f12Hvp56jwRGEF1rXsBY',$,$,$,(#5911),#5912);
#5917=IFCPRODUCTDEFINITIONSHAPE($,$,(#6617,#6614));
#5933=IFCPROPERTYSET('1NiNIZ3NjBb9TQ2pPX1qhP',$,'EPset_Parametric',$,(#5935));
#5934=IFCRELDEFINESBYPROPERTIES('34BSV7Fq16H9BRSrjXEBIZ',$,$,$,(#5911),#5933);
#5935=IFCPROPERTYSINGLEVALUE('Engine',$,IFCLABEL('Bonsai.DumbLayer2'),$);
#5949=IFCRELCONNECTSPATHELEMENTS('1aDdAVub17k9uwk5QU6dY2',$,$,$,$,#5911,#5441,(),(),.ATPATH.,.ATEND.);
#6001=IFCWALL('23HODzHdbAygab5rEsr6By',$,'Wall',$,$,#10452,#6007,$,$);
#6002=IFCMATERIALLAYERSETUSAGE(#82,.AXIS2.,.POSITIVE.,0.,$);
#6003=IFCRELASSOCIATESMATERIAL('3_4vpolxv2BO8Bc3dceiNf',$,$,$,(#6001),#6002);
#6007=IFCPRODUCTDEFINITIONSHAPE($,$,(#6700,#6697));
#6023=IFCPROPERTYSET('3WylZy15HEkeuGuCwc4HML',$,'EPset_Parametric',$,(#6025));
#6024=IFCRELDEFINESBYPROPERTIES('3TDRPlLQz9lhI1GzC3EA8m',$,$,$,(#6001),#6023);
#6025=IFCPROPERTYSINGLEVALUE('Engine',$,IFCLABEL('Bonsai.DumbLayer2'),$);
#6116=IFCRELCONNECTSPATHELEMENTS('14wxxSSEr9avPcBIEcThE5',$,$,$,$,#5391,#6001,(),(),.ATEND.,.ATSTART.);
#6117=IFCCARTESIANPOINTLIST2D(((0.,0.),(-0.10000008781768079,0.10000000000000001),(0.80000023404722398,0.10000000000000001),(0.90000025033929376,0.)));
#6118=IFCINDEXEDPOLYCURVE(#6117,(IFCLINEINDEX((1,2,3,4,1))),$);
#6119=IFCARBITRARYCLOSEDPROFILEDEF(.AREA.,$,#6118);
#6120=IFCCARTESIANPOINT((0.,0.,0.));
#6121=IFCDIRECTION((0.,0.,1.));
#6122=IFCDIRECTION((1.,0.,0.));
#6123=IFCAXIS2PLACEMENT3D(#6120,#6121,#6122);
#6124=IFCDIRECTION((0.,0.,1.));
#6125=IFCEXTRUDEDAREASOLID(#6119,#6123,#6124,2.9900000095367432);
#6126=IFCSHAPEREPRESENTATION(#11,'Body','SweptSolid',(#6125));
#6127=IFCCARTESIANPOINTLIST2D(((0.,0.),(0.90000025033929376,0.)));
#6128=IFCINDEXEDPOLYCURVE(#6127,$,$);
#6129=IFCSHAPEREPRESENTATION(#23,'Axis','Curve2D',(#6128));
#6195=IFCCARTESIANPOINTLIST2D(((0.,0.),(0.10000004649123768,0.10000000000000001),(7.0220294284031439,0.10000000000000001),(7.1219250091159401,0.)));
#6196=IFCINDEXEDPOLYCURVE(#6195,(IFCLINEINDEX((1,2,3,4,1))),$);
#6197=IFCARBITRARYCLOSEDPROFILEDEF(.AREA.,$,#6196);
#6198=IFCCARTESIANPOINT((0.,0.,0.));
#6199=IFCDIRECTION((0.,0.,1.));
#6200=IFCDIRECTION((1.,0.,0.));
#6201=IFCAXIS2PLACEMENT3D(#6198,#6199,#6200);
#6202=IFCDIRECTION((0.,0.,1.));
#6203=IFCEXTRUDEDAREASOLID(#6197,#6201,#6202,2.9900000095367432);
#6204=IFCSHAPEREPRESENTATION(#11,'Body','SweptSolid',(#6203));
#6205=IFCCARTESIANPOINTLIST2D(((0.,0.),(7.0219249545420173,0.)));
#6206=IFCINDEXEDPOLYCURVE(#6205,$,$);
#6207=IFCSHAPEREPRESENTATION(#23,'Axis','Curve2D',(#6206));
#6272=IFCWALL('3exRu8sEb70uPKZLI_YzMA',$,'Wall',$,$,#10422,#6278,$,$);
#6273=IFCMATERIALLAYERSETUSAGE(#82,.AXIS2.,.POSITIVE.,0.,$);
#6274=IFCRELASSOCIATESMATERIAL('1P4$3sniHAjQOu8kAAYLQ3',$,$,$,(#6272),#6273);
#6278=IFCPRODUCTDEFINITIONSHAPE($,$,(#6355,#6352));
#6294=IFCPROPERTYSET('1iLwNfeRb5ExRjrox4nIYF',$,'EPset_Parametric',$,(#6296));
#6295=IFCRELDEFINESBYPROPERTIES('25vDRiCGT5ARRWLCh_AB7W',$,$,$,(#6272),#6294);
#6296=IFCPROPERTYSINGLEVALUE('Engine',$,IFCLABEL('Bonsai.DumbLayer2'),$);
#6343=IFCCARTESIANPOINTLIST2D(((0.,0.),(0.,0.10000000000000001),(3.4999997723706548,0.10000000000000001),(3.4999998037623032,0.)));
#6344=IFCINDEXEDPOLYCURVE(#6343,(IFCLINEINDEX((1,2,3,4,1))),$);
#6345=IFCARBITRARYCLOSEDPROFILEDEF(.AREA.,$,#6344);
#6346=IFCCARTESIANPOINT((0.,0.,0.));
#6347=IFCDIRECTION((0.,0.,1.));
#6348=IFCDIRECTION((1.,0.,0.));
#6349=IFCAXIS2PLACEMENT3D(#6346,#6347,#6348);
#6350=IFCDIRECTION((0.,0.,1.));
#6351=IFCEXTRUDEDAREASOLID(#6345,#6349,#6350,2.9900000095367432);
#6352=IFCSHAPEREPRESENTATION(#11,'Body','SweptSolid',(#6351));
#6353=IFCCARTESIANPOINTLIST2D(((0.,0.),(3.4999998037623032,0.)));
#6354=IFCINDEXEDPOLYCURVE(#6353,$,$);
#6355=IFCSHAPEREPRESENTATION(#23,'Axis','Curve2D',(#6354));
#6369=IFCWALL('1pj2pK5c1CZx4Nep0xRyFB',$,'Wall',$,$,#10427,#6375,$,$);
#6370=IFCMATERIALLAYERSETUSAGE(#82,.AXIS2.,.POSITIVE.,0.,$);
#6371=IFCRELASSOCIATESMATERIAL('1Wzqkl3Bf7YOGWx3jexiNN',$,$,$,(#6369),#6370);
#6375=IFCPRODUCTDEFINITIONSHAPE($,$,(#6635,#6632));
#6391=IFCPROPERTYSET('1Ti9eOg8XCZguR3_yfaAsc',$,'EPset_Parametric',$,(#6393));
#6392=IFCRELDEFINESBYPROPERTIES('1oBB1EvXH1menMhdlji0GB',$,$,$,(#6369),#6391);
#6393=IFCPROPERTYSINGLEVALUE('Engine',$,IFCLABEL('Bonsai.DumbLayer2'),$);
#6470=IFCWALL('3Yl2fsY4f9XeQfyJJ$zUfs',$,'Wall',$,$,#10432,#6476,$,$);
#6471=IFCMATERIALLAYERSETUSAGE(#82,.AXIS2.,.POSITIVE.,0.,$);
#6472=IFCRELASSOCIATESMATERIAL('2y227Rmdb0ahXsY4_KkYhn',$,$,$,(#6470),#6471);
#6476=IFCPRODUCTDEFINITIONSHAPE($,$,(#6566,#6563));
#6492=IFCPROPERTYSET('2tKZQsBi17th2nXYRPIYIo',$,'EPset_Parametric',$,(#6494));
#6493=IFCRELDEFINESBYPROPERTIES('1elKGlgy5CKgdg_gWX0DWK',$,$,$,(#6470),#6492);
#6494=IFCPROPERTYSINGLEVALUE('Engine',$,IFCLABEL('Bonsai.DumbLayer2'),$);
#6508=IFCRELCONNECTSPATHELEMENTS('3IkFusvWD61QJdOT6zZH2I',$,$,$,$,#6470,#5216,(),(),.ATEND.,.ATEND.);
#6522=IFCCARTESIANPOINTLIST2D(((0.,0.),(0.09999999880751248,0.10000000000000001),(3.8000010512153852,0.10000000000000001),(3.9000010524078728,0.)));
#6523=IFCINDEXEDPOLYCURVE(#6522,(IFCLINEINDEX((1,2,3,4,1))),$);
#6524=IFCARBITRARYCLOSEDPROFILEDEF(.AREA.,$,#6523);
#6525=IFCCARTESIANPOINT((0.,0.,0.));
#6526=IFCDIRECTION((0.,0.,1.));
#6527=IFCDIRECTION((1.,0.,0.));
#6528=IFCAXIS2PLACEMENT3D(#6525,#6526,#6527);
#6529=IFCDIRECTION((0.,0.,1.));
#6530=IFCEXTRUDEDAREASOLID(#6524,#6528,#6529,2.9900000095367432);
#6531=IFCSHAPEREPRESENTATION(#11,'Body','SweptSolid',(#6530));
#6532=IFCCARTESIANPOINTLIST2D(((0.,0.),(3.8000010524078727,0.)));
#6533=IFCINDEXEDPOLYCURVE(#6532,$,$);
#6534=IFCSHAPEREPRESENTATION(#23,'Axis','Curve2D',(#6533));
#6554=IFCCARTESIANPOINTLIST2D(((-0.10000000000000495,0.),(3.1391646615474191E-08,0.10000000000000001),(0.95000022054704081,0.10000000000000001),(0.85000021935455328,0.)));
#6555=IFCINDEXEDPOLYCURVE(#6554,(IFCLINEINDEX((1,2,3,4,1))),$);
#6556=IFCARBITRARYCLOSEDPROFILEDEF(.AREA.,$,#6555);
#6557=IFCCARTESIANPOINT((0.,0.,0.));
#6558=IFCDIRECTION((0.,0.,1.));
#6559=IFCDIRECTION((1.,0.,0.));
#6560=IFCAXIS2PLACEMENT3D(#6557,#6558,#6559);
#6561=IFCDIRECTION((0.,0.,1.));
#6562=IFCEXTRUDEDAREASOLID(#6556,#6560,#6561,2.9900000095367432);
#6563=IFCSHAPEREPRESENTATION(#11,'Body','SweptSolid',(#6562));
#6564=IFCCARTESIANPOINTLIST2D(((0.,0.),(0.95000021935455325,0.)));
#6565=IFCINDEXEDPOLYCURVE(#6564,$,$);
#6566=IFCSHAPEREPRESENTATION(#23,'Axis','Curve2D',(#6565));
#6572=IFCRELCONNECTSPATHELEMENTS('38crnQn0z0O8KuArOk6z_r',$,$,$,$,#6369,#5266,(),(),.ATSTART.,.ATSTART.);
#6586=IFCCARTESIANPOINTLIST2D(((-0.1000000000000108,0.),(-4.6491226868283775E-08,0.10000000000000001),(3.5000000294058244,0.10000000000000001),(3.6000000758970621,0.)));
#6587=IFCINDEXEDPOLYCURVE(#6586,(IFCLINEINDEX((1,2,3,4,1))),$);
#6588=IFCARBITRARYCLOSEDPROFILEDEF(.AREA.,$,#6587);
#6589=IFCCARTESIANPOINT((0.,0.,0.));
#6590=IFCDIRECTION((0.,0.,1.));
#6591=IFCDIRECTION((1.,0.,0.));
#6592=IFCAXIS2PLACEMENT3D(#6589,#6590,#6591);
#6593=IFCDIRECTION((0.,0.,1.));
#6594=IFCEXTRUDEDAREASOLID(#6588,#6592,#6593,2.9900000095367432);
#6595=IFCSHAPEREPRESENTATION(#11,'Body','SweptSolid',(#6594));
#6596=IFCCARTESIANPOINTLIST2D(((0.,0.),(3.6000000758970621,0.)));
#6597=IFCINDEXEDPOLYCURVE(#6596,$,$);
#6598=IFCSHAPEREPRESENTATION(#23,'Axis','Curve2D',(#6597));
#6604=IFCRELCONNECTSPATHELEMENTS('24wPkQ50vD6A5wFLm1YQtD',$,$,$,$,#5911,#6369,(),(),.ATEND.,.ATSTART.);
#6605=IFCCARTESIANPOINTLIST2D(((0.,0.),(0.099999992450210171,0.10000000000000001),(3.8000002813200409,0.10000000000000001),(3.8000002737702507,0.)));
#6606=IFCINDEXEDPOLYCURVE(#6605,(IFCLINEINDEX((1,2,3,4,1))),$);
#6607=IFCARBITRARYCLOSEDPROFILEDEF(.AREA.,$,#6606);
#6608=IFCCARTESIANPOINT((0.,0.,0.));
#6609=IFCDIRECTION((0.,0.,1.));
#6610=IFCDIRECTION((1.,0.,0.));
#6611=IFCAXIS2PLACEMENT3D(#6608,#6609,#6610);
#6612=IFCDIRECTION((0.,0.,1.));
#6613=IFCEXTRUDEDAREASOLID(#6607,#6611,#6612,2.9900000095367432);
#6614=IFCSHAPEREPRESENTATION(#11,'Body','SweptSolid',(#6613));
#6615=IFCCARTESIANPOINTLIST2D(((0.,0.),(3.9000002737702513,0.)));
#6616=IFCINDEXEDPOLYCURVE(#6615,$,$);
#6617=IFCSHAPEREPRESENTATION(#23,'Axis','Curve2D',(#6616));
#6623=IFCCARTESIANPOINTLIST2D(((0.10000000000001082,0.),(4.6491226868285151E-08,0.10000000000000001),(5.0672095044455405,0.10000000000000001),(5.1672094968957509,0.)));
#6624=IFCINDEXEDPOLYCURVE(#6623,(IFCLINEINDEX((1,2,3,4,1))),$);
#6625=IFCARBITRARYCLOSEDPROFILEDEF(.AREA.,$,#6624);
#6626=IFCCARTESIANPOINT((0.,0.,0.));
#6627=IFCDIRECTION((0.,0.,1.));
#6628=IFCDIRECTION((1.,0.,0.));
#6629=IFCAXIS2PLACEMENT3D(#6626,#6627,#6628);
#6630=IFCDIRECTION((0.,0.,1.));
#6631=IFCEXTRUDEDAREASOLID(#6625,#6629,#6630,2.9900000095367432);
#6632=IFCSHAPEREPRESENTATION(#11,'Body','SweptSolid',(#6631));
#6633=IFCCARTESIANPOINTLIST2D(((0.,0.),(5.1672094968957509,0.)));
#6634=IFCINDEXEDPOLYCURVE(#6633,$,$);
#6635=IFCSHAPEREPRESENTATION(#23,'Axis','Curve2D',(#6634));
#6636=IFCWALL('1xvSaJuK91heHF4lZI1Dga',$,'Wall',$,$,#10447,#6642,$,$);
#6637=IFCMATERIALLAYERSETUSAGE(#82,.AXIS2.,.POSITIVE.,0.,$);
#6638=IFCRELASSOCIATESMATERIAL('3uwmTb5SDA7R3__NYEzCbe',$,$,$,(#6636),#6637);
#6642=IFCPRODUCTDEFINITIONSHAPE($,$,(#6791,#6788));
#6658=IFCPROPERTYSET('2RFLrvTMX869vP5o8G2E3L',$,'EPset_Parametric',$,(#6660));
#6659=IFCRELDEFINESBYPROPERTIES('1rJK0JrBr0SPcz$0OnCj0$',$,$,$,(#6636),#6658);
#6660=IFCPROPERTYSINGLEVALUE('Engine',$,IFCLABEL('Bonsai.DumbLayer2'),$);
#6674=IFCRELCONNECTSPATHELEMENTS('19Hbu_JuD4PuazRwJY1PpZ',$,$,$,$,#6636,#6001,(),(),.ATSTART.,.ATEND.);
#6688=IFCCARTESIANPOINTLIST2D(((0.,0.),(0.10000007589674137,0.10000000000000001),(1.6499995569853307,0.10000000000000001),(1.54999946916765,0.)));
#6689=IFCINDEXEDPOLYCURVE(#6688,(IFCLINEINDEX((1,2,3,4,1))),$);
#6690=IFCARBITRARYCLOSEDPROFILEDEF(.AREA.,$,#6689);
#6691=IFCCARTESIANPOINT((0.,0.,0.));
#6692=IFCDIRECTION((0.,0.,1.));
#6693=IFCDIRECTION((1.,0.,0.));
#6694=IFCAXIS2PLACEMENT3D(#6691,#6692,#6693);
#6695=IFCDIRECTION((0.,0.,1.));
#6696=IFCEXTRUDEDAREASOLID(#6690,#6694,#6695,2.9900000095367432);
#6697=IFCSHAPEREPRESENTATION(#11,'Body','SweptSolid',(#6696));
#6698=IFCCARTESIANPOINTLIST2D(((0.,0.),(1.54999946916765,0.)));
#6699=IFCINDEXEDPOLYCURVE(#6698,$,$);
#6700=IFCSHAPEREPRESENTATION(#23,'Axis','Curve2D',(#6699));
#6727=IFCWALL('02C7_1KwDCy8pMAqza4fLI',$,'Wall',$,$,#10457,#6733,$,$);
#6728=IFCMATERIALLAYERSETUSAGE(#82,.AXIS2.,.POSITIVE.,0.,$);
#6729=IFCRELASSOCIATESMATERIAL('0igR$tC1X0jw7aXntqb2kd',$,$,$,(#6727),#6728);
#6733=IFCPRODUCTDEFINITIONSHAPE($,$,(#6778,#6775));
#6749=IFCPROPERTYSET('12Z8CT6xj0tecwphFKrm$p',$,'EPset_Parametric',$,(#6751));
#6750=IFCRELDEFINESBYPROPERTIES('3u2ArzDPH4wunhtfOhDpHk',$,$,$,(#6727),#6749);
#6751=IFCPROPERTYSINGLEVALUE('Engine',$,IFCLABEL('Bonsai.DumbLayer2'),$);
#6765=IFCRELCONNECTSPATHELEMENTS('2B9cR7ovX4SQeJ7mvtS2cj',$,$,$,$,#6727,#6636,(),(),.ATPATH.,.ATEND.);
#6766=IFCCARTESIANPOINTLIST2D(((0.,0.),(0.,0.10000000000000001),(3.5999995851418731,0.10000000000000001),(3.5999995807707346,0.)));
#6767=IFCINDEXEDPOLYCURVE(#6766,(IFCLINEINDEX((1,2,3,4,1))),$);
#6768=IFCARBITRARYCLOSEDPROFILEDEF(.AREA.,$,#6767);
#6769=IFCCARTESIANPOINT((0.,0.,0.));
#6770=IFCDIRECTION((0.,0.,1.));
#6771=IFCDIRECTION((1.,0.,0.));
#6772=IFCAXIS2PLACEMENT3D(#6769,#6770,#6771);
#6773=IFCDIRECTION((0.,0.,1.));
#6774=IFCEXTRUDEDAREASOLID(#6768,#6772,#6773,2.9900000095367432);
#6775=IFCSHAPEREPRESENTATION(#11,'Body','SweptSolid',(#6774));
#6776=IFCCARTESIANPOINTLIST2D(((0.,0.),(3.5999995807707346,0.)));
#6777=IFCINDEXEDPOLYCURVE(#6776,$,$);
#6778=IFCSHAPEREPRESENTATION(#23,'Axis','Curve2D',(#6777));
#6779=IFCCARTESIANPOINTLIST2D(((0.,0.),(0.,0.10000000000000001),(2.4827902988589665,0.10000000000000001),(2.5827903747557079,0.)));
#6780=IFCINDEXEDPOLYCURVE(#6779,(IFCLINEINDEX((1,2,3,4,1))),$);
#6781=IFCARBITRARYCLOSEDPROFILEDEF(.AREA.,$,#6780);
#6782=IFCCARTESIANPOINT((0.,0.,0.));
#6783=IFCDIRECTION((0.,0.,1.));
#6784=IFCDIRECTION((1.,0.,0.));
#6785=IFCAXIS2PLACEMENT3D(#6782,#6783,#6784);
#6786=IFCDIRECTION((0.,0.,1.));
#6787=IFCEXTRUDEDAREASOLID(#6781,#6785,#6786,2.9900000095367432);
#6788=IFCSHAPEREPRESENTATION(#11,'Body','SweptSolid',(#6787));
#6789=IFCCARTESIANPOINTLIST2D(((0.,0.),(2.5827903747557079,0.)));
#6790=IFCINDEXEDPOLYCURVE(#6789,$,$);
#6791=IFCSHAPEREPRESENTATION(#23,'Axis','Curve2D',(#6790));
#6792=IFCSLAB('1vWWiTk4j5l86Upvof$JNM',$,'Slab',$,$,#10462,#6806,$,$);
#6793=IFCMATERIALLAYERSETUSAGE(#1131,.AXIS3.,.POSITIVE.,-0.10000000149011612,$);
#6794=IFCRELASSOCIATESMATERIAL('1utotefYD2jBEMJ4iathLI',$,$,$,(#6792),#6793);
#6800=IFCCARTESIANPOINTLIST2D(((0.,0.),(9.5367431640625E-07,9.5999984741210938),(-3.9000000953674316,9.5999994277954102),(-3.9000003337860107,8.6499996185302734),(-7.5000004768371582,8.6500005722045898),(-7.5000019073486328,-0.049999237060546875),(0.,0.)));
#6801=IFCINDEXEDPOLYCURVE(#6800,$,$);
#6802=IFCDIRECTION((0.,0.,1.));
#6803=IFCARBITRARYCLOSEDPROFILEDEF(.AREA.,$,#6801);
#6804=IFCEXTRUDEDAREASOLID(#6803,#6813,#6802,0.10000000000000001);
#6805=IFCSHAPEREPRESENTATION(#11,'Body','SweptSolid',(#6804));
#6806=IFCPRODUCTDEFINITIONSHAPE($,$,(#6805));
#6807=IFCPROPERTYSET('0twjAUK7XFHhdHtOrFoMrH',$,'EPset_Parametric',$,(#6809));
#6808=IFCRELDEFINESBYPROPERTIES('37IM8NKsP7OP3iLi7PT07e',$,$,$,(#6792),#6807);
#6809=IFCPROPERTYSINGLEVALUE('Engine',$,IFCLABEL('Bonsai.DumbLayer3'),$);
#6810=IFCCARTESIANPOINT((-0.,-0.,-0.10000000149011612));
#6811=IFCDIRECTION((0.,0.,1.));
#6812=IFCDIRECTION((1.,0.,0.));
#6813=IFCAXIS2PLACEMENT3D(#6810,#6811,#6812);
#6814=IFCDOORTYPE('1s0ZsHDSPA2RokHygORaQk',$,'Master Bedroom 1-2F',$,$,(#6815),(#6817,#6825,#6903),$,$,.DOOR.,.SINGLE_SWING_LEFT.,$,$);
#6815=IFCPROPERTYSET('2XPA25lvPFQ8CWoLAnjIze',$,'BBIM_Door',$,(#6816));
#6816=IFCPROPERTYSINGLEVALUE('Data',$,IFCTEXT('{"door_type": "SINGLE_SWING_LEFT", "overall_height": 2.0, "overall_width": 0.7054365873336792, "lining_properties": {"lining_depth": 0.05000000074505806, "lining_thickness": 0.05000000074505806, "lining_offset": 0.0, "lining_to_panel_offset_x": 0.02500000037252903, "lining_to_panel_offset_y": 0.02500000037252903, "transom_thickness": 0.0, "casing_thickness": 0.07500000298023224, "casing_depth": 0.004999999888241291, "threshold_thickness": 0.02500000037252903, "threshold_depth": 0.10000000149011612, "threshold_offset": 0.0}, "panel_properties": {"panel_depth": 0.03500000014901161, "panel_width_ratio": 1.0}}'),$);
#6817=IFCREPRESENTATIONMAP(#6818,#6822);
#6818=IFCAXIS2PLACEMENT3D(#6819,#6820,#6821);
#6819=IFCCARTESIANPOINT((0.,0.,0.));
#6820=IFCDIRECTION((0.,0.,1.));
#6821=IFCDIRECTION((1.,0.,0.));
#6822=IFCSHAPEREPRESENTATION(#18,'Profile','Curve3D',(#6823));
#6823=IFCINDEXEDPOLYCURVE(#6824,(IFCLINEINDEX((1,2,3,4,1))),$);
#6824=IFCCARTESIANPOINTLIST3D(((0.,0.,0.),(0.7054365873336792,0.,0.),(0.7054365873336792,0.,2.),(0.,0.,2.)));
#6825=IFCREPRESENTATIONMAP(#6826,#6830);
#6826=IFCAXIS2PLACEMENT3D(#6827,#6828,#6829);
#6827=IFCCARTESIANPOINT((0.,0.,0.));
#6828=IFCDIRECTION((0.,0.,1.));
#6829=IFCDIRECTION((1.,0.,0.));
#6830=IFCSHAPEREPRESENTATION(#11,'Body','SweptSolid',(#6831,#6840,#6849,#6858,#6867,#6876,#6885,#6894));
#6831=IFCEXTRUDEDAREASOLID(#6832,#6835,#6839,0.02500000037252903);
#6832=IFCARBITRARYCLOSEDPROFILEDEF(.AREA.,$,#6833);
#6833=IFCINDEXEDPOLYCURVE(#6834,(IFCLINEINDEX((1,2,3,4,5,6,7,8,1))),$);
#6834=IFCCARTESIANPOINTLIST2D(((0.,0.),(0.,2.),(0.7054365873336792,2.),(0.7054365873336792,0.),(0.68043658696115017,0.),(0.68043658696115017,1.974999999627471),(0.02500000037252903,1.974999999627471),(0.02500000037252903,0.)));
#6835=IFCAXIS2PLACEMENT3D(#6836,#6837,#6838);
#6836=IFCCARTESIANPOINT((0.,0.02500000037252903,0.));
#6837=IFCDIRECTION((0.,-1.,0.));
#6838=IFCDIRECTION((1.,0.,0.));
#6839=IFCDIRECTION((0.,0.,-1.));
#6840=IFCEXTRUDEDAREASOLID(#6841,#6844,#6848,0.02500000037252903);
#6841=IFCARBITRARYCLOSEDPROFILEDEF(.AREA.,$,#6842);
#6842=IFCINDEXEDPOLYCURVE(#6843,(IFCLINEINDEX((1,2,3,4,5,6,7,8,1))),$);
#6843=IFCCARTESIANPOINTLIST2D(((0.,0.),(0.,2.),(0.7054365873336792,2.),(0.7054365873336792,0.),(0.65543658658862114,0.),(0.65543658658862114,1.9499999992549419),(0.05000000074505806,1.9499999992549419),(0.05000000074505806,0.)));
#6844=IFCAXIS2PLACEMENT3D(#6845,#6846,#6847);
#6845=IFCCARTESIANPOINT((0.,0.,0.));
#6846=IFCDIRECTION((0.,-1.,0.));
#6847=IFCDIRECTION((1.,0.,0.));
#6848=IFCDIRECTION((0.,0.,-1.));
#6849=IFCEXTRUDEDAREASOLID(#6850,#6853,#6857,1.9499999992549419);
#6850=IFCARBITRARYCLOSEDPROFILEDEF(.AREA.,$,#6851);
#6851=IFCINDEXEDPOLYCURVE(#6852,(IFCLINEINDEX((1,2,3,4,1))),$);
#6852=IFCCARTESIANPOINTLIST2D(((0.,0.),(0.65543658658862114,0.),(0.65543658658862114,0.035000000149011612),(0.,0.035000000149011612)));
#6853=IFCAXIS2PLACEMENT3D(#6854,#6855,#6856);
#6854=IFCCARTESIANPOINT((0.02500000037252903,0.02500000037252903,0.02500000037252903));
#6855=IFCDIRECTION((0.,0.,1.));
#6856=IFCDIRECTION((1.,0.,0.));
#6857=IFCDIRECTION((0.,0.,1.));
#6858=IFCEXTRUDEDAREASOLID(#6859,#6862,#6866,0.02);
#6859=IFCARBITRARYCLOSEDPROFILEDEF(.AREA.,$,#6860);
#6860=IFCINDEXEDPOLYCURVE(#6861,(IFCLINEINDEX((1,2,3,4,5,6,1))),$);
#6861=IFCCARTESIANPOINTLIST2D(((0.,0.),(0.,-0.040000000000000001),(-0.11999999999999988,-0.040000000000000001),(-0.11999999999999988,-0.02),(-0.020000000000000018,-0.02),(-0.020000000000000018,0.)));
#6862=IFCAXIS2PLACEMENT3D(#6863,#6864,#6865);
#6863=IFCCARTESIANPOINT((0.63043658696115012,0.02500000037252903,1.015000000372529));
#6864=IFCDIRECTION((0.,0.,1.));
#6865=IFCDIRECTION((1.,0.,0.));
#6866=IFCDIRECTION((0.,0.,1.));
#6867=IFCEXTRUDEDAREASOLID(#6868,#6871,#6875,0.02);
#6868=IFCARBITRARYCLOSEDPROFILEDEF(.AREA.,$,#6869);
#6869=IFCINDEXEDPOLYCURVE(#6870,(IFCLINEINDEX((1,2,3,4,5,6,1))),$);
#6870=IFCCARTESIANPOINTLIST2D(((0.,0.),(0.,0.040000000000000008),(-0.11999999999999988,0.040000000000000008),(-0.11999999999999988,0.020000000000000004),(-0.020000000000000018,0.020000000000000004),(-0.020000000000000018,0.)));
#6871=IFCAXIS2PLACEMENT3D(#6872,#6873,#6874);
#6872=IFCCARTESIANPOINT((0.63043658696115012,0.060000000521540642,1.015000000372529));
#6873=IFCDIRECTION((0.,0.,1.));
#6874=IFCDIRECTION((1.,0.,0.));
#6875=IFCDIRECTION((0.,0.,1.));
#6876=IFCEXTRUDEDAREASOLID(#6877,#6880,#6884,0.02500000037252903);
#6877=IFCARBITRARYCLOSEDPROFILEDEF(.AREA.,$,#6878);
#6878=IFCINDEXEDPOLYCURVE(#6879,(IFCLINEINDEX((1,2,3,4,1))),$);
#6879=IFCCARTESIANPOINTLIST2D(((0.,0.),(0.60543658584356308,0.),(0.60543658584356308,0.10000000149011612),(0.,0.10000000149011612)));
#6880=IFCAXIS2PLACEMENT3D(#6881,#6882,#6883);
#6881=IFCCARTESIANPOINT((0.05000000074505806,0.,0.));
#6882=IFCDIRECTION((0.,0.,1.));
#6883=IFCDIRECTION((1.,0.,0.));
#6884=IFCDIRECTION((0.,0.,1.));
#6885=IFCEXTRUDEDAREASOLID(#6886,#6889,#6893,0.004999999888241291);
#6886=IFCARBITRARYCLOSEDPROFILEDEF(.AREA.,$,#6887);
#6887=IFCINDEXEDPOLYCURVE(#6888,(IFCLINEINDEX((1,2,3,4,5,6,7,8,1))),$);
#6888=IFCCARTESIANPOINTLIST2D(((0.,0.),(0.,2.0250000022351742),(0.75543659180402756,2.0250000022351742),(0.75543659180402756,0.),(0.68043658882379532,0.),(0.68043658882379532,1.9499999992549419),(0.075000002980232239,1.9499999992549419),(0.075000002980232239,0.)));
#6889=IFCAXIS2PLACEMENT3D(#6890,#6891,#6892);
#6890=IFCCARTESIANPOINT((-0.025000002235174179,-0.004999999888241291,0.));
#6891=IFCDIRECTION((0.,-1.,0.));
#6892=IFCDIRECTION((1.,0.,0.));
#6893=IFCDIRECTION((0.,0.,-1.));
#6894=IFCEXTRUDEDAREASOLID(#6895,#6898,#6902,0.004999999888241291);
#6895=IFCARBITRARYCLOSEDPROFILEDEF(.AREA.,$,#6896);
#6896=IFCINDEXEDPOLYCURVE(#6897,(IFCLINEINDEX((1,2,3,4,5,6,7,8,1))),$);
#6897=IFCCARTESIANPOINTLIST2D(((0.,0.),(0.,2.0250000022351742),(0.75543659180402756,2.0250000022351742),(0.75543659180402756,0.),(0.70543658919632435,0.),(0.70543658919632435,1.974999999627471),(0.050000002607703209,1.974999999627471),(0.050000002607703209,0.)));
#6898=IFCAXIS2PLACEMENT3D(#6899,#6900,#6901);
#6899=IFCCARTESIANPOINT((-0.025000002235174179,0.05000000074505806,0.));
#6900=IFCDIRECTION((0.,-1.,0.));
#6901=IFCDIRECTION((1.,0.,0.));
#6902=IFCDIRECTION((0.,0.,-1.));
#6903=IFCREPRESENTATIONMAP(#6904,#6908);
#6904=IFCAXIS2PLACEMENT3D(#6905,#6906,#6907);
#6905=IFCCARTESIANPOINT((0.,0.,0.));
#6906=IFCDIRECTION((0.,0.,1.));
#6907=IFCDIRECTION((1.,0.,0.));
#6908=IFCSHAPEREPRESENTATION(#24,'Body','Curve2D',(#6909,#6911,#6913,#6920));
#6909=IFCINDEXEDPOLYCURVE(#6910,(IFCLINEINDEX((1,2,3,4,5,6,1))),$);
#6910=IFCCARTESIANPOINTLIST2D(((0.,0.),(0.,0.05000000074505806),(0.02500000037252903,0.05000000074505806),(0.02500000037252903,0.02500000037252903),(0.05000000074505806,0.02500000037252903),(0.05000000074505806,0.)));
#6911=IFCINDEXEDPOLYCURVE(#6912,(IFCLINEINDEX((1,2,3,4,5,6,1))),$);
#6912=IFCCARTESIANPOINTLIST2D(((0.7054365873336792,0.),(0.7054365873336792,0.05000000074505806),(0.68043658696115017,0.05000000074505806),(0.68043658696115017,0.02500000037252903),(0.65543658658862114,0.02500000037252903),(0.65543658658862114,0.)));
#6913=IFCTRIMMEDCURVE(#6914,(#6918),(#6919),.T.,.CARTESIAN.);
#6914=IFCELLIPSE(#6915,0.62043658643960953,0.65543658658862114);
#6915=IFCAXIS2PLACEMENT2D(#6916,#6917);
#6916=IFCCARTESIANPOINT((0.060000000521540642,0.05000000074505806));
#6917=IFCDIRECTION((1.,0.));
#6918=IFCCARTESIANPOINT((0.68043658696115017,0.05000000074505806));
#6919=IFCCARTESIANPOINT((0.060000000521540642,0.7054365873336792));
#6920=IFCINDEXEDPOLYCURVE(#6921,(IFCLINEINDEX((1,2,3,4,1))),$);
#6921=IFCCARTESIANPOINTLIST2D(((0.02500000037252903,0.05000000074505806),(0.060000000521540642,0.05000000074505806),(0.060000000521540642,0.7054365873336792),(0.02500000037252903,0.7054365873336792)));
#6922=IFCDOOR('162sRt6p19fOHu0hO0wSlA',$,'Door',$,$,#10168,#6931,$,2.,0.7054365873336792,$,$,$);
#6923=IFCRELDEFINESBYTYPE('2Qsvnu4kjFswFyNR_W61O$',$,$,$,(#6922),#6814);
#6924=IFCCARTESIANPOINT((0.,0.,0.));
#6925=IFCDIRECTION((1.,0.,0.));
#6926=IFCDIRECTION((0.,1.,0.));
#6927=IFCDIRECTION((0.,0.,1.));
#6928=IFCCARTESIANTRANSFORMATIONOPERATOR3D(#6925,#6926,#6924,1.,#6927);
#6929=IFCMAPPEDITEM(#6817,#6928);
#6930=IFCSHAPEREPRESENTATION(#18,'Profile','MappedRepresentation',(#6929));
#6931=IFCPRODUCTDEFINITIONSHAPE($,$,(#6930,#6938,#6945));
#6932=IFCCARTESIANPOINT((0.,0.,0.));
#6933=IFCDIRECTION((1.,0.,0.));
#6934=IFCDIRECTION((0.,1.,0.));
#6935=IFCDIRECTION((0.,0.,1.));
#6936=IFCCARTESIANTRANSFORMATIONOPERATOR3D(#6933,#6934,#6932,1.,#6935);
#6937=IFCMAPPEDITEM(#6825,#6936);
#6938=IFCSHAPEREPRESENTATION(#11,'Body','MappedRepresentation',(#6937));
#6939=IFCCARTESIANPOINT((0.,0.,0.));
#6940=IFCDIRECTION((1.,0.,0.));
#6941=IFCDIRECTION((0.,1.,0.));
#6942=IFCDIRECTION((0.,0.,1.));
#6943=IFCCARTESIANTRANSFORMATIONOPERATOR3D(#6940,#6941,#6939,1.,#6942);
#6944=IFCMAPPEDITEM(#6903,#6943);
#6945=IFCSHAPEREPRESENTATION(#24,'Body','MappedRepresentation',(#6944));
#6946=IFCOPENINGELEMENT('0wTLJJqLb9fglcPRBGDqXi',$,'Opening',$,$,#6996,#6974,$,.OPENING.);
#6952=IFCCARTESIANPOINTLIST2D(((0.,0.),(0.7054365873336792,0.),(0.7054365873336792,2.),(0.,2.)));
#6953=IFCINDEXEDPOLYCURVE(#6952,(IFCLINEINDEX((1,2,3,4,1))),$);
#6954=IFCARBITRARYCLOSEDPROFILEDEF(.AREA.,$,#6953);
#6955=IFCCARTESIANPOINT((0.,-0.60000002384185791,0.));
#6956=IFCDIRECTION((0.,-1.,0.));
#6957=IFCDIRECTION((1.,0.,0.));
#6958=IFCAXIS2PLACEMENT3D(#6955,#6956,#6957);
#6959=IFCDIRECTION((0.,0.,-1.));
#6960=IFCEXTRUDEDAREASOLID(#6954,#6958,#6959,1.2);
#6961=IFCSHAPEREPRESENTATION(#11,'Body','SweptSolid',(#6960));
#6962=IFCCARTESIANPOINT((0.,0.,0.));
#6963=IFCDIRECTION((1.,0.,0.));
#6964=IFCDIRECTION((0.,0.,1.));
#6965=IFCAXIS2PLACEMENT3D(#6962,#6964,#6963);
#6966=IFCREPRESENTATIONMAP(#6965,#6961);
#6967=IFCCARTESIANPOINT((0.,0.,0.));
#6968=IFCDIRECTION((1.,0.,0.));
#6969=IFCDIRECTION((0.,1.,0.));
#6970=IFCDIRECTION((0.,0.,1.));
#6971=IFCCARTESIANTRANSFORMATIONOPERATOR3D(#6968,#6969,#6967,1.,#6970);
#6972=IFCMAPPEDITEM(#6966,#6971);
#6973=IFCSHAPEREPRESENTATION(#11,'Body','MappedRepresentation',(#6972));
#6974=IFCPRODUCTDEFINITIONSHAPE($,$,(#6973));
#6975=IFCRELVOIDSELEMENT('3KvF8y9yTAHOJSvE2djL0Z',$,$,$,#6369,#6946);
#6981=IFCRELFILLSELEMENT('1eG6RxXAb5nBEEkP3QedaJ',$,$,$,#6946,#6922);
#6992=IFCCARTESIANPOINT((3.2323679534597365,5.3837316543736691E-07,0.));
#6993=IFCDIRECTION((0.,0.,1.));
#6994=IFCDIRECTION((0.99999999999999289,1.1920928244535129E-07,0.));
#6995=IFCAXIS2PLACEMENT3D(#6992,#6993,#6994);
#6996=IFCLOCALPLACEMENT(#10427,#6995);
#7002=IFCDOORTYPE('1zbNFTUBj4hx2MOTR8k63L',$,'Bedroom 1-2F',$,$,(#7003),(#7005,#7013,#7091),$,$,.DOOR.,.SINGLE_SWING_LEFT.,$,$);
#7003=IFCPROPERTYSET('0JyMHr1SH1l8UL3sb5xLVT',$,'BBIM_Door',$,(#7004));
#7004=IFCPROPERTYSINGLEVALUE('Data',$,IFCTEXT('{"door_type": "SINGLE_SWING_LEFT", "overall_height": 2.0, "overall_width": 0.7054365873336792, "lining_properties": {"lining_depth": 0.05000000074505806, "lining_thickness": 0.05000000074505806, "lining_offset": 0.0, "lining_to_panel_offset_x": 0.02500000037252903, "lining_to_panel_offset_y": 0.02500000037252903, "transom_thickness": 0.0, "casing_thickness": 0.07500000298023224, "casing_depth": 0.004999999888241291, "threshold_thickness": 0.02500000037252903, "threshold_depth": 0.10000000149011612, "threshold_offset": 0.0}, "panel_properties": {"panel_depth": 0.03500000014901161, "panel_width_ratio": 1.0}}'),$);
#7005=IFCREPRESENTATIONMAP(#7006,#7010);
#7006=IFCAXIS2PLACEMENT3D(#7007,#7008,#7009);
#7007=IFCCARTESIANPOINT((0.,0.,0.));
#7008=IFCDIRECTION((0.,0.,1.));
#7009=IFCDIRECTION((1.,0.,0.));
#7010=IFCSHAPEREPRESENTATION(#18,'Profile','Curve3D',(#7011));
#7011=IFCINDEXEDPOLYCURVE(#7012,(IFCLINEINDEX((1,2,3,4,1))),$);
#7012=IFCCARTESIANPOINTLIST3D(((0.,0.,0.),(0.7054365873336792,0.,0.),(0.7054365873336792,0.,2.),(0.,0.,2.)));
#7013=IFCREPRESENTATIONMAP(#7014,#7018);
#7014=IFCAXIS2PLACEMENT3D(#7015,#7016,#7017);
#7015=IFCCARTESIANPOINT((0.,0.,0.));
#7016=IFCDIRECTION((0.,0.,1.));
#7017=IFCDIRECTION((1.,0.,0.));
#7018=IFCSHAPEREPRESENTATION(#11,'Body','SweptSolid',(#7019,#7028,#7037,#7046,#7055,#7064,#7073,#7082));
#7019=IFCEXTRUDEDAREASOLID(#7020,#7023,#7027,0.02500000037252903);
#7020=IFCARBITRARYCLOSEDPROFILEDEF(.AREA.,$,#7021);
#7021=IFCINDEXEDPOLYCURVE(#7022,(IFCLINEINDEX((1,2,3,4,5,6,7,8,1))),$);
#7022=IFCCARTESIANPOINTLIST2D(((0.,0.),(0.,2.),(0.7054365873336792,2.),(0.7054365873336792,0.),(0.68043658696115017,0.),(0.68043658696115017,1.974999999627471),(0.02500000037252903,1.974999999627471),(0.02500000037252903,0.)));
#7023=IFCAXIS2PLACEMENT3D(#7024,#7025,#7026);
#7024=IFCCARTESIANPOINT((0.,0.02500000037252903,0.));
#7025=IFCDIRECTION((0.,-1.,0.));
#7026=IFCDIRECTION((1.,0.,0.));
#7027=IFCDIRECTION((0.,0.,-1.));
#7028=IFCEXTRUDEDAREASOLID(#7029,#7032,#7036,0.02500000037252903);
#7029=IFCARBITRARYCLOSEDPROFILEDEF(.AREA.,$,#7030);
#7030=IFCINDEXEDPOLYCURVE(#7031,(IFCLINEINDEX((1,2,3,4,5,6,7,8,1))),$);
#7031=IFCCARTESIANPOINTLIST2D(((0.,0.),(0.,2.),(0.7054365873336792,2.),(0.7054365873336792,0.),(0.65543658658862114,0.),(0.65543658658862114,1.9499999992549419),(0.05000000074505806,1.9499999992549419),(0.05000000074505806,0.)));
#7032=IFCAXIS2PLACEMENT3D(#7033,#7034,#7035);
#7033=IFCCARTESIANPOINT((0.,0.,0.));
#7034=IFCDIRECTION((0.,-1.,0.));
#7035=IFCDIRECTION((1.,0.,0.));
#7036=IFCDIRECTION((0.,0.,-1.));
#7037=IFCEXTRUDEDAREASOLID(#7038,#7041,#7045,1.9499999992549419);
#7038=IFCARBITRARYCLOSEDPROFILEDEF(.AREA.,$,#7039);
#7039=IFCINDEXEDPOLYCURVE(#7040,(IFCLINEINDEX((1,2,3,4,1))),$);
#7040=IFCCARTESIANPOINTLIST2D(((0.,0.),(0.65543658658862114,0.),(0.65543658658862114,0.035000000149011612),(0.,0.035000000149011612)));
#7041=IFCAXIS2PLACEMENT3D(#7042,#7043,#7044);
#7042=IFCCARTESIANPOINT((0.02500000037252903,0.02500000037252903,0.02500000037252903));
#7043=IFCDIRECTION((0.,0.,1.));
#7044=IFCDIRECTION((1.,0.,0.));
#7045=IFCDIRECTION((0.,0.,1.));
#7046=IFCEXTRUDEDAREASOLID(#7047,#7050,#7054,0.02);
#7047=IFCARBITRARYCLOSEDPROFILEDEF(.AREA.,$,#7048);
#7048=IFCINDEXEDPOLYCURVE(#7049,(IFCLINEINDEX((1,2,3,4,5,6,1))),$);
#7049=IFCCARTESIANPOINTLIST2D(((0.,0.),(0.,-0.040000000000000001),(-0.11999999999999988,-0.040000000000000001),(-0.11999999999999988,-0.02),(-0.020000000000000018,-0.02),(-0.020000000000000018,0.)));
#7050=IFCAXIS2PLACEMENT3D(#7051,#7052,#7053);
#7051=IFCCARTESIANPOINT((0.63043658696115012,0.02500000037252903,1.015000000372529));
#7052=IFCDIRECTION((0.,0.,1.));
#7053=IFCDIRECTION((1.,0.,0.));
#7054=IFCDIRECTION((0.,0.,1.));
#7055=IFCEXTRUDEDAREASOLID(#7056,#7059,#7063,0.02);
#7056=IFCARBITRARYCLOSEDPROFILEDEF(.AREA.,$,#7057);
#7057=IFCINDEXEDPOLYCURVE(#7058,(IFCLINEINDEX((1,2,3,4,5,6,1))),$);
#7058=IFCCARTESIANPOINTLIST2D(((0.,0.),(0.,0.040000000000000008),(-0.11999999999999988,0.040000000000000008),(-0.11999999999999988,0.020000000000000004),(-0.020000000000000018,0.020000000000000004),(-0.020000000000000018,0.)));
#7059=IFCAXIS2PLACEMENT3D(#7060,#7061,#7062);
#7060=IFCCARTESIANPOINT((0.63043658696115012,0.060000000521540642,1.015000000372529));
#7061=IFCDIRECTION((0.,0.,1.));
#7062=IFCDIRECTION((1.,0.,0.));
#7063=IFCDIRECTION((0.,0.,1.));
#7064=IFCEXTRUDEDAREASOLID(#7065,#7068,#7072,0.02500000037252903);
#7065=IFCARBITRARYCLOSEDPROFILEDEF(.AREA.,$,#7066);
#7066=IFCINDEXEDPOLYCURVE(#7067,(IFCLINEINDEX((1,2,3,4,1))),$);
#7067=IFCCARTESIANPOINTLIST2D(((0.,0.),(0.60543658584356308,0.),(0.60543658584356308,0.10000000149011612),(0.,0.10000000149011612)));
#7068=IFCAXIS2PLACEMENT3D(#7069,#7070,#7071);
#7069=IFCCARTESIANPOINT((0.05000000074505806,0.,0.));
#7070=IFCDIRECTION((0.,0.,1.));
#7071=IFCDIRECTION((1.,0.,0.));
#7072=IFCDIRECTION((0.,0.,1.));
#7073=IFCEXTRUDEDAREASOLID(#7074,#7077,#7081,0.004999999888241291);
#7074=IFCARBITRARYCLOSEDPROFILEDEF(.AREA.,$,#7075);
#7075=IFCINDEXEDPOLYCURVE(#7076,(IFCLINEINDEX((1,2,3,4,5,6,7,8,1))),$);
#7076=IFCCARTESIANPOINTLIST2D(((0.,0.),(0.,2.0250000022351742),(0.75543659180402756,2.0250000022351742),(0.75543659180402756,0.),(0.68043658882379532,0.),(0.68043658882379532,1.9499999992549419),(0.075000002980232239,1.9499999992549419),(0.075000002980232239,0.)));
#7077=IFCAXIS2PLACEMENT3D(#7078,#7079,#7080);
#7078=IFCCARTESIANPOINT((-0.025000002235174179,-0.004999999888241291,0.));
#7079=IFCDIRECTION((0.,-1.,0.));
#7080=IFCDIRECTION((1.,0.,0.));
#7081=IFCDIRECTION((0.,0.,-1.));
#7082=IFCEXTRUDEDAREASOLID(#7083,#7086,#7090,0.004999999888241291);
#7083=IFCARBITRARYCLOSEDPROFILEDEF(.AREA.,$,#7084);
#7084=IFCINDEXEDPOLYCURVE(#7085,(IFCLINEINDEX((1,2,3,4,5,6,7,8,1))),$);
#7085=IFCCARTESIANPOINTLIST2D(((0.,0.),(0.,2.0250000022351742),(0.75543659180402756,2.0250000022351742),(0.75543659180402756,0.),(0.70543658919632435,0.),(0.70543658919632435,1.974999999627471),(0.050000002607703209,1.974999999627471),(0.050000002607703209,0.)));
#7086=IFCAXIS2PLACEMENT3D(#7087,#7088,#7089);
#7087=IFCCARTESIANPOINT((-0.025000002235174179,0.05000000074505806,0.));
#7088=IFCDIRECTION((0.,-1.,0.));
#7089=IFCDIRECTION((1.,0.,0.));
#7090=IFCDIRECTION((0.,0.,-1.));
#7091=IFCREPRESENTATIONMAP(#7092,#7096);
#7092=IFCAXIS2PLACEMENT3D(#7093,#7094,#7095);
#7093=IFCCARTESIANPOINT((0.,0.,0.));
#7094=IFCDIRECTION((0.,0.,1.));
#7095=IFCDIRECTION((1.,0.,0.));
#7096=IFCSHAPEREPRESENTATION(#24,'Body','Curve2D',(#7097,#7099,#7101,#7108));
#7097=IFCINDEXEDPOLYCURVE(#7098,(IFCLINEINDEX((1,2,3,4,5,6,1))),$);
#7098=IFCCARTESIANPOINTLIST2D(((0.,0.),(0.,0.05000000074505806),(0.02500000037252903,0.05000000074505806),(0.02500000037252903,0.02500000037252903),(0.05000000074505806,0.02500000037252903),(0.05000000074505806,0.)));
#7099=IFCINDEXEDPOLYCURVE(#7100,(IFCLINEINDEX((1,2,3,4,5,6,1))),$);
#7100=IFCCARTESIANPOINTLIST2D(((0.7054365873336792,0.),(0.7054365873336792,0.05000000074505806),(0.68043658696115017,0.05000000074505806),(0.68043658696115017,0.02500000037252903),(0.65543658658862114,0.02500000037252903),(0.65543658658862114,0.)));
#7101=IFCTRIMMEDCURVE(#7102,(#7106),(#7107),.T.,.CARTESIAN.);
#7102=IFCELLIPSE(#7103,0.62043658643960953,0.65543658658862114);
#7103=IFCAXIS2PLACEMENT2D(#7104,#7105);
#7104=IFCCARTESIANPOINT((0.060000000521540642,0.05000000074505806));
#7105=IFCDIRECTION((1.,0.));
#7106=IFCCARTESIANPOINT((0.68043658696115017,0.05000000074505806));
#7107=IFCCARTESIANPOINT((0.060000000521540642,0.7054365873336792));
#7108=IFCINDEXEDPOLYCURVE(#7109,(IFCLINEINDEX((1,2,3,4,1))),$);
#7109=IFCCARTESIANPOINTLIST2D(((0.02500000037252903,0.05000000074505806),(0.060000000521540642,0.05000000074505806),(0.060000000521540642,0.7054365873336792),(0.02500000037252903,0.7054365873336792)));
#7110=IFCDOOR('2cEgS0$pbBxPO8VRmCBg4S',$,'Door',$,$,#7174,#7119,$,2.,0.7054365873336792,$,$,$);
#7111=IFCRELDEFINESBYTYPE('28w6p7egX7Xwy_$fB0u4Xq',$,$,$,(#7110),#7002);
#7112=IFCCARTESIANPOINT((0.,0.,0.));
#7113=IFCDIRECTION((1.,0.,0.));
#7114=IFCDIRECTION((0.,1.,0.));
#7115=IFCDIRECTION((0.,0.,1.));
#7116=IFCCARTESIANTRANSFORMATIONOPERATOR3D(#7113,#7114,#7112,1.,#7115);
#7117=IFCMAPPEDITEM(#7005,#7116);
#7118=IFCSHAPEREPRESENTATION(#18,'Profile','MappedRepresentation',(#7117));
#7119=IFCPRODUCTDEFINITIONSHAPE($,$,(#7118,#7126,#7133));
#7120=IFCCARTESIANPOINT((0.,0.,0.));
#7121=IFCDIRECTION((1.,0.,0.));
#7122=IFCDIRECTION((0.,1.,0.));
#7123=IFCDIRECTION((0.,0.,1.));
#7124=IFCCARTESIANTRANSFORMATIONOPERATOR3D(#7121,#7122,#7120,1.,#7123);
#7125=IFCMAPPEDITEM(#7013,#7124);
#7126=IFCSHAPEREPRESENTATION(#11,'Body','MappedRepresentation',(#7125));
#7127=IFCCARTESIANPOINT((0.,0.,0.));
#7128=IFCDIRECTION((1.,0.,0.));
#7129=IFCDIRECTION((0.,1.,0.));
#7130=IFCDIRECTION((0.,0.,1.));
#7131=IFCCARTESIANTRANSFORMATIONOPERATOR3D(#7128,#7129,#7127,1.,#7130);
#7132=IFCMAPPEDITEM(#7091,#7131);
#7133=IFCSHAPEREPRESENTATION(#24,'Body','MappedRepresentation',(#7132));
#7134=IFCOPENINGELEMENT('2YHvoEuYjFJxVl2kCaKLQA',$,'Opening',$,$,#7168,#7162,$,.OPENING.);
#7140=IFCCARTESIANPOINTLIST2D(((0.,0.),(0.7054365873336792,0.),(0.7054365873336792,2.),(0.,2.)));
#7141=IFCINDEXEDPOLYCURVE(#7140,(IFCLINEINDEX((1,2,3,4,1))),$);
#7142=IFCARBITRARYCLOSEDPROFILEDEF(.AREA.,$,#7141);
#7143=IFCCARTESIANPOINT((0.,-0.60000002384185791,0.));
#7144=IFCDIRECTION((0.,-1.,0.));
#7145=IFCDIRECTION((1.,0.,0.));
#7146=IFCAXIS2PLACEMENT3D(#7143,#7144,#7145);
#7147=IFCDIRECTION((0.,0.,-1.));
#7148=IFCEXTRUDEDAREASOLID(#7142,#7146,#7147,1.2);
#7149=IFCSHAPEREPRESENTATION(#11,'Body','SweptSolid',(#7148));
#7150=IFCCARTESIANPOINT((0.,0.,0.));
#7151=IFCDIRECTION((1.,0.,0.));
#7152=IFCDIRECTION((0.,0.,1.));
#7153=IFCAXIS2PLACEMENT3D(#7150,#7152,#7151);
#7154=IFCREPRESENTATIONMAP(#7153,#7149);
#7155=IFCCARTESIANPOINT((0.,0.,0.));
#7156=IFCDIRECTION((1.,0.,0.));
#7157=IFCDIRECTION((0.,1.,0.));
#7158=IFCDIRECTION((0.,0.,1.));
#7159=IFCCARTESIANTRANSFORMATIONOPERATOR3D(#7156,#7157,#7155,1.,#7158);
#7160=IFCMAPPEDITEM(#7154,#7159);
#7161=IFCSHAPEREPRESENTATION(#11,'Body','MappedRepresentation',(#7160));
#7162=IFCPRODUCTDEFINITIONSHAPE($,$,(#7161));
#7163=IFCRELVOIDSELEMENT('3h1ejLY1T6EwGqD24dJjXP',$,$,$,#6369,#7134);
#7164=IFCCARTESIANPOINT((2.7386092825732304,0.10000033127186547,0.));
#7165=IFCDIRECTION((0.,0.,1.));
#7166=IFCDIRECTION((-0.99999999999999623,-8.7422783678901786E-08,0.));
#7167=IFCAXIS2PLACEMENT3D(#7164,#7165,#7166);
#7168=IFCLOCALPLACEMENT(#10427,#7167);
#7169=IFCRELFILLSELEMENT('29oiFqVJfCNBVuLXI3QDtH',$,$,$,#7134,#7110);
#7170=IFCCARTESIANPOINT((1.3322676295501878E-15,-5.5511151231257827E-17,0.));
#7171=IFCDIRECTION((0.,0.,1.));
#7172=IFCDIRECTION((0.99999999999999978,2.6469779601696886E-23,0.));
#7173=IFCAXIS2PLACEMENT3D(#7170,#7171,#7172);
#7174=IFCLOCALPLACEMENT(#7168,#7173);
#7175=IFCWALL('1XL36$PKTAkOPhmDZ$nou5',$,'Wall',$,$,#10467,#7181,$,$);
#7176=IFCMATERIALLAYERSETUSAGE(#82,.AXIS2.,.POSITIVE.,0.,$);
#7177=IFCRELASSOCIATESMATERIAL('136iqRgIn648tgAhktfI3E',$,$,$,(#7175),#7176);
#7181=IFCPRODUCTDEFINITIONSHAPE($,$,(#7226,#7223));
#7197=IFCPROPERTYSET('3Kynvi8IT5sPG8WymDzQGm',$,'EPset_Parametric',$,(#7199));
#7198=IFCRELDEFINESBYPROPERTIES('28sPliMUP6P80GegtJVvkP',$,$,$,(#7175),#7197);
#7199=IFCPROPERTYSINGLEVALUE('Engine',$,IFCLABEL('Bonsai.DumbLayer2'),$);
#7213=IFCRELCONNECTSPATHELEMENTS('3uIwOB9j9A5R1bNekfIa6d',$,$,$,$,#7175,#5441,(),(),.ATPATH.,.ATEND.);
#7214=IFCCARTESIANPOINTLIST2D(((0.,0.),(0.,0.10000000000000001),(3.7000008611726103,0.10000000000000001),(3.7000008536228202,0.)));
#7215=IFCINDEXEDPOLYCURVE(#7214,(IFCLINEINDEX((1,2,3,4,1))),$);
#7216=IFCARBITRARYCLOSEDPROFILEDEF(.AREA.,$,#7215);
#7217=IFCCARTESIANPOINT((0.,0.,0.));
#7218=IFCDIRECTION((0.,0.,1.));
#7219=IFCDIRECTION((1.,0.,0.));
#7220=IFCAXIS2PLACEMENT3D(#7217,#7218,#7219);
#7221=IFCDIRECTION((0.,0.,1.));
#7222=IFCEXTRUDEDAREASOLID(#7216,#7220,#7221,2.9900000095367432);
#7223=IFCSHAPEREPRESENTATION(#11,'Body','SweptSolid',(#7222));
#7224=IFCCARTESIANPOINTLIST2D(((0.,0.),(3.8000008536228207,0.)));
#7225=IFCINDEXEDPOLYCURVE(#7224,$,$);
#7226=IFCSHAPEREPRESENTATION(#23,'Axis','Curve2D',(#7225));
#7227=IFCCARTESIANPOINTLIST2D(((0.,0.),(0.099999992450210157,0.10000000000000001),(9.499998952150662,0.10000000000000001),(9.5999989509581738,0.)));
#7228=IFCINDEXEDPOLYCURVE(#7227,(IFCLINEINDEX((1,2,3,4,1))),$);
#7229=IFCARBITRARYCLOSEDPROFILEDEF(.AREA.,$,#7228);
#7230=IFCCARTESIANPOINT((0.,0.,0.));
#7231=IFCDIRECTION((0.,0.,1.));
#7232=IFCDIRECTION((1.,0.,0.));
#7233=IFCAXIS2PLACEMENT3D(#7230,#7231,#7232);
#7234=IFCDIRECTION((0.,0.,1.));
#7235=IFCEXTRUDEDAREASOLID(#7229,#7233,#7234,2.9900000095367432);
#7236=IFCSHAPEREPRESENTATION(#11,'Body','SweptSolid',(#7235));
#7237=IFCCARTESIANPOINTLIST2D(((0.,0.),(9.5999989509581738,0.)));
#7238=IFCINDEXEDPOLYCURVE(#7237,$,$);
#7239=IFCSHAPEREPRESENTATION(#23,'Axis','Curve2D',(#7238));
#7240=IFCDOORTYPE('3llAIBkrb4Lfz85cFmSGhg',$,'T & B -2F',$,$,(#7241),(#7243,#7251,#7329),$,$,.DOOR.,.SINGLE_SWING_LEFT.,$,$);
#7241=IFCPROPERTYSET('22AgyqudrCkAQTPmoHe7Mq',$,'BBIM_Door',$,(#7242));
#7242=IFCPROPERTYSINGLEVALUE('Data',$,IFCTEXT('{"door_type": "SINGLE_SWING_LEFT", "overall_height": 2.0, "overall_width": 0.7054365873336792, "lining_properties": {"lining_depth": 0.05000000074505806, "lining_thickness": 0.05000000074505806, "lining_offset": 0.0, "lining_to_panel_offset_x": 0.02500000037252903, "lining_to_panel_offset_y": 0.02500000037252903, "transom_thickness": 0.0, "casing_thickness": 0.07500000298023224, "casing_depth": 0.004999999888241291, "threshold_thickness": 0.02500000037252903, "threshold_depth": 0.10000000149011612, "threshold_offset": 0.0}, "panel_properties": {"panel_depth": 0.03500000014901161, "panel_width_ratio": 1.0}}'),$);
#7243=IFCREPRESENTATIONMAP(#7244,#7248);
#7244=IFCAXIS2PLACEMENT3D(#7245,#7246,#7247);
#7245=IFCCARTESIANPOINT((0.,0.,0.));
#7246=IFCDIRECTION((0.,0.,1.));
#7247=IFCDIRECTION((1.,0.,0.));
#7248=IFCSHAPEREPRESENTATION(#18,'Profile','Curve3D',(#7249));
#7249=IFCINDEXEDPOLYCURVE(#7250,(IFCLINEINDEX((1,2,3,4,1))),$);
#7250=IFCCARTESIANPOINTLIST3D(((0.,0.,0.),(0.7054365873336792,0.,0.),(0.7054365873336792,0.,2.),(0.,0.,2.)));
#7251=IFCREPRESENTATIONMAP(#7252,#7256);
#7252=IFCAXIS2PLACEMENT3D(#7253,#7254,#7255);
#7253=IFCCARTESIANPOINT((0.,0.,0.));
#7254=IFCDIRECTION((0.,0.,1.));
#7255=IFCDIRECTION((1.,0.,0.));
#7256=IFCSHAPEREPRESENTATION(#11,'Body','SweptSolid',(#7257,#7266,#7275,#7284,#7293,#7302,#7311,#7320));
#7257=IFCEXTRUDEDAREASOLID(#7258,#7261,#7265,0.02500000037252903);
#7258=IFCARBITRARYCLOSEDPROFILEDEF(.AREA.,$,#7259);
#7259=IFCINDEXEDPOLYCURVE(#7260,(IFCLINEINDEX((1,2,3,4,5,6,7,8,1))),$);
#7260=IFCCARTESIANPOINTLIST2D(((0.,0.),(0.,2.),(0.7054365873336792,2.),(0.7054365873336792,0.),(0.68043658696115017,0.),(0.68043658696115017,1.974999999627471),(0.02500000037252903,1.974999999627471),(0.02500000037252903,0.)));
#7261=IFCAXIS2PLACEMENT3D(#7262,#7263,#7264);
#7262=IFCCARTESIANPOINT((0.,0.02500000037252903,0.));
#7263=IFCDIRECTION((0.,-1.,0.));
#7264=IFCDIRECTION((1.,0.,0.));
#7265=IFCDIRECTION((0.,0.,-1.));
#7266=IFCEXTRUDEDAREASOLID(#7267,#7270,#7274,0.02500000037252903);
#7267=IFCARBITRARYCLOSEDPROFILEDEF(.AREA.,$,#7268);
#7268=IFCINDEXEDPOLYCURVE(#7269,(IFCLINEINDEX((1,2,3,4,5,6,7,8,1))),$);
#7269=IFCCARTESIANPOINTLIST2D(((0.,0.),(0.,2.),(0.7054365873336792,2.),(0.7054365873336792,0.),(0.65543658658862114,0.),(0.65543658658862114,1.9499999992549419),(0.05000000074505806,1.9499999992549419),(0.05000000074505806,0.)));
#7270=IFCAXIS2PLACEMENT3D(#7271,#7272,#7273);
#7271=IFCCARTESIANPOINT((0.,0.,0.));
#7272=IFCDIRECTION((0.,-1.,0.));
#7273=IFCDIRECTION((1.,0.,0.));
#7274=IFCDIRECTION((0.,0.,-1.));
#7275=IFCEXTRUDEDAREASOLID(#7276,#7279,#7283,1.9499999992549419);
#7276=IFCARBITRARYCLOSEDPROFILEDEF(.AREA.,$,#7277);
#7277=IFCINDEXEDPOLYCURVE(#7278,(IFCLINEINDEX((1,2,3,4,1))),$);
#7278=IFCCARTESIANPOINTLIST2D(((0.,0.),(0.65543658658862114,0.),(0.65543658658862114,0.035000000149011612),(0.,0.035000000149011612)));
#7279=IFCAXIS2PLACEMENT3D(#7280,#7281,#7282);
#7280=IFCCARTESIANPOINT((0.02500000037252903,0.02500000037252903,0.02500000037252903));
#7281=IFCDIRECTION((0.,0.,1.));
#7282=IFCDIRECTION((1.,0.,0.));
#7283=IFCDIRECTION((0.,0.,1.));
#7284=IFCEXTRUDEDAREASOLID(#7285,#7288,#7292,0.02);
#7285=IFCARBITRARYCLOSEDPROFILEDEF(.AREA.,$,#7286);
#7286=IFCINDEXEDPOLYCURVE(#7287,(IFCLINEINDEX((1,2,3,4,5,6,1))),$);
#7287=IFCCARTESIANPOINTLIST2D(((0.,0.),(0.,-0.040000000000000001),(-0.11999999999999988,-0.040000000000000001),(-0.11999999999999988,-0.02),(-0.020000000000000018,-0.02),(-0.020000000000000018,0.)));
#7288=IFCAXIS2PLACEMENT3D(#7289,#7290,#7291);
#7289=IFCCARTESIANPOINT((0.63043658696115012,0.02500000037252903,1.015000000372529));
#7290=IFCDIRECTION((0.,0.,1.));
#7291=IFCDIRECTION((1.,0.,0.));
#7292=IFCDIRECTION((0.,0.,1.));
#7293=IFCEXTRUDEDAREASOLID(#7294,#7297,#7301,0.02);
#7294=IFCARBITRARYCLOSEDPROFILEDEF(.AREA.,$,#7295);
#7295=IFCINDEXEDPOLYCURVE(#7296,(IFCLINEINDEX((1,2,3,4,5,6,1))),$);
#7296=IFCCARTESIANPOINTLIST2D(((0.,0.),(0.,0.040000000000000008),(-0.11999999999999988,0.040000000000000008),(-0.11999999999999988,0.020000000000000004),(-0.020000000000000018,0.020000000000000004),(-0.020000000000000018,0.)));
#7297=IFCAXIS2PLACEMENT3D(#7298,#7299,#7300);
#7298=IFCCARTESIANPOINT((0.63043658696115012,0.060000000521540642,1.015000000372529));
#7299=IFCDIRECTION((0.,0.,1.));
#7300=IFCDIRECTION((1.,0.,0.));
#7301=IFCDIRECTION((0.,0.,1.));
#7302=IFCEXTRUDEDAREASOLID(#7303,#7306,#7310,0.02500000037252903);
#7303=IFCARBITRARYCLOSEDPROFILEDEF(.AREA.,$,#7304);
#7304=IFCINDEXEDPOLYCURVE(#7305,(IFCLINEINDEX((1,2,3,4,1))),$);
#7305=IFCCARTESIANPOINTLIST2D(((0.,0.),(0.60543658584356308,0.),(0.60543658584356308,0.10000000149011612),(0.,0.10000000149011612)));
#7306=IFCAXIS2PLACEMENT3D(#7307,#7308,#7309);
#7307=IFCCARTESIANPOINT((0.05000000074505806,0.,0.));
#7308=IFCDIRECTION((0.,0.,1.));
#7309=IFCDIRECTION((1.,0.,0.));
#7310=IFCDIRECTION((0.,0.,1.));
#7311=IFCEXTRUDEDAREASOLID(#7312,#7315,#7319,0.004999999888241291);
#7312=IFCARBITRARYCLOSEDPROFILEDEF(.AREA.,$,#7313);
#7313=IFCINDEXEDPOLYCURVE(#7314,(IFCLINEINDEX((1,2,3,4,5,6,7,8,1))),$);
#7314=IFCCARTESIANPOINTLIST2D(((0.,0.),(0.,2.0250000022351742),(0.75543659180402756,2.0250000022351742),(0.75543659180402756,0.),(0.68043658882379532,0.),(0.68043658882379532,1.9499999992549419),(0.075000002980232239,1.9499999992549419),(0.075000002980232239,0.)));
#7315=IFCAXIS2PLACEMENT3D(#7316,#7317,#7318);
#7316=IFCCARTESIANPOINT((-0.025000002235174179,-0.004999999888241291,0.));
#7317=IFCDIRECTION((0.,-1.,0.));
#7318=IFCDIRECTION((1.,0.,0.));
#7319=IFCDIRECTION((0.,0.,-1.));
#7320=IFCEXTRUDEDAREASOLID(#7321,#7324,#7328,0.004999999888241291);
#7321=IFCARBITRARYCLOSEDPROFILEDEF(.AREA.,$,#7322);
#7322=IFCINDEXEDPOLYCURVE(#7323,(IFCLINEINDEX((1,2,3,4,5,6,7,8,1))),$);
#7323=IFCCARTESIANPOINTLIST2D(((0.,0.),(0.,2.0250000022351742),(0.75543659180402756,2.0250000022351742),(0.75543659180402756,0.),(0.70543658919632435,0.),(0.70543658919632435,1.974999999627471),(0.050000002607703209,1.974999999627471),(0.050000002607703209,0.)));
#7324=IFCAXIS2PLACEMENT3D(#7325,#7326,#7327);
#7325=IFCCARTESIANPOINT((-0.025000002235174179,0.05000000074505806,0.));
#7326=IFCDIRECTION((0.,-1.,0.));
#7327=IFCDIRECTION((1.,0.,0.));
#7328=IFCDIRECTION((0.,0.,-1.));
#7329=IFCREPRESENTATIONMAP(#7330,#7334);
#7330=IFCAXIS2PLACEMENT3D(#7331,#7332,#7333);
#7331=IFCCARTESIANPOINT((0.,0.,0.));
#7332=IFCDIRECTION((0.,0.,1.));
#7333=IFCDIRECTION((1.,0.,0.));
#7334=IFCSHAPEREPRESENTATION(#24,'Body','Curve2D',(#7335,#7337,#7339,#7346));
#7335=IFCINDEXEDPOLYCURVE(#7336,(IFCLINEINDEX((1,2,3,4,5,6,1))),$);
#7336=IFCCARTESIANPOINTLIST2D(((0.,0.),(0.,0.05000000074505806),(0.02500000037252903,0.05000000074505806),(0.02500000037252903,0.02500000037252903),(0.05000000074505806,0.02500000037252903),(0.05000000074505806,0.)));
#7337=IFCINDEXEDPOLYCURVE(#7338,(IFCLINEINDEX((1,2,3,4,5,6,1))),$);
#7338=IFCCARTESIANPOINTLIST2D(((0.7054365873336792,0.),(0.7054365873336792,0.05000000074505806),(0.68043658696115017,0.05000000074505806),(0.68043658696115017,0.02500000037252903),(0.65543658658862114,0.02500000037252903),(0.65543658658862114,0.)));
#7339=IFCTRIMMEDCURVE(#7340,(#7344),(#7345),.T.,.CARTESIAN.);
#7340=IFCELLIPSE(#7341,0.62043658643960953,0.65543658658862114);
#7341=IFCAXIS2PLACEMENT2D(#7342,#7343);
#7342=IFCCARTESIANPOINT((0.060000000521540642,0.05000000074505806));
#7343=IFCDIRECTION((1.,0.));
#7344=IFCCARTESIANPOINT((0.68043658696115017,0.05000000074505806));
#7345=IFCCARTESIANPOINT((0.060000000521540642,0.7054365873336792));
#7346=IFCINDEXEDPOLYCURVE(#7347,(IFCLINEINDEX((1,2,3,4,1))),$);
#7347=IFCCARTESIANPOINTLIST2D(((0.02500000037252903,0.05000000074505806),(0.060000000521540642,0.05000000074505806),(0.060000000521540642,0.7054365873336792),(0.02500000037252903,0.7054365873336792)));
#7348=IFCDOOR('3ALcT1lJj6TvH9Ijrv1GVA',$,'Door',$,$,#10173,#7357,$,2.,0.7054365873336792,$,$,$);
#7349=IFCRELDEFINESBYTYPE('1AauhQBgX2nuyW1HhhpRH1',$,$,$,(#7348),#7240);
#7350=IFCCARTESIANPOINT((0.,0.,0.));
#7351=IFCDIRECTION((1.,0.,0.));
#7352=IFCDIRECTION((0.,1.,0.));
#7353=IFCDIRECTION((0.,0.,1.));
#7354=IFCCARTESIANTRANSFORMATIONOPERATOR3D(#7351,#7352,#7350,1.,#7353);
#7355=IFCMAPPEDITEM(#7243,#7354);
#7356=IFCSHAPEREPRESENTATION(#18,'Profile','MappedRepresentation',(#7355));
#7357=IFCPRODUCTDEFINITIONSHAPE($,$,(#7356,#7364,#7371));
#7358=IFCCARTESIANPOINT((0.,0.,0.));
#7359=IFCDIRECTION((1.,0.,0.));
#7360=IFCDIRECTION((0.,1.,0.));
#7361=IFCDIRECTION((0.,0.,1.));
#7362=IFCCARTESIANTRANSFORMATIONOPERATOR3D(#7359,#7360,#7358,1.,#7361);
#7363=IFCMAPPEDITEM(#7251,#7362);
#7364=IFCSHAPEREPRESENTATION(#11,'Body','MappedRepresentation',(#7363));
#7365=IFCCARTESIANPOINT((0.,0.,0.));
#7366=IFCDIRECTION((1.,0.,0.));
#7367=IFCDIRECTION((0.,1.,0.));
#7368=IFCDIRECTION((0.,0.,1.));
#7369=IFCCARTESIANTRANSFORMATIONOPERATOR3D(#7366,#7367,#7365,1.,#7368);
#7370=IFCMAPPEDITEM(#7329,#7369);
#7371=IFCSHAPEREPRESENTATION(#24,'Body','MappedRepresentation',(#7370));
#7372=IFCOPENINGELEMENT('2hWQXneFXAqgTkhkegg$O1',$,'Opening',$,$,#7422,#7400,$,.OPENING.);
#7378=IFCCARTESIANPOINTLIST2D(((0.,0.),(0.7054365873336792,0.),(0.7054365873336792,2.),(0.,2.)));
#7379=IFCINDEXEDPOLYCURVE(#7378,(IFCLINEINDEX((1,2,3,4,1))),$);
#7380=IFCARBITRARYCLOSEDPROFILEDEF(.AREA.,$,#7379);
#7381=IFCCARTESIANPOINT((0.,-0.60000002384185791,0.));
#7382=IFCDIRECTION((0.,-1.,0.));
#7383=IFCDIRECTION((1.,0.,0.));
#7384=IFCAXIS2PLACEMENT3D(#7381,#7382,#7383);
#7385=IFCDIRECTION((0.,0.,-1.));
#7386=IFCEXTRUDEDAREASOLID(#7380,#7384,#7385,1.2);
#7387=IFCSHAPEREPRESENTATION(#11,'Body','SweptSolid',(#7386));
#7388=IFCCARTESIANPOINT((0.,0.,0.));
#7389=IFCDIRECTION((1.,0.,0.));
#7390=IFCDIRECTION((0.,0.,1.));
#7391=IFCAXIS2PLACEMENT3D(#7388,#7390,#7389);
#7392=IFCREPRESENTATIONMAP(#7391,#7387);
#7393=IFCCARTESIANPOINT((0.,0.,0.));
#7394=IFCDIRECTION((1.,0.,0.));
#7395=IFCDIRECTION((0.,1.,0.));
#7396=IFCDIRECTION((0.,0.,1.));
#7397=IFCCARTESIANTRANSFORMATIONOPERATOR3D(#7394,#7395,#7393,1.,#7396);
#7398=IFCMAPPEDITEM(#7392,#7397);
#7399=IFCSHAPEREPRESENTATION(#11,'Body','MappedRepresentation',(#7398));
#7400=IFCPRODUCTDEFINITIONSHAPE($,$,(#7399));
#7401=IFCRELVOIDSELEMENT('1uPMpx8E9Fm9P9Tfvb6KXg',$,$,$,#7175,#7372);
#7407=IFCRELFILLSELEMENT('1WnR3b8r5Flgs78M1M8NLc',$,$,$,#7372,#7348);
#7418=IFCCARTESIANPOINT((0.17776161432266235,-4.76837158203125E-07,0.));
#7419=IFCDIRECTION((0.,0.,1.));
#7420=IFCDIRECTION((0.99999999999997158,-2.3841857910155572E-07,0.));
#7421=IFCAXIS2PLACEMENT3D(#7418,#7419,#7420);
#7422=IFCLOCALPLACEMENT(#10467,#7421);
#7428=IFCDOORTYPE('1MlVWLHsz5WAF9v_AfRVct',$,'Balcony-2F',$,$,(#7429),(#7431,#7439,#7517),$,$,.DOOR.,.SINGLE_SWING_LEFT.,$,$);
#7429=IFCPROPERTYSET('1aiw_5X7141AoejX3uJj1L',$,'BBIM_Door',$,(#7430));
#7430=IFCPROPERTYSINGLEVALUE('Data',$,IFCTEXT('{"door_type": "SINGLE_SWING_RIGHT", "overall_height": 2.0, "overall_width": 0.7054365873336792, "lining_properties": {"lining_depth": 0.05000000074505806, "lining_thickness": 0.05000000074505806, "lining_offset": 0.0, "lining_to_panel_offset_x": 0.02500000037252903, "lining_to_panel_offset_y": 0.02500000037252903, "transom_thickness": 0.0, "casing_thickness": 0.07500000298023224, "casing_depth": 0.004999999888241291, "threshold_thickness": 0.02500000037252903, "threshold_depth": 0.10000000149011612, "threshold_offset": 0.0}, "panel_properties": {"panel_depth": 0.03500000014901161, "panel_width_ratio": 1.0}}'),$);
#7431=IFCREPRESENTATIONMAP(#7432,#7722);
#7432=IFCAXIS2PLACEMENT3D(#7433,#7434,#7435);
#7433=IFCCARTESIANPOINT((0.,0.,0.));
#7434=IFCDIRECTION((0.,0.,1.));
#7435=IFCDIRECTION((1.,0.,0.));
#7439=IFCREPRESENTATIONMAP(#7440,#7795);
#7440=IFCAXIS2PLACEMENT3D(#7441,#7442,#7443);
#7441=IFCCARTESIANPOINT((0.,0.,0.));
#7442=IFCDIRECTION((0.,0.,1.));
#7443=IFCDIRECTION((1.,0.,0.));
#7517=IFCREPRESENTATIONMAP(#7518,#7809);
#7518=IFCAXIS2PLACEMENT3D(#7519,#7520,#7521);
#7519=IFCCARTESIANPOINT((0.,0.,0.));
#7520=IFCDIRECTION((0.,0.,1.));
#7521=IFCDIRECTION((1.,0.,0.));
#7536=IFCDOOR('16DE5$nofAE8RrNlboMXlf',$,'Door',$,$,#7834,#7545,$,2.,0.7054365873336792,$,.SINGLE_SWING_RIGHT.,$);
#7537=IFCRELDEFINESBYTYPE('3eSSmjVS1AJQnvnT5hV0aT',$,$,$,(#7536),#7428);
#7538=IFCCARTESIANPOINT((0.,0.,0.));
#7539=IFCDIRECTION((1.,0.,0.));
#7540=IFCDIRECTION((0.,1.,0.));
#7541=IFCDIRECTION((0.,0.,1.));
#7542=IFCCARTESIANTRANSFORMATIONOPERATOR3D(#7539,#7540,#7538,1.,#7541);
#7543=IFCMAPPEDITEM(#7431,#7542);
#7544=IFCSHAPEREPRESENTATION(#18,'Profile','MappedRepresentation',(#7543));
#7545=IFCPRODUCTDEFINITIONSHAPE($,$,(#7544,#7552,#7559));
#7546=IFCCARTESIANPOINT((0.,0.,0.));
#7547=IFCDIRECTION((1.,0.,0.));
#7548=IFCDIRECTION((0.,1.,0.));
#7549=IFCDIRECTION((0.,0.,1.));
#7550=IFCCARTESIANTRANSFORMATIONOPERATOR3D(#7547,#7548,#7546,1.,#7549);
#7551=IFCMAPPEDITEM(#7439,#7550);
#7552=IFCSHAPEREPRESENTATION(#11,'Body','MappedRepresentation',(#7551));
#7553=IFCCARTESIANPOINT((0.,0.,0.));
#7554=IFCDIRECTION((1.,0.,0.));
#7555=IFCDIRECTION((0.,1.,0.));
#7556=IFCDIRECTION((0.,0.,1.));
#7557=IFCCARTESIANTRANSFORMATIONOPERATOR3D(#7554,#7555,#7553,1.,#7556);
#7558=IFCMAPPEDITEM(#7517,#7557);
#7559=IFCSHAPEREPRESENTATION(#24,'Body','MappedRepresentation',(#7558));
#7560=IFCOPENINGELEMENT('0I0D5PI_DDoQcV88ipg1Bq',$,'Opening',$,$,#7829,#7588,$,.OPENING.);
#7576=IFCCARTESIANPOINT((0.,0.,0.));
#7577=IFCDIRECTION((1.,0.,0.));
#7578=IFCDIRECTION((0.,0.,1.));
#7579=IFCAXIS2PLACEMENT3D(#7576,#7578,#7577);
#7580=IFCREPRESENTATIONMAP(#7579,#7819);
#7581=IFCCARTESIANPOINT((0.,0.,0.));
#7582=IFCDIRECTION((1.,0.,0.));
#7583=IFCDIRECTION((0.,1.,0.));
#7584=IFCDIRECTION((0.,0.,1.));
#7585=IFCCARTESIANTRANSFORMATIONOPERATOR3D(#7582,#7583,#7581,1.,#7584);
#7586=IFCMAPPEDITEM(#7580,#7585);
#7587=IFCSHAPEREPRESENTATION(#11,'Body','MappedRepresentation',(#7586));
#7588=IFCPRODUCTDEFINITIONSHAPE($,$,(#7587));
#7589=IFCRELVOIDSELEMENT('1V8C8hzib1GgDUtnihOO_L',$,$,$,#6001,#7560);
#7595=IFCRELFILLSELEMENT('1VpsjYqU1C9vdOg6PzmNRi',$,$,$,#7560,#7536);
#7604=IFCCARTESIANPOINTLIST2D(((0.,0.),(0.,2.),(0.7054365873336792,2.),(0.7054365873336792,0.),(0.68043658696115017,0.),(0.68043658696115017,1.974999999627471),(0.02500000037252903,1.974999999627471),(0.02500000037252903,0.)));
#7605=IFCINDEXEDPOLYCURVE(#7604,(IFCLINEINDEX((1,2,3,4,5,6,7,8,1))),$);
#7606=IFCARBITRARYCLOSEDPROFILEDEF(.AREA.,$,#7605);
#7607=IFCCARTESIANPOINT((0.,0.02500000037252903,0.));
#7608=IFCDIRECTION((0.,-1.,0.));
#7609=IFCDIRECTION((1.,0.,0.));
#7610=IFCAXIS2PLACEMENT3D(#7607,#7608,#7609);
#7611=IFCDIRECTION((0.,0.,-1.));
#7612=IFCEXTRUDEDAREASOLID(#7606,#7610,#7611,0.02500000037252903);
#7613=IFCCARTESIANPOINTLIST2D(((0.,0.),(0.,2.),(0.7054365873336792,2.),(0.7054365873336792,0.),(0.65543658658862114,0.),(0.65543658658862114,1.9499999992549419),(0.05000000074505806,1.9499999992549419),(0.05000000074505806,0.)));
#7614=IFCINDEXEDPOLYCURVE(#7613,(IFCLINEINDEX((1,2,3,4,5,6,7,8,1))),$);
#7615=IFCARBITRARYCLOSEDPROFILEDEF(.AREA.,$,#7614);
#7616=IFCCARTESIANPOINT((0.,0.,0.));
#7617=IFCDIRECTION((0.,-1.,0.));
#7618=IFCDIRECTION((1.,0.,0.));
#7619=IFCAXIS2PLACEMENT3D(#7616,#7617,#7618);
#7620=IFCDIRECTION((0.,0.,-1.));
#7621=IFCEXTRUDEDAREASOLID(#7615,#7619,#7620,0.02500000037252903);
#7622=IFCCARTESIANPOINTLIST2D(((0.,0.),(0.60543658584356308,0.),(0.60543658584356308,0.10000000149011612),(0.,0.10000000149011612)));
#7623=IFCINDEXEDPOLYCURVE(#7622,(IFCLINEINDEX((1,2,3,4,1))),$);
#7624=IFCARBITRARYCLOSEDPROFILEDEF(.AREA.,$,#7623);
#7625=IFCCARTESIANPOINT((0.05000000074505806,0.,0.));
#7626=IFCDIRECTION((0.,0.,1.));
#7627=IFCDIRECTION((1.,0.,0.));
#7628=IFCAXIS2PLACEMENT3D(#7625,#7626,#7627);
#7629=IFCDIRECTION((0.,0.,1.));
#7630=IFCEXTRUDEDAREASOLID(#7624,#7628,#7629,0.02500000037252903);
#7631=IFCCARTESIANPOINTLIST2D(((0.,0.),(0.,2.0250000022351742),(0.75543659180402756,2.0250000022351742),(0.75543659180402756,0.),(0.68043658882379532,0.),(0.68043658882379532,1.9499999992549419),(0.075000002980232239,1.9499999992549419),(0.075000002980232239,0.)));
#7632=IFCINDEXEDPOLYCURVE(#7631,(IFCLINEINDEX((1,2,3,4,5,6,7,8,1))),$);
#7633=IFCARBITRARYCLOSEDPROFILEDEF(.AREA.,$,#7632);
#7634=IFCCARTESIANPOINT((-0.025000002235174179,-0.004999999888241291,0.));
#7635=IFCDIRECTION((0.,-1.,0.));
#7636=IFCDIRECTION((1.,0.,0.));
#7637=IFCAXIS2PLACEMENT3D(#7634,#7635,#7636);
#7638=IFCDIRECTION((0.,0.,-1.));
#7639=IFCEXTRUDEDAREASOLID(#7633,#7637,#7638,0.004999999888241291);
#7640=IFCCARTESIANPOINTLIST2D(((0.,0.),(0.,2.0250000022351742),(0.75543659180402756,2.0250000022351742),(0.75543659180402756,0.),(0.70543658919632435,0.),(0.70543658919632435,1.974999999627471),(0.050000002607703209,1.974999999627471),(0.050000002607703209,0.)));
#7641=IFCINDEXEDPOLYCURVE(#7640,(IFCLINEINDEX((1,2,3,4,5,6,7,8,1))),$);
#7642=IFCARBITRARYCLOSEDPROFILEDEF(.AREA.,$,#7641);
#7643=IFCCARTESIANPOINT((-0.025000002235174179,0.05000000074505806,0.));
#7644=IFCDIRECTION((0.,-1.,0.));
#7645=IFCDIRECTION((1.,0.,0.));
#7646=IFCAXIS2PLACEMENT3D(#7643,#7644,#7645);
#7647=IFCDIRECTION((0.,0.,-1.));
#7648=IFCEXTRUDEDAREASOLID(#7642,#7646,#7647,0.004999999888241291);
#7649=IFCCARTESIANPOINTLIST2D(((0.,0.),(0.65543658658862114,0.),(0.65543658658862114,0.035000000149011612),(0.,0.035000000149011612)));
#7650=IFCINDEXEDPOLYCURVE(#7649,(IFCLINEINDEX((1,2,3,4,1))),$);
#7651=IFCARBITRARYCLOSEDPROFILEDEF(.AREA.,$,#7650);
#7652=IFCCARTESIANPOINT((0.02500000037252903,0.02500000037252903,0.02500000037252903));
#7653=IFCDIRECTION((0.,0.,1.));
#7654=IFCDIRECTION((1.,0.,0.));
#7655=IFCAXIS2PLACEMENT3D(#7652,#7653,#7654);
#7656=IFCDIRECTION((0.,0.,1.));
#7657=IFCEXTRUDEDAREASOLID(#7651,#7655,#7656,1.9499999992549419);
#7658=IFCCARTESIANPOINTLIST2D(((0.,0.),(0.,-0.040000000000000001),(-0.11999999999999988,-0.040000000000000001),(-0.11999999999999988,-0.02),(-0.020000000000000018,-0.02),(-0.020000000000000018,0.)));
#7659=IFCINDEXEDPOLYCURVE(#7658,(IFCLINEINDEX((1,2,3,4,5,6,1))),$);
#7660=IFCARBITRARYCLOSEDPROFILEDEF(.AREA.,$,#7659);
#7661=IFCCARTESIANPOINT((0.63043658696115012,0.02500000037252903,1.015000000372529));
#7662=IFCDIRECTION((0.,0.,1.));
#7663=IFCDIRECTION((1.,0.,0.));
#7664=IFCAXIS2PLACEMENT3D(#7661,#7662,#7663);
#7665=IFCDIRECTION((0.,0.,1.));
#7666=IFCEXTRUDEDAREASOLID(#7660,#7664,#7665,0.02);
#7667=IFCEXTRUDEDAREASOLID(#7668,#7671,#7675,0.02);
#7668=IFCARBITRARYCLOSEDPROFILEDEF(.AREA.,$,#7669);
#7669=IFCINDEXEDPOLYCURVE(#7670,(IFCLINEINDEX((1,2,3,4,5,6,1))),$);
#7670=IFCCARTESIANPOINTLIST2D(((0.,0.),(0.,0.040000000000000008),(-0.11999999999999988,0.040000000000000008),(-0.11999999999999988,0.020000000000000004),(-0.020000000000000018,0.020000000000000004),(-0.020000000000000018,0.)));
#7671=IFCAXIS2PLACEMENT3D(#7672,#7673,#7674);
#7672=IFCCARTESIANPOINT((0.63043658696115012,0.060000000521540642,1.015000000372529));
#7673=IFCDIRECTION((0.,0.,1.));
#7674=IFCDIRECTION((1.,0.,0.));
#7675=IFCDIRECTION((0.,0.,1.));
#7677=IFCSHAPEREPRESENTATION(#11,'Body','SweptSolid',(#7731,#7639,#7758,#7740,#7621,#7749,#7630,#7612,#7767,#7648));
#7678=IFCSHAPEASPECT((#7677),'Lining',$,.T.,#7545);
#7679=IFCSHAPEREPRESENTATION(#11,'Body','SweptSolid',(#7666,#7786,#7667,#7776,#7657,#7785));
#7680=IFCSHAPEASPECT((#7679),'Framing',$,.T.,#7545);
#7720=IFCCARTESIANPOINTLIST3D(((0.,0.,0.),(0.7054365873336792,0.,0.),(0.7054365873336792,0.,2.),(0.,0.,2.)));
#7721=IFCINDEXEDPOLYCURVE(#7720,(IFCLINEINDEX((1,2,3,4,1))),$);
#7722=IFCSHAPEREPRESENTATION(#18,'Profile','Curve3D',(#7721));
#7723=IFCCARTESIANPOINTLIST2D(((0.,0.),(0.,2.),(0.7054365873336792,2.),(0.7054365873336792,0.),(0.68043658696115017,0.),(0.68043658696115017,1.974999999627471),(0.02500000037252903,1.974999999627471),(0.02500000037252903,0.)));
#7724=IFCINDEXEDPOLYCURVE(#7723,(IFCLINEINDEX((1,2,3,4,5,6,7,8,1))),$);
#7725=IFCARBITRARYCLOSEDPROFILEDEF(.AREA.,$,#7724);
#7726=IFCCARTESIANPOINT((0.,0.02500000037252903,0.));
#7727=IFCDIRECTION((0.,-1.,0.));
#7728=IFCDIRECTION((1.,0.,0.));
#7729=IFCAXIS2PLACEMENT3D(#7726,#7727,#7728);
#7730=IFCDIRECTION((0.,0.,-1.));
#7731=IFCEXTRUDEDAREASOLID(#7725,#7729,#7730,0.02500000037252903);
#7732=IFCCARTESIANPOINTLIST2D(((0.,0.),(0.,2.),(0.7054365873336792,2.),(0.7054365873336792,0.),(0.65543658658862114,0.),(0.65543658658862114,1.9499999992549419),(0.05000000074505806,1.9499999992549419),(0.05000000074505806,0.)));
#7733=IFCINDEXEDPOLYCURVE(#7732,(IFCLINEINDEX((1,2,3,4,5,6,7,8,1))),$);
#7734=IFCARBITRARYCLOSEDPROFILEDEF(.AREA.,$,#7733);
#7735=IFCCARTESIANPOINT((0.,0.,0.));
#7736=IFCDIRECTION((0.,-1.,0.));
#7737=IFCDIRECTION((1.,0.,0.));
#7738=IFCAXIS2PLACEMENT3D(#7735,#7736,#7737);
#7739=IFCDIRECTION((0.,0.,-1.));
#7740=IFCEXTRUDEDAREASOLID(#7734,#7738,#7739,0.02500000037252903);
#7741=IFCCARTESIANPOINTLIST2D(((0.,0.),(0.60543658584356308,0.),(0.60543658584356308,0.10000000149011612),(0.,0.10000000149011612)));
#7742=IFCINDEXEDPOLYCURVE(#7741,(IFCLINEINDEX((1,2,3,4,1))),$);
#7743=IFCARBITRARYCLOSEDPROFILEDEF(.AREA.,$,#7742);
#7744=IFCCARTESIANPOINT((0.05000000074505806,0.,0.));
#7745=IFCDIRECTION((0.,0.,1.));
#7746=IFCDIRECTION((1.,0.,0.));
#7747=IFCAXIS2PLACEMENT3D(#7744,#7745,#7746);
#7748=IFCDIRECTION((0.,0.,1.));
#7749=IFCEXTRUDEDAREASOLID(#7743,#7747,#7748,0.02500000037252903);
#7750=IFCCARTESIANPOINTLIST2D(((0.,0.),(0.,2.0250000022351742),(0.75543659180402756,2.0250000022351742),(0.75543659180402756,0.),(0.68043658882379532,0.),(0.68043658882379532,1.9499999992549419),(0.075000002980232239,1.9499999992549419),(0.075000002980232239,0.)));
#7751=IFCINDEXEDPOLYCURVE(#7750,(IFCLINEINDEX((1,2,3,4,5,6,7,8,1))),$);
#7752=IFCARBITRARYCLOSEDPROFILEDEF(.AREA.,$,#7751);
#7753=IFCCARTESIANPOINT((-0.025000002235174179,-0.004999999888241291,0.));
#7754=IFCDIRECTION((0.,-1.,0.));
#7755=IFCDIRECTION((1.,0.,0.));
#7756=IFCAXIS2PLACEMENT3D(#7753,#7754,#7755);
#7757=IFCDIRECTION((0.,0.,-1.));
#7758=IFCEXTRUDEDAREASOLID(#7752,#7756,#7757,0.004999999888241291);
#7759=IFCCARTESIANPOINTLIST2D(((0.,0.),(0.,2.0250000022351742),(0.75543659180402756,2.0250000022351742),(0.75543659180402756,0.),(0.70543658919632435,0.),(0.70543658919632435,1.974999999627471),(0.050000002607703209,1.974999999627471),(0.050000002607703209,0.)));
#7760=IFCINDEXEDPOLYCURVE(#7759,(IFCLINEINDEX((1,2,3,4,5,6,7,8,1))),$);
#7761=IFCARBITRARYCLOSEDPROFILEDEF(.AREA.,$,#7760);
#7762=IFCCARTESIANPOINT((-0.025000002235174179,0.05000000074505806,0.));
#7763=IFCDIRECTION((0.,-1.,0.));
#7764=IFCDIRECTION((1.,0.,0.));
#7765=IFCAXIS2PLACEMENT3D(#7762,#7763,#7764);
#7766=IFCDIRECTION((0.,0.,-1.));
#7767=IFCEXTRUDEDAREASOLID(#7761,#7765,#7766,0.004999999888241291);
#7768=IFCCARTESIANPOINTLIST2D(((0.,0.),(0.65543658658862114,0.),(0.65543658658862114,0.035000000149011612),(0.,0.035000000149011612)));
#7769=IFCINDEXEDPOLYCURVE(#7768,(IFCLINEINDEX((1,2,3,4,1))),$);
#7770=IFCARBITRARYCLOSEDPROFILEDEF(.AREA.,$,#7769);
#7771=IFCCARTESIANPOINT((0.02500000037252903,0.02500000037252903,0.02500000037252903));
#7772=IFCDIRECTION((0.,0.,1.));
#7773=IFCDIRECTION((1.,0.,0.));
#7774=IFCAXIS2PLACEMENT3D(#7771,#7772,#7773);
#7775=IFCDIRECTION((0.,0.,1.));
#7776=IFCEXTRUDEDAREASOLID(#7770,#7774,#7775,1.9499999992549419);
#7777=IFCCARTESIANPOINTLIST2D(((0.,0.),(0.,-0.040000000000000001),(0.12,-0.040000000000000001),(0.12,-0.02),(0.02,-0.02),(0.02,0.)));
#7778=IFCINDEXEDPOLYCURVE(#7777,(IFCLINEINDEX((1,2,3,4,5,6,1))),$);
#7779=IFCARBITRARYCLOSEDPROFILEDEF(.AREA.,$,#7778);
#7780=IFCCARTESIANPOINT((0.075000000372529033,0.02500000037252903,1.015000000372529));
#7781=IFCDIRECTION((0.,0.,1.));
#7782=IFCDIRECTION((1.,0.,0.));
#7783=IFCAXIS2PLACEMENT3D(#7780,#7781,#7782);
#7784=IFCDIRECTION((0.,0.,1.));
#7785=IFCEXTRUDEDAREASOLID(#7779,#7783,#7784,0.02);
#7786=IFCEXTRUDEDAREASOLID(#7787,#7790,#7794,0.02);
#7787=IFCARBITRARYCLOSEDPROFILEDEF(.AREA.,$,#7788);
#7788=IFCINDEXEDPOLYCURVE(#7789,(IFCLINEINDEX((1,2,3,4,5,6,1))),$);
#7789=IFCCARTESIANPOINTLIST2D(((0.,0.),(0.,0.040000000000000008),(0.11999999999999998,0.040000000000000008),(0.11999999999999998,0.020000000000000004),(0.020000000000000004,0.020000000000000004),(0.020000000000000004,0.)));
#7790=IFCAXIS2PLACEMENT3D(#7791,#7792,#7793);
#7791=IFCCARTESIANPOINT((0.075000000372529033,0.060000000521540642,1.015000000372529));
#7792=IFCDIRECTION((0.,0.,1.));
#7793=IFCDIRECTION((1.,0.,0.));
#7794=IFCDIRECTION((0.,0.,1.));
#7795=IFCSHAPEREPRESENTATION(#11,'Body','SweptSolid',(#7731,#7740,#7776,#7785,#7786,#7749,#7758,#7767));
#7796=IFCCARTESIANPOINTLIST2D(((0.,0.),(0.,0.05000000074505806),(0.02500000037252903,0.05000000074505806),(0.02500000037252903,0.02500000037252903),(0.05000000074505806,0.02500000037252903),(0.05000000074505806,0.)));
#7797=IFCINDEXEDPOLYCURVE(#7796,(IFCLINEINDEX((1,2,3,4,5,6,1))),$);
#7798=IFCINDEXEDPOLYCURVE(#7799,(IFCLINEINDEX((1,2,3,4,5,6,1))),$);
#7799=IFCCARTESIANPOINTLIST2D(((0.7054365873336792,0.),(0.7054365873336792,0.05000000074505806),(0.68043658696115017,0.05000000074505806),(0.68043658696115017,0.02500000037252903),(0.65543658658862114,0.02500000037252903),(0.65543658658862114,0.)));
#7800=IFCDIRECTION((1.,0.));
#7801=IFCCARTESIANPOINT((0.64543658681213856,0.05000000074505806));
#7802=IFCAXIS2PLACEMENT2D(#7801,#7800);
#7803=IFCELLIPSE(#7802,0.62043658643960953,0.65543658658862114);
#7804=IFCCARTESIANPOINT((0.64543658681213856,0.7054365873336792));
#7805=IFCCARTESIANPOINT((0.02500000037252903,0.05000000074505806));
#7806=IFCTRIMMEDCURVE(#7803,(#7804),(#7805),.T.,.CARTESIAN.);
#7807=IFCCARTESIANPOINTLIST2D(((0.68043658696115017,0.05000000074505806),(0.64543658681213856,0.05000000074505806),(0.64543658681213856,0.7054365873336792),(0.68043658696115017,0.7054365873336792)));
#7808=IFCINDEXEDPOLYCURVE(#7807,(IFCLINEINDEX((1,2,3,4,1))),$);
#7809=IFCSHAPEREPRESENTATION(#24,'Body','Curve2D',(#7797,#7798,#7806,#7808));
#7810=IFCCARTESIANPOINTLIST2D(((0.,0.),(0.7054365873336792,0.),(0.7054365873336792,2.),(0.,2.)));
#7811=IFCINDEXEDPOLYCURVE(#7810,(IFCLINEINDEX((1,2,3,4,1))),$);
#7812=IFCARBITRARYCLOSEDPROFILEDEF(.AREA.,$,#7811);
#7813=IFCCARTESIANPOINT((0.,-0.60000002384185791,0.));
#7814=IFCDIRECTION((0.,-1.,0.));
#7815=IFCDIRECTION((1.,0.,0.));
#7816=IFCAXIS2PLACEMENT3D(#7813,#7814,#7815);
#7817=IFCDIRECTION((0.,0.,-1.));
#7818=IFCEXTRUDEDAREASOLID(#7812,#7816,#7817,1.2);
#7819=IFCSHAPEREPRESENTATION(#11,'Body','SweptSolid',(#7818));
#7825=IFCCARTESIANPOINT((1.0198981221977672,0.099999890400193969,0.));
#7826=IFCDIRECTION((0.,0.,1.));
#7827=IFCDIRECTION((-0.99999999999999634,8.742279078429108E-08,0.));
#7828=IFCAXIS2PLACEMENT3D(#7825,#7826,#7827);
#7829=IFCLOCALPLACEMENT(#10452,#7828);
#7830=IFCCARTESIANPOINT((0.,-4.4408920985006262E-16,0.));
#7831=IFCDIRECTION((0.,0.,1.));
#7832=IFCDIRECTION((1.,1.0587911840678754E-22,0.));
#7833=IFCAXIS2PLACEMENT3D(#7830,#7831,#7832);
#7834=IFCLOCALPLACEMENT(#7829,#7833);
#7835=IFCDOORTYPE('1RzaBTXRj0Dflr4ef6OFS5',$,'Bedroon2-2F',$,$,(#7836),(#7838,#7846,#7924),$,$,.DOOR.,.SINGLE_SWING_LEFT.,$,$);
#7836=IFCPROPERTYSET('1hokq4GavCI8CnXSj6RhA4',$,'BBIM_Door',$,(#7837));
#7837=IFCPROPERTYSINGLEVALUE('Data',$,IFCTEXT('{"door_type": "SINGLE_SWING_RIGHT", "overall_height": 2.0, "overall_width": 0.7054365873336792, "lining_properties": {"lining_depth": 0.05000000074505806, "lining_thickness": 0.05000000074505806, "lining_offset": 0.0, "lining_to_panel_offset_x": 0.02500000037252903, "lining_to_panel_offset_y": 0.02500000037252903, "transom_thickness": 0.0, "casing_thickness": 0.07500000298023224, "casing_depth": 0.004999999888241291, "threshold_thickness": 0.02500000037252903, "threshold_depth": 0.10000000149011612, "threshold_offset": 0.0}, "panel_properties": {"panel_depth": 0.03500000014901161, "panel_width_ratio": 1.0}}'),$);
#7838=IFCREPRESENTATIONMAP(#7839,#8010);
#7839=IFCAXIS2PLACEMENT3D(#7840,#7841,#7842);
#7840=IFCCARTESIANPOINT((0.,0.,0.));
#7841=IFCDIRECTION((0.,0.,1.));
#7842=IFCDIRECTION((1.,0.,0.));
#7846=IFCREPRESENTATIONMAP(#7847,#8083);
#7847=IFCAXIS2PLACEMENT3D(#7848,#7849,#7850);
#7848=IFCCARTESIANPOINT((0.,0.,0.));
#7849=IFCDIRECTION((0.,0.,1.));
#7850=IFCDIRECTION((1.,0.,0.));
#7924=IFCREPRESENTATIONMAP(#7925,#8101);
#7925=IFCAXIS2PLACEMENT3D(#7926,#7927,#7928);
#7926=IFCCARTESIANPOINT((0.,0.,0.));
#7927=IFCDIRECTION((0.,0.,1.));
#7928=IFCDIRECTION((1.,0.,0.));
#7943=IFCDOOR('1uLSwHmaT31xQzPiYhfBew',$,'Door',$,$,#8126,#7952,$,2.,0.7054365873336792,$,.SINGLE_SWING_RIGHT.,$);
#7944=IFCRELDEFINESBYTYPE('0z4eG8iCP2Lu4NmyM9yf7o',$,$,$,(#7943),#7835);
#7945=IFCCARTESIANPOINT((0.,0.,0.));
#7946=IFCDIRECTION((1.,0.,0.));
#7947=IFCDIRECTION((0.,1.,0.));
#7948=IFCDIRECTION((0.,0.,1.));
#7949=IFCCARTESIANTRANSFORMATIONOPERATOR3D(#7946,#7947,#7945,1.,#7948);
#7950=IFCMAPPEDITEM(#7838,#7949);
#7951=IFCSHAPEREPRESENTATION(#18,'Profile','MappedRepresentation',(#7950));
#7952=IFCPRODUCTDEFINITIONSHAPE($,$,(#7951,#7959,#7966));
#7953=IFCCARTESIANPOINT((0.,0.,0.));
#7954=IFCDIRECTION((1.,0.,0.));
#7955=IFCDIRECTION((0.,1.,0.));
#7956=IFCDIRECTION((0.,0.,1.));
#7957=IFCCARTESIANTRANSFORMATIONOPERATOR3D(#7954,#7955,#7953,1.,#7956);
#7958=IFCMAPPEDITEM(#7846,#7957);
#7959=IFCSHAPEREPRESENTATION(#11,'Body','MappedRepresentation',(#7958));
#7960=IFCCARTESIANPOINT((0.,0.,0.));
#7961=IFCDIRECTION((1.,0.,0.));
#7962=IFCDIRECTION((0.,1.,0.));
#7963=IFCDIRECTION((0.,0.,1.));
#7964=IFCCARTESIANTRANSFORMATIONOPERATOR3D(#7961,#7962,#7960,1.,#7963);
#7965=IFCMAPPEDITEM(#7924,#7964);
#7966=IFCSHAPEREPRESENTATION(#24,'Body','MappedRepresentation',(#7965));
#7967=IFCOPENINGELEMENT('3mqrmaHkPEghhti_kTfYmZ',$,'Opening',$,$,#8121,#7995,$,.OPENING.);
#7983=IFCCARTESIANPOINT((0.,0.,0.));
#7984=IFCDIRECTION((1.,0.,0.));
#7985=IFCDIRECTION((0.,0.,1.));
#7986=IFCAXIS2PLACEMENT3D(#7983,#7985,#7984);
#7987=IFCREPRESENTATIONMAP(#7986,#8111);
#7988=IFCCARTESIANPOINT((0.,0.,0.));
#7989=IFCDIRECTION((1.,0.,0.));
#7990=IFCDIRECTION((0.,1.,0.));
#7991=IFCDIRECTION((0.,0.,1.));
#7992=IFCCARTESIANTRANSFORMATIONOPERATOR3D(#7989,#7990,#7988,1.,#7991);
#7993=IFCMAPPEDITEM(#7987,#7992);
#7994=IFCSHAPEREPRESENTATION(#11,'Body','MappedRepresentation',(#7993));
#7995=IFCPRODUCTDEFINITIONSHAPE($,$,(#7994));
#7996=IFCRELVOIDSELEMENT('1R_0WggYH6Rge141vAbjdj',$,$,$,#5911,#7967);
#8002=IFCRELFILLSELEMENT('0F1IerrTT9chhqeWHnp5Oh',$,$,$,#7967,#7943);
#8008=IFCCARTESIANPOINTLIST3D(((0.,0.,0.),(0.7054365873336792,0.,0.),(0.7054365873336792,0.,2.),(0.,0.,2.)));
#8009=IFCINDEXEDPOLYCURVE(#8008,(IFCLINEINDEX((1,2,3,4,1))),$);
#8010=IFCSHAPEREPRESENTATION(#18,'Profile','Curve3D',(#8009));
#8011=IFCCARTESIANPOINTLIST2D(((0.,0.),(0.,2.),(0.7054365873336792,2.),(0.7054365873336792,0.),(0.68043658696115017,0.),(0.68043658696115017,1.974999999627471),(0.02500000037252903,1.974999999627471),(0.02500000037252903,0.)));
#8012=IFCINDEXEDPOLYCURVE(#8011,(IFCLINEINDEX((1,2,3,4,5,6,7,8,1))),$);
#8013=IFCARBITRARYCLOSEDPROFILEDEF(.AREA.,$,#8012);
#8014=IFCCARTESIANPOINT((0.,0.02500000037252903,0.));
#8015=IFCDIRECTION((0.,-1.,0.));
#8016=IFCDIRECTION((1.,0.,0.));
#8017=IFCAXIS2PLACEMENT3D(#8014,#8015,#8016);
#8018=IFCDIRECTION((0.,0.,-1.));
#8019=IFCEXTRUDEDAREASOLID(#8013,#8017,#8018,0.02500000037252903);
#8020=IFCCARTESIANPOINTLIST2D(((0.,0.),(0.,2.),(0.7054365873336792,2.),(0.7054365873336792,0.),(0.65543658658862114,0.),(0.65543658658862114,1.9499999992549419),(0.05000000074505806,1.9499999992549419),(0.05000000074505806,0.)));
#8021=IFCINDEXEDPOLYCURVE(#8020,(IFCLINEINDEX((1,2,3,4,5,6,7,8,1))),$);
#8022=IFCARBITRARYCLOSEDPROFILEDEF(.AREA.,$,#8021);
#8023=IFCCARTESIANPOINT((0.,0.,0.));
#8024=IFCDIRECTION((0.,-1.,0.));
#8025=IFCDIRECTION((1.,0.,0.));
#8026=IFCAXIS2PLACEMENT3D(#8023,#8024,#8025);
#8027=IFCDIRECTION((0.,0.,-1.));
#8028=IFCEXTRUDEDAREASOLID(#8022,#8026,#8027,0.02500000037252903);
#8029=IFCCARTESIANPOINTLIST2D(((0.,0.),(0.60543658584356308,0.),(0.60543658584356308,0.10000000149011612),(0.,0.10000000149011612)));
#8030=IFCINDEXEDPOLYCURVE(#8029,(IFCLINEINDEX((1,2,3,4,1))),$);
#8031=IFCARBITRARYCLOSEDPROFILEDEF(.AREA.,$,#8030);
#8032=IFCCARTESIANPOINT((0.05000000074505806,0.,0.));
#8033=IFCDIRECTION((0.,0.,1.));
#8034=IFCDIRECTION((1.,0.,0.));
#8035=IFCAXIS2PLACEMENT3D(#8032,#8033,#8034);
#8036=IFCDIRECTION((0.,0.,1.));
#8037=IFCEXTRUDEDAREASOLID(#8031,#8035,#8036,0.02500000037252903);
#8038=IFCCARTESIANPOINTLIST2D(((0.,0.),(0.,2.0250000022351742),(0.75543659180402756,2.0250000022351742),(0.75543659180402756,0.),(0.68043658882379532,0.),(0.68043658882379532,1.9499999992549419),(0.075000002980232239,1.9499999992549419),(0.075000002980232239,0.)));
#8039=IFCINDEXEDPOLYCURVE(#8038,(IFCLINEINDEX((1,2,3,4,5,6,7,8,1))),$);
#8040=IFCARBITRARYCLOSEDPROFILEDEF(.AREA.,$,#8039);
#8041=IFCCARTESIANPOINT((-0.025000002235174179,-0.004999999888241291,0.));
#8042=IFCDIRECTION((0.,-1.,0.));
#8043=IFCDIRECTION((1.,0.,0.));
#8044=IFCAXIS2PLACEMENT3D(#8041,#8042,#8043);
#8045=IFCDIRECTION((0.,0.,-1.));
#8046=IFCEXTRUDEDAREASOLID(#8040,#8044,#8045,0.004999999888241291);
#8047=IFCCARTESIANPOINTLIST2D(((0.,0.),(0.,2.0250000022351742),(0.75543659180402756,2.0250000022351742),(0.75543659180402756,0.),(0.70543658919632435,0.),(0.70543658919632435,1.974999999627471),(0.050000002607703209,1.974999999627471),(0.050000002607703209,0.)));
#8048=IFCINDEXEDPOLYCURVE(#8047,(IFCLINEINDEX((1,2,3,4,5,6,7,8,1))),$);
#8049=IFCARBITRARYCLOSEDPROFILEDEF(.AREA.,$,#8048);
#8050=IFCCARTESIANPOINT((-0.025000002235174179,0.05000000074505806,0.));
#8051=IFCDIRECTION((0.,-1.,0.));
#8052=IFCDIRECTION((1.,0.,0.));
#8053=IFCAXIS2PLACEMENT3D(#8050,#8051,#8052);
#8054=IFCDIRECTION((0.,0.,-1.));
#8055=IFCEXTRUDEDAREASOLID(#8049,#8053,#8054,0.004999999888241291);
#8056=IFCCARTESIANPOINTLIST2D(((0.,0.),(0.65543658658862114,0.),(0.65543658658862114,0.035000000149011612),(0.,0.035000000149011612)));
#8057=IFCINDEXEDPOLYCURVE(#8056,(IFCLINEINDEX((1,2,3,4,1))),$);
#8058=IFCARBITRARYCLOSEDPROFILEDEF(.AREA.,$,#8057);
#8059=IFCCARTESIANPOINT((0.02500000037252903,0.02500000037252903,0.02500000037252903));
#8060=IFCDIRECTION((0.,0.,1.));
#8061=IFCDIRECTION((1.,0.,0.));
#8062=IFCAXIS2PLACEMENT3D(#8059,#8060,#8061);
#8063=IFCDIRECTION((0.,0.,1.));
#8064=IFCEXTRUDEDAREASOLID(#8058,#8062,#8063,1.9499999992549419);
#8065=IFCCARTESIANPOINTLIST2D(((0.,0.),(0.,-0.040000000000000001),(0.12,-0.040000000000000001),(0.12,-0.02),(0.02,-0.02),(0.02,0.)));
#8066=IFCINDEXEDPOLYCURVE(#8065,(IFCLINEINDEX((1,2,3,4,5,6,1))),$);
#8067=IFCARBITRARYCLOSEDPROFILEDEF(.AREA.,$,#8066);
#8068=IFCCARTESIANPOINT((0.075000000372529033,0.02500000037252903,1.015000000372529));
#8069=IFCDIRECTION((0.,0.,1.));
#8070=IFCDIRECTION((1.,0.,0.));
#8071=IFCAXIS2PLACEMENT3D(#8068,#8069,#8070);
#8072=IFCDIRECTION((0.,0.,1.));
#8073=IFCEXTRUDEDAREASOLID(#8067,#8071,#8072,0.02);
#8074=IFCEXTRUDEDAREASOLID(#8075,#8078,#8082,0.02);
#8075=IFCARBITRARYCLOSEDPROFILEDEF(.AREA.,$,#8076);
#8076=IFCINDEXEDPOLYCURVE(#8077,(IFCLINEINDEX((1,2,3,4,5,6,1))),$);
#8077=IFCCARTESIANPOINTLIST2D(((0.,0.),(0.,0.040000000000000008),(0.11999999999999998,0.040000000000000008),(0.11999999999999998,0.020000000000000004),(0.020000000000000004,0.020000000000000004),(0.020000000000000004,0.)));
#8078=IFCAXIS2PLACEMENT3D(#8079,#8080,#8081);
#8079=IFCCARTESIANPOINT((0.075000000372529033,0.060000000521540642,1.015000000372529));
#8080=IFCDIRECTION((0.,0.,1.));
#8081=IFCDIRECTION((1.,0.,0.));
#8082=IFCDIRECTION((0.,0.,1.));
#8083=IFCSHAPEREPRESENTATION(#11,'Body','SweptSolid',(#8019,#8028,#8064,#8073,#8074,#8037,#8046,#8055));
#8084=IFCSHAPEREPRESENTATION(#11,'Body','SweptSolid',(#8019,#8028,#8037,#8046,#8055));
#8085=IFCSHAPEASPECT((#8084),'Lining',$,.T.,#7952);
#8086=IFCSHAPEREPRESENTATION(#11,'Body','SweptSolid',(#8064,#8073,#8074));
#8087=IFCSHAPEASPECT((#8086),'Framing',$,.T.,#7952);
#8088=IFCCARTESIANPOINTLIST2D(((0.,0.),(0.,0.05000000074505806),(0.02500000037252903,0.05000000074505806),(0.02500000037252903,0.02500000037252903),(0.05000000074505806,0.02500000037252903),(0.05000000074505806,0.)));
#8089=IFCINDEXEDPOLYCURVE(#8088,(IFCLINEINDEX((1,2,3,4,5,6,1))),$);
#8090=IFCINDEXEDPOLYCURVE(#8091,(IFCLINEINDEX((1,2,3,4,5,6,1))),$);
#8091=IFCCARTESIANPOINTLIST2D(((0.7054365873336792,0.),(0.7054365873336792,0.05000000074505806),(0.68043658696115017,0.05000000074505806),(0.68043658696115017,0.02500000037252903),(0.65543658658862114,0.02500000037252903),(0.65543658658862114,0.)));
#8092=IFCDIRECTION((1.,0.));
#8093=IFCCARTESIANPOINT((0.64543658681213856,0.05000000074505806));
#8094=IFCAXIS2PLACEMENT2D(#8093,#8092);
#8095=IFCELLIPSE(#8094,0.62043658643960953,0.65543658658862114);
#8096=IFCCARTESIANPOINT((0.64543658681213856,0.7054365873336792));
#8097=IFCCARTESIANPOINT((0.02500000037252903,0.05000000074505806));
#8098=IFCTRIMMEDCURVE(#8095,(#8096),(#8097),.T.,.CARTESIAN.);
#8099=IFCCARTESIANPOINTLIST2D(((0.68043658696115017,0.05000000074505806),(0.64543658681213856,0.05000000074505806),(0.64543658681213856,0.7054365873336792),(0.68043658696115017,0.7054365873336792)));
#8100=IFCINDEXEDPOLYCURVE(#8099,(IFCLINEINDEX((1,2,3,4,1))),$);
#8101=IFCSHAPEREPRESENTATION(#24,'Body','Curve2D',(#8089,#8090,#8098,#8100));
#8102=IFCCARTESIANPOINTLIST2D(((0.,0.),(0.7054365873336792,0.),(0.7054365873336792,2.),(0.,2.)));
#8103=IFCINDEXEDPOLYCURVE(#8102,(IFCLINEINDEX((1,2,3,4,1))),$);
#8104=IFCARBITRARYCLOSEDPROFILEDEF(.AREA.,$,#8103);
#8105=IFCCARTESIANPOINT((0.,-0.60000002384185791,0.));
#8106=IFCDIRECTION((0.,-1.,0.));
#8107=IFCDIRECTION((1.,0.,0.));
#8108=IFCAXIS2PLACEMENT3D(#8105,#8106,#8107);
#8109=IFCDIRECTION((0.,0.,-1.));
#8110=IFCEXTRUDEDAREASOLID(#8104,#8108,#8109,1.2);
#8111=IFCSHAPEREPRESENTATION(#11,'Body','SweptSolid',(#8110));
#8117=IFCCARTESIANPOINT((0.98292974124230725,0.099999994039535522,0.));
#8118=IFCDIRECTION((0.,0.,1.));
#8119=IFCDIRECTION((-0.99999999999998868,1.5099580252808492E-07,0.));
#8120=IFCAXIS2PLACEMENT3D(#8117,#8118,#8119);
#8121=IFCLOCALPLACEMENT(#10442,#8120);
#8122=IFCCARTESIANPOINT((0.,0.,0.));
#8123=IFCDIRECTION((0.,0.,1.));
#8124=IFCDIRECTION((1.,0.,0.));
#8125=IFCAXIS2PLACEMENT3D(#8122,#8123,#8124);
#8126=IFCLOCALPLACEMENT(#8121,#8125);
#8127=IFCWINDOWTYPE('3Ia1U5MHXFS8_fBGTHlbew',$,'Bedroom 2-2F',$,$,(#8128),(#8130,#8138,#8224),$,$,.WINDOW.,.SINGLE_PANEL.,$,$);
#8128=IFCPROPERTYSET('1tN20ffpf6$vV_KsEODr5Z',$,'BBIM_Window',$,(#8129));
#8129=IFCPROPERTYSINGLEVALUE('Data',$,IFCTEXT('{"window_type": "DOUBLE_PANEL_VERTICAL", "overall_height": 0.8999999761581421, "overall_width": 1.239734411239624, "lining_properties": {"lining_depth": 0.05000000074505806, "lining_thickness": 0.05000000074505806, "lining_offset": 0.05000000074505806, "lining_to_panel_offset_x": 0.02500000037252903, "lining_to_panel_offset_y": 0.02500000037252903, "mullion_thickness": 0.05000000074505806, "first_mullion_offset": 0.6541453003883362}, "panel_properties": {"frame_depth": [0.03500000014901161, 0.03500000014901161, 0.03500000014901161], "frame_thickness": [0.03500000014901161, 0.005552083253860474, 0.03500000014901161]}}'),$);
#8130=IFCREPRESENTATIONMAP(#8131,#8587);
#8131=IFCAXIS2PLACEMENT3D(#8132,#8133,#8134);
#8132=IFCCARTESIANPOINT((0.,0.,0.));
#8133=IFCDIRECTION((0.,0.,1.));
#8134=IFCDIRECTION((1.,0.,0.));
#8138=IFCREPRESENTATIONMAP(#8139,#8668);
#8139=IFCAXIS2PLACEMENT3D(#8140,#8141,#8142);
#8140=IFCCARTESIANPOINT((0.,0.,0.));
#8141=IFCDIRECTION((0.,0.,1.));
#8142=IFCDIRECTION((1.,0.,0.));
#8224=IFCREPRESENTATIONMAP(#8225,#8707);
#8225=IFCAXIS2PLACEMENT3D(#8226,#8227,#8228);
#8226=IFCCARTESIANPOINT((0.,0.,0.));
#8227=IFCDIRECTION((0.,0.,1.));
#8228=IFCDIRECTION((1.,0.,0.));
#8505=IFCWINDOW('1z4j47zrL8Sw4ZxWxuEfHL',$,'Window',$,$,#8732,#8514,$,0.89999997615814209,1.239734411239624,$,.DOUBLE_PANEL_VERTICAL.,$);
#8506=IFCRELDEFINESBYTYPE('1STPScTd97CxDAcQJJ8qCV',$,$,$,(#8505),#8127);
#8507=IFCCARTESIANPOINT((0.,0.,0.));
#8508=IFCDIRECTION((1.,0.,0.));
#8509=IFCDIRECTION((0.,1.,0.));
#8510=IFCDIRECTION((0.,0.,1.));
#8511=IFCCARTESIANTRANSFORMATIONOPERATOR3D(#8508,#8509,#8507,1.,#8510);
#8512=IFCMAPPEDITEM(#8130,#8511);
#8513=IFCSHAPEREPRESENTATION(#18,'Profile','MappedRepresentation',(#8512));
#8514=IFCPRODUCTDEFINITIONSHAPE($,$,(#8513,#8521,#8528));
#8515=IFCCARTESIANPOINT((0.,0.,0.));
#8516=IFCDIRECTION((1.,0.,0.));
#8517=IFCDIRECTION((0.,1.,0.));
#8518=IFCDIRECTION((0.,0.,1.));
#8519=IFCCARTESIANTRANSFORMATIONOPERATOR3D(#8516,#8517,#8515,1.,#8518);
#8520=IFCMAPPEDITEM(#8138,#8519);
#8521=IFCSHAPEREPRESENTATION(#11,'Body','MappedRepresentation',(#8520));
#8522=IFCCARTESIANPOINT((0.,0.,0.));
#8523=IFCDIRECTION((1.,0.,0.));
#8524=IFCDIRECTION((0.,1.,0.));
#8525=IFCDIRECTION((0.,0.,1.));
#8526=IFCCARTESIANTRANSFORMATIONOPERATOR3D(#8523,#8524,#8522,1.,#8525);
#8527=IFCMAPPEDITEM(#8224,#8526);
#8528=IFCSHAPEREPRESENTATION(#24,'Body','MappedRepresentation',(#8527));
#8529=IFCOPENINGELEMENT('1WLOmnvjn57eCigQm0P0RK',$,'Opening',$,$,#8727,#8557,$,.OPENING.);
#8545=IFCCARTESIANPOINT((0.,0.,0.));
#8546=IFCDIRECTION((1.,0.,0.));
#8547=IFCDIRECTION((0.,0.,1.));
#8548=IFCAXIS2PLACEMENT3D(#8545,#8547,#8546);
#8549=IFCREPRESENTATIONMAP(#8548,#8717);
#8550=IFCCARTESIANPOINT((0.,0.,0.));
#8551=IFCDIRECTION((1.,0.,0.));
#8552=IFCDIRECTION((0.,1.,0.));
#8553=IFCDIRECTION((0.,0.,1.));
#8554=IFCCARTESIANTRANSFORMATIONOPERATOR3D(#8551,#8552,#8550,1.,#8553);
#8555=IFCMAPPEDITEM(#8549,#8554);
#8556=IFCSHAPEREPRESENTATION(#11,'Body','MappedRepresentation',(#8555));
#8557=IFCPRODUCTDEFINITIONSHAPE($,$,(#8556));
#8558=IFCRELVOIDSELEMENT('3U578nkpT2SB7rdM2PorV9',$,$,$,#5416,#8529);
#8564=IFCRELFILLSELEMENT('2azjeS6xnELfgTsBvSRhah',$,$,$,#8529,#8505);
#8585=IFCCARTESIANPOINTLIST3D(((0.,0.,0.),(1.239734411239624,0.,0.),(1.239734411239624,0.,0.89999997615814209),(0.,0.,0.89999997615814209)));
#8586=IFCINDEXEDPOLYCURVE(#8585,(IFCLINEINDEX((1,2,3,4,1))),$);
#8587=IFCSHAPEREPRESENTATION(#18,'Profile','Curve3D',(#8586));
#8588=IFCCARTESIANPOINTLIST2D(((0.65414530038833618,0.),(0.,0.),(0.,0.89999997615814209),(0.65414530038833618,0.89999997615814209),(0.65414530038833618,0.87499997578561306),(0.02500000037252903,0.87499997578561306),(0.02500000037252903,0.02500000037252903),(0.65414530038833618,0.02500000037252903)));
#8589=IFCINDEXEDPOLYCURVE(#8588,(IFCLINEINDEX((1,2,3,4,5,6,7,8,1))),$);
#8590=IFCARBITRARYCLOSEDPROFILEDEF(.AREA.,$,#8589);
#8591=IFCCARTESIANPOINT((0.,0.090000001713633537,0.));
#8592=IFCDIRECTION((0.,-1.,0.));
#8593=IFCDIRECTION((1.,0.,0.));
#8594=IFCAXIS2PLACEMENT3D(#8591,#8592,#8593);
#8595=IFCDIRECTION((0.,0.,-1.));
#8596=IFCEXTRUDEDAREASOLID(#8590,#8594,#8595,0.0099999997764825821);
#8597=IFCCARTESIANPOINTLIST2D(((0.,0.),(0.65414530038833618,0.),(0.65414530038833618,0.89999997615814209),(0.,0.89999997615814209)));
#8598=IFCINDEXEDPOLYCURVE(#8597,(IFCLINEINDEX((1,2,3,4,1))),$);
#8599=IFCCARTESIANPOINTLIST2D(((0.05000000074505806,0.05000000074505806),(0.62914530001580715,0.05000000074505806),(0.62914530001580715,0.84999997541308403),(0.05000000074505806,0.84999997541308403)));
#8600=IFCINDEXEDPOLYCURVE(#8599,(IFCLINEINDEX((1,2,3,4,1))),$);
#8601=IFCARBITRARYPROFILEDEFWITHVOIDS(.AREA.,$,#8598,(#8600));
#8602=IFCCARTESIANPOINT((0.,0.05000000074505806,0.));
#8603=IFCDIRECTION((0.,-1.,0.));
#8604=IFCDIRECTION((1.,0.,0.));
#8605=IFCAXIS2PLACEMENT3D(#8602,#8603,#8604);
#8606=IFCDIRECTION((0.,0.,-1.));
#8607=IFCEXTRUDEDAREASOLID(#8601,#8605,#8606,0.040000000968575478);
#8608=IFCCARTESIANPOINTLIST2D(((0.,0.),(0.62914530001580715,0.),(0.62914530001580715,0.84999997541308403),(0.,0.84999997541308403)));
#8609=IFCINDEXEDPOLYCURVE(#8608,(IFCLINEINDEX((1,2,3,4,1))),$);
#8610=IFCCARTESIANPOINTLIST2D(((0.035000000149011612,0.035000000149011612),(0.59414529986679554,0.035000000149011612),(0.59414529986679554,0.81499997526407242),(0.035000000149011612,0.81499997526407242)));
#8611=IFCINDEXEDPOLYCURVE(#8610,(IFCLINEINDEX((1,2,3,4,1))),$);
#8612=IFCARBITRARYPROFILEDEFWITHVOIDS(.AREA.,$,#8609,(#8611));
#8613=IFCCARTESIANPOINT((0.02500000037252903,0.090000001713633537,0.02500000037252903));
#8614=IFCDIRECTION((0.,-1.,0.));
#8615=IFCDIRECTION((1.,0.,0.));
#8616=IFCAXIS2PLACEMENT3D(#8613,#8614,#8615);
#8617=IFCDIRECTION((0.,0.,-1.));
#8618=IFCEXTRUDEDAREASOLID(#8612,#8616,#8617,0.035000000149011612);
#8619=IFCINDEXEDPOLYCURVE(#8620,(IFCLINEINDEX((1,2,3,4,1))),$);
#8620=IFCCARTESIANPOINTLIST2D(((0.035000000149011612,0.035000000149011612),(0.59414529986679554,0.035000000149011612),(0.59414529986679554,0.81499997526407242),(0.035000000149011612,0.81499997526407242)));
#8621=IFCARBITRARYCLOSEDPROFILEDEF(.AREA.,$,#8619);
#8622=IFCCARTESIANPOINT((0.02500000037252903,0.10250000178813934,0.02500000037252903));
#8623=IFCDIRECTION((0.,-1.,0.));
#8624=IFCDIRECTION((1.,0.,0.));
#8625=IFCAXIS2PLACEMENT3D(#8622,#8623,#8624);
#8626=IFCDIRECTION((0.,0.,-1.));
#8627=IFCEXTRUDEDAREASOLID(#8621,#8625,#8626,0.01);
#8628=IFCCARTESIANPOINTLIST2D(((0.,0.89999997615814209),(0.58558911085128784,0.89999997615814209),(0.58558911085128784,0.),(0.,0.),(0.,0.02500000037252903),(0.56058911047875881,0.02500000037252903),(0.56058911047875881,0.87499997578561306),(0.,0.87499997578561306)));
#8629=IFCINDEXEDPOLYCURVE(#8628,(IFCLINEINDEX((1,2,3,4,5,6,7,8,1))),$);
#8630=IFCARBITRARYCLOSEDPROFILEDEF(.AREA.,$,#8629);
#8631=IFCCARTESIANPOINT((0.65414530038833618,0.090000001713633537,0.));
#8632=IFCDIRECTION((0.,-1.,0.));
#8633=IFCDIRECTION((1.,0.,0.));
#8634=IFCAXIS2PLACEMENT3D(#8631,#8632,#8633);
#8635=IFCDIRECTION((0.,0.,-1.));
#8636=IFCEXTRUDEDAREASOLID(#8630,#8634,#8635,0.0099999997764825821);
#8637=IFCCARTESIANPOINTLIST2D(((0.,0.),(0.58558911085128784,0.),(0.58558911085128784,0.89999997615814209),(0.,0.89999997615814209)));
#8638=IFCINDEXEDPOLYCURVE(#8637,(IFCLINEINDEX((1,2,3,4,1))),$);
#8639=IFCCARTESIANPOINTLIST2D(((0.02500000037252903,0.05000000074505806),(0.53558911010622978,0.05000000074505806),(0.53558911010622978,0.84999997541308403),(0.02500000037252903,0.84999997541308403)));
#8640=IFCINDEXEDPOLYCURVE(#8639,(IFCLINEINDEX((1,2,3,4,1))),$);
#8641=IFCARBITRARYPROFILEDEFWITHVOIDS(.AREA.,$,#8638,(#8640));
#8642=IFCCARTESIANPOINT((0.65414530038833618,0.05000000074505806,0.));
#8643=IFCDIRECTION((0.,-1.,0.));
#8644=IFCDIRECTION((1.,0.,0.));
#8645=IFCAXIS2PLACEMENT3D(#8642,#8643,#8644);
#8646=IFCDIRECTION((0.,0.,-1.));
#8647=IFCEXTRUDEDAREASOLID(#8641,#8645,#8646,0.040000000968575478);
#8648=IFCCARTESIANPOINTLIST2D(((0.,0.),(0.56058911047875881,0.),(0.56058911047875881,0.84999997541308403),(0.,0.84999997541308403)));
#8649=IFCINDEXEDPOLYCURVE(#8648,(IFCLINEINDEX((1,2,3,4,1))),$);
#8650=IFCCARTESIANPOINTLIST2D(((0.0055520832538604736,0.0055520832538604736),(0.55503702722489834,0.0055520832538604736),(0.55503702722489834,0.84444789215922356),(0.0055520832538604736,0.84444789215922356)));
#8651=IFCINDEXEDPOLYCURVE(#8650,(IFCLINEINDEX((1,2,3,4,1))),$);
#8652=IFCARBITRARYPROFILEDEFWITHVOIDS(.AREA.,$,#8649,(#8651));
#8653=IFCCARTESIANPOINT((0.65414530038833618,0.090000001713633537,0.02500000037252903));
#8654=IFCDIRECTION((0.,-1.,0.));
#8655=IFCDIRECTION((1.,0.,0.));
#8656=IFCAXIS2PLACEMENT3D(#8653,#8654,#8655);
#8657=IFCDIRECTION((0.,0.,-1.));
#8658=IFCEXTRUDEDAREASOLID(#8652,#8656,#8657,0.035000000149011612);
#8659=IFCINDEXEDPOLYCURVE(#8660,(IFCLINEINDEX((1,2,3,4,1))),$);
#8660=IFCCARTESIANPOINTLIST2D(((0.0055520832538604736,0.0055520832538604736),(0.55503702722489834,0.0055520832538604736),(0.55503702722489834,0.84444789215922356),(0.0055520832538604736,0.84444789215922356)));
#8661=IFCARBITRARYCLOSEDPROFILEDEF(.AREA.,$,#8659);
#8662=IFCCARTESIANPOINT((0.65414530038833618,0.10250000178813934,0.02500000037252903));
#8663=IFCDIRECTION((0.,-1.,0.));
#8664=IFCDIRECTION((1.,0.,0.));
#8665=IFCAXIS2PLACEMENT3D(#8662,#8663,#8664);
#8666=IFCDIRECTION((0.,0.,-1.));
#8667=IFCEXTRUDEDAREASOLID(#8661,#8665,#8666,0.01);
#8668=IFCSHAPEREPRESENTATION(#11,'Body','SweptSolid',(#8596,#8607,#8618,#8627,#8636,#8647,#8658,#8667));
#8669=IFCSHAPEREPRESENTATION(#11,'Body','SweptSolid',(#8596,#8607,#8636,#8647));
#8670=IFCSHAPEASPECT((#8669),'Lining',$,.T.,#8514);
#8671=IFCSHAPEREPRESENTATION(#11,'Body','SweptSolid',(#8618,#8658));
#8672=IFCSHAPEASPECT((#8671),'Framing',$,.T.,#8514);
#8673=IFCSHAPEREPRESENTATION(#11,'Body','SweptSolid',(#8627,#8667));
#8674=IFCSHAPEASPECT((#8673),'Glazing',$,.T.,#8514);
#8675=IFCCARTESIANPOINTLIST2D(((0.05000000074505806,0.05000000074505806),(0.62914530001580715,0.05000000074505806)));
#8676=IFCINDEXEDPOLYCURVE(#8675,$,$);
#8677=IFCCARTESIANPOINTLIST2D(((0.,0.10000000149011612),(0.02500000037252903,0.10000000149011612),(0.02500000037252903,0.090000001713633537),(0.05000000074505806,0.090000001713633537),(0.05000000074505806,0.05000000074505806),(0.,0.05000000074505806)));
#8678=IFCINDEXEDPOLYCURVE(#8677,(IFCLINEINDEX((1,2,3,4,5,6,1))),$);
#8679=IFCCARTESIANPOINTLIST2D(((0.65414530038833618,0.10000000149011612),(0.65414530038833618,0.10000000149011612),(0.65414530038833618,0.090000001713633537),(0.62914530001580715,0.090000001713633537),(0.62914530001580715,0.05000000074505806),(0.65414530038833618,0.05000000074505806)));
#8680=IFCINDEXEDPOLYCURVE(#8679,$,$);
#8681=IFCCARTESIANPOINTLIST2D(((0.02500000037252903,0.090000001713633537),(0.060000000521540642,0.090000001713633537),(0.060000000521540642,0.12500000186264515),(0.02500000037252903,0.12500000186264515)));
#8682=IFCINDEXEDPOLYCURVE(#8681,(IFCLINEINDEX((1,2,3,4,1))),$);
#8683=IFCINDEXEDPOLYCURVE(#8684,(IFCLINEINDEX((1,2,3,4,1))),$);
#8684=IFCCARTESIANPOINTLIST2D(((0.65414530038833618,0.090000001713633537),(0.61914530023932457,0.090000001713633537),(0.61914530023932457,0.12500000186264515),(0.65414530038833618,0.12500000186264515)));
#8685=IFCCARTESIANPOINTLIST2D(((0.060000000521540642,0.090000001713633537),(0.61914530023932457,0.090000001713633537)));
#8686=IFCINDEXEDPOLYCURVE(#8685,$,$);
#8687=IFCINDEXEDPOLYCURVE(#8688,$,$);
#8688=IFCCARTESIANPOINTLIST2D(((0.060000000521540642,0.12500000186264515),(0.61914530023932457,0.12500000186264515)));
#8689=IFCINDEXEDPOLYCURVE(#8690,$,$);
#8690=IFCCARTESIANPOINTLIST2D(((0.060000000521540642,0.10750000178813934),(0.61914530023932457,0.10750000178813934)));
#8691=IFCCARTESIANPOINTLIST2D(((0.67914530076086521,0.05000000074505806),(1.189734410494566,0.05000000074505806)));
#8692=IFCINDEXEDPOLYCURVE(#8691,$,$);
#8693=IFCCARTESIANPOINTLIST2D(((0.65414530038833618,0.10000000149011612),(0.65414530038833618,0.10000000149011612),(0.65414530038833618,0.090000001713633537),(0.67914530076086521,0.090000001713633537),(0.67914530076086521,0.05000000074505806),(0.65414530038833618,0.05000000074505806)));
#8694=IFCINDEXEDPOLYCURVE(#8693,$,$);
#8695=IFCCARTESIANPOINTLIST2D(((1.239734411239624,0.10000000149011612),(1.214734410867095,0.10000000149011612),(1.214734410867095,0.090000001713633537),(1.189734410494566,0.090000001713633537),(1.189734410494566,0.05000000074505806),(1.239734411239624,0.05000000074505806)));
#8696=IFCINDEXEDPOLYCURVE(#8695,(IFCLINEINDEX((1,2,3,4,5,6,1))),$);
#8697=IFCCARTESIANPOINTLIST2D(((0.65414530038833618,0.090000001713633537),(0.65969738364219666,0.090000001713633537),(0.65969738364219666,0.12500000186264515),(0.65414530038833618,0.12500000186264515)));
#8698=IFCINDEXEDPOLYCURVE(#8697,(IFCLINEINDEX((1,2,3,4,1))),$);
#8699=IFCINDEXEDPOLYCURVE(#8700,(IFCLINEINDEX((1,2,3,4,1))),$);
#8700=IFCCARTESIANPOINTLIST2D(((1.214734410867095,0.090000001713633537),(1.2091823276132345,0.090000001713633537),(1.2091823276132345,0.12500000186264515),(1.214734410867095,0.12500000186264515)));
#8701=IFCCARTESIANPOINTLIST2D(((0.65969738364219666,0.090000001713633537),(1.2091823276132345,0.090000001713633537)));
#8702=IFCINDEXEDPOLYCURVE(#8701,$,$);
#8703=IFCINDEXEDPOLYCURVE(#8704,$,$);
#8704=IFCCARTESIANPOINTLIST2D(((0.65969738364219666,0.12500000186264515),(1.2091823276132345,0.12500000186264515)));
#8705=IFCINDEXEDPOLYCURVE(#8706,$,$);
#8706=IFCCARTESIANPOINTLIST2D(((0.65969738364219666,0.10750000178813934),(1.2091823276132345,0.10750000178813934)));
#8707=IFCSHAPEREPRESENTATION(#24,'Body','Curve2D',(#8676,#8678,#8680,#8682,#8683,#8686,#8687,#8689,#8692,#8694,#8696,#8698,#8699,#8702,#8703,#8705));
#8708=IFCCARTESIANPOINTLIST2D(((0.,0.),(1.239734411239624,0.),(1.239734411239624,0.89999997615814209),(0.,0.89999997615814209)));
#8709=IFCINDEXEDPOLYCURVE(#8708,(IFCLINEINDEX((1,2,3,4,1))),$);
#8710=IFCARBITRARYCLOSEDPROFILEDEF(.AREA.,$,#8709);
#8711=IFCCARTESIANPOINT((0.,-0.60000002384185791,0.));
#8712=IFCDIRECTION((0.,-1.,0.));
#8713=IFCDIRECTION((1.,0.,0.));
#8714=IFCAXIS2PLACEMENT3D(#8711,#8712,#8713);
#8715=IFCDIRECTION((0.,0.,-1.));
#8716=IFCEXTRUDEDAREASOLID(#8710,#8714,#8715,1.2);
#8717=IFCSHAPEREPRESENTATION(#11,'Body','SweptSolid',(#8716));
#8723=IFCCARTESIANPOINT((0.25952890277025564,2.384185791015625E-07,1.));
#8724=IFCDIRECTION((0.,0.,1.));
#8725=IFCDIRECTION((0.99999999999997158,-2.3841857910155572E-07,0.));
#8726=IFCAXIS2PLACEMENT3D(#8723,#8724,#8725);
#8727=IFCLOCALPLACEMENT(#10402,#8726);
#8728=IFCCARTESIANPOINT((8.8817841970012523E-16,0.,0.));
#8729=IFCDIRECTION((0.,0.,1.));
#8730=IFCDIRECTION((1.,0.,0.));
#8731=IFCAXIS2PLACEMENT3D(#8728,#8729,#8730);
#8732=IFCLOCALPLACEMENT(#8727,#8731);
#8733=IFCWINDOWTYPE('0gdcBKYOTD79vnDi6_LFCd',$,'Master Bedroom-1-2F',$,$,(#8734),(#8736,#8744,#8792),$,$,.WINDOW.,.SINGLE_PANEL.,$,$);
#8734=IFCPROPERTYSET('1PszcK0m16mw_M3KDCRkqs',$,'BBIM_Window',$,(#8735));
#8735=IFCPROPERTYSINGLEVALUE('Data',$,IFCTEXT('{"window_type": "SINGLE_PANEL", "overall_height": 0.8999999761581421, "overall_width": 0.8076488375663757, "lining_properties": {"lining_depth": 0.05000000074505806, "lining_thickness": 0.05000000074505806, "lining_offset": 0.05000000074505806, "lining_to_panel_offset_x": 0.02500000037252903, "lining_to_panel_offset_y": 0.02500000037252903}, "panel_properties": {"frame_depth": [0.03500000014901161, 0.03500000014901161, 0.03500000014901161], "frame_thickness": [0.03500000014901161, 0.03500000014901161, 0.03500000014901161]}}'),$);
#8736=IFCREPRESENTATIONMAP(#8737,#8741);
#8737=IFCAXIS2PLACEMENT3D(#8738,#8739,#8740);
#8738=IFCCARTESIANPOINT((0.,0.,0.));
#8739=IFCDIRECTION((0.,0.,1.));
#8740=IFCDIRECTION((1.,0.,0.));
#8741=IFCSHAPEREPRESENTATION(#18,'Profile','Curve3D',(#8742));
#8742=IFCINDEXEDPOLYCURVE(#8743,(IFCLINEINDEX((1,2,3,4,1))),$);
#8743=IFCCARTESIANPOINTLIST3D(((0.,0.,0.),(0.80764883756637573,0.,0.),(0.80764883756637573,0.,0.89999997615814209),(0.,0.,0.89999997615814209)));
#8744=IFCREPRESENTATIONMAP(#8745,#8749);
#8745=IFCAXIS2PLACEMENT3D(#8746,#8747,#8748);
#8746=IFCCARTESIANPOINT((0.,0.,0.));
#8747=IFCDIRECTION((0.,0.,1.));
#8748=IFCDIRECTION((1.,0.,0.));
#8749=IFCSHAPEREPRESENTATION(#11,'Body','SweptSolid',(#8750,#8761,#8772,#8783));
#8750=IFCEXTRUDEDAREASOLID(#8751,#8756,#8760,0.0099999997764825821);
#8751=IFCARBITRARYPROFILEDEFWITHVOIDS(.AREA.,$,#8752,(#8754));
#8752=IFCINDEXEDPOLYCURVE(#8753,(IFCLINEINDEX((1,2,3,4,1))),$);
#8753=IFCCARTESIANPOINTLIST2D(((0.,0.),(0.80764883756637573,0.),(0.80764883756637573,0.89999997615814209),(0.,0.89999997615814209)));
#8754=IFCINDEXEDPOLYCURVE(#8755,(IFCLINEINDEX((1,2,3,4,1))),$);
#8755=IFCCARTESIANPOINTLIST2D(((0.02500000037252903,0.02500000037252903),(0.7826488371938467,0.02500000037252903),(0.7826488371938467,0.87499997578561306),(0.02500000037252903,0.87499997578561306)));
#8756=IFCAXIS2PLACEMENT3D(#8757,#8758,#8759);
#8757=IFCCARTESIANPOINT((0.,0.090000001713633537,0.));
#8758=IFCDIRECTION((0.,-1.,0.));
#8759=IFCDIRECTION((1.,0.,0.));
#8760=IFCDIRECTION((0.,0.,-1.));
#8761=IFCEXTRUDEDAREASOLID(#8762,#8767,#8771,0.040000000968575478);
#8762=IFCARBITRARYPROFILEDEFWITHVOIDS(.AREA.,$,#8763,(#8765));
#8763=IFCINDEXEDPOLYCURVE(#8764,(IFCLINEINDEX((1,2,3,4,1))),$);
#8764=IFCCARTESIANPOINTLIST2D(((0.,0.),(0.80764883756637573,0.),(0.80764883756637573,0.89999997615814209),(0.,0.89999997615814209)));
#8765=IFCINDEXEDPOLYCURVE(#8766,(IFCLINEINDEX((1,2,3,4,1))),$);
#8766=IFCCARTESIANPOINTLIST2D(((0.05000000074505806,0.05000000074505806),(0.75764883682131767,0.05000000074505806),(0.75764883682131767,0.84999997541308403),(0.05000000074505806,0.84999997541308403)));
#8767=IFCAXIS2PLACEMENT3D(#8768,#8769,#8770);
#8768=IFCCARTESIANPOINT((0.,0.05000000074505806,0.));
#8769=IFCDIRECTION((0.,-1.,0.));
#8770=IFCDIRECTION((1.,0.,0.));
#8771=IFCDIRECTION((0.,0.,-1.));
#8772=IFCEXTRUDEDAREASOLID(#8773,#8778,#8782,0.035000000149011612);
#8773=IFCARBITRARYPROFILEDEFWITHVOIDS(.AREA.,$,#8774,(#8776));
#8774=IFCINDEXEDPOLYCURVE(#8775,(IFCLINEINDEX((1,2,3,4,1))),$);
#8775=IFCCARTESIANPOINTLIST2D(((0.,0.),(0.75764883682131767,0.),(0.75764883682131767,0.84999997541308403),(0.,0.84999997541308403)));
#8776=IFCINDEXEDPOLYCURVE(#8777,(IFCLINEINDEX((1,2,3,4,1))),$);
#8777=IFCCARTESIANPOINTLIST2D(((0.035000000149011612,0.035000000149011612),(0.72264883667230606,0.035000000149011612),(0.72264883667230606,0.81499997526407242),(0.035000000149011612,0.81499997526407242)));
#8778=IFCAXIS2PLACEMENT3D(#8779,#8780,#8781);
#8779=IFCCARTESIANPOINT((0.02500000037252903,0.090000001713633537,0.02500000037252903));
#8780=IFCDIRECTION((0.,-1.,0.));
#8781=IFCDIRECTION((1.,0.,0.));
#8782=IFCDIRECTION((0.,0.,-1.));
#8783=IFCEXTRUDEDAREASOLID(#8784,#8787,#8791,0.01);
#8784=IFCARBITRARYCLOSEDPROFILEDEF(.AREA.,$,#8785);
#8785=IFCINDEXEDPOLYCURVE(#8786,(IFCLINEINDEX((1,2,3,4,1))),$);
#8786=IFCCARTESIANPOINTLIST2D(((0.035000000149011612,0.035000000149011612),(0.72264883667230606,0.035000000149011612),(0.72264883667230606,0.81499997526407242),(0.035000000149011612,0.81499997526407242)));
#8787=IFCAXIS2PLACEMENT3D(#8788,#8789,#8790);
#8788=IFCCARTESIANPOINT((0.02500000037252903,0.10250000178813934,0.02500000037252903));
#8789=IFCDIRECTION((0.,-1.,0.));
#8790=IFCDIRECTION((1.,0.,0.));
#8791=IFCDIRECTION((0.,0.,-1.));
#8792=IFCREPRESENTATIONMAP(#8793,#8797);
#8793=IFCAXIS2PLACEMENT3D(#8794,#8795,#8796);
#8794=IFCCARTESIANPOINT((0.,0.,0.));
#8795=IFCDIRECTION((0.,0.,1.));
#8796=IFCDIRECTION((1.,0.,0.));
#8797=IFCSHAPEREPRESENTATION(#24,'Body','Curve2D',(#8798,#8800,#8802,#8804,#8806,#8808,#8810,#8812));
#8798=IFCINDEXEDPOLYCURVE(#8799,$,$);
#8799=IFCCARTESIANPOINTLIST2D(((0.05000000074505806,0.05000000074505806),(0.75764883682131767,0.05000000074505806)));
#8800=IFCINDEXEDPOLYCURVE(#8801,(IFCLINEINDEX((1,2,3,4,5,6,1))),$);
#8801=IFCCARTESIANPOINTLIST2D(((0.,0.10000000149011612),(0.02500000037252903,0.10000000149011612),(0.02500000037252903,0.090000001713633537),(0.05000000074505806,0.090000001713633537),(0.05000000074505806,0.05000000074505806),(0.,0.05000000074505806)));
#8802=IFCINDEXEDPOLYCURVE(#8803,(IFCLINEINDEX((1,2,3,4,5,6,1))),$);
#8803=IFCCARTESIANPOINTLIST2D(((0.80764883756637573,0.10000000149011612),(0.7826488371938467,0.10000000149011612),(0.7826488371938467,0.090000001713633537),(0.75764883682131767,0.090000001713633537),(0.75764883682131767,0.05000000074505806),(0.80764883756637573,0.05000000074505806)));
#8804=IFCINDEXEDPOLYCURVE(#8805,(IFCLINEINDEX((1,2,3,4,1))),$);
#8805=IFCCARTESIANPOINTLIST2D(((0.02500000037252903,0.090000001713633537),(0.060000000521540642,0.090000001713633537),(0.060000000521540642,0.12500000186264515),(0.02500000037252903,0.12500000186264515)));
#8806=IFCINDEXEDPOLYCURVE(#8807,(IFCLINEINDEX((1,2,3,4,1))),$);
#8807=IFCCARTESIANPOINTLIST2D(((0.7826488371938467,0.090000001713633537),(0.74764883704483509,0.090000001713633537),(0.74764883704483509,0.12500000186264515),(0.7826488371938467,0.12500000186264515)));
#8808=IFCINDEXEDPOLYCURVE(#8809,$,$);
#8809=IFCCARTESIANPOINTLIST2D(((0.060000000521540642,0.090000001713633537),(0.74764883704483509,0.090000001713633537)));
#8810=IFCINDEXEDPOLYCURVE(#8811,$,$);
#8811=IFCCARTESIANPOINTLIST2D(((0.060000000521540642,0.12500000186264515),(0.74764883704483509,0.12500000186264515)));
#8812=IFCINDEXEDPOLYCURVE(#8813,$,$);
#8813=IFCCARTESIANPOINTLIST2D(((0.060000000521540642,0.10750000178813934),(0.74764883704483509,0.10750000178813934)));
#8814=IFCWINDOW('3oUAqAnwP5ag6yo3xO1T$e',$,'Window',$,$,#10178,#8823,$,0.89999997615814209,0.80764883756637573,$,$,$);
#8815=IFCRELDEFINESBYTYPE('3syV$5Xc14mOE4WCM9uVSR',$,$,$,(#8814,#8975),#8733);
#8816=IFCCARTESIANPOINT((0.,0.,0.));
#8817=IFCDIRECTION((1.,0.,0.));
#8818=IFCDIRECTION((0.,1.,0.));
#8819=IFCDIRECTION((0.,0.,1.));
#8820=IFCCARTESIANTRANSFORMATIONOPERATOR3D(#8817,#8818,#8816,1.,#8819);
#8821=IFCMAPPEDITEM(#8736,#8820);
#8822=IFCSHAPEREPRESENTATION(#18,'Profile','MappedRepresentation',(#8821));
#8823=IFCPRODUCTDEFINITIONSHAPE($,$,(#8822,#8830,#8837));
#8824=IFCCARTESIANPOINT((0.,0.,0.));
#8825=IFCDIRECTION((1.,0.,0.));
#8826=IFCDIRECTION((0.,1.,0.));
#8827=IFCDIRECTION((0.,0.,1.));
#8828=IFCCARTESIANTRANSFORMATIONOPERATOR3D(#8825,#8826,#8824,1.,#8827);
#8829=IFCMAPPEDITEM(#8744,#8828);
#8830=IFCSHAPEREPRESENTATION(#11,'Body','MappedRepresentation',(#8829));
#8831=IFCCARTESIANPOINT((0.,0.,0.));
#8832=IFCDIRECTION((1.,0.,0.));
#8833=IFCDIRECTION((0.,1.,0.));
#8834=IFCDIRECTION((0.,0.,1.));
#8835=IFCCARTESIANTRANSFORMATIONOPERATOR3D(#8832,#8833,#8831,1.,#8834);
#8836=IFCMAPPEDITEM(#8792,#8835);
#8837=IFCSHAPEREPRESENTATION(#24,'Body','MappedRepresentation',(#8836));
#8838=IFCOPENINGELEMENT('1sMC67p1b2lxza$P5OJXgo',$,'Opening',$,$,#8888,#8866,$,.OPENING.);
#8844=IFCCARTESIANPOINTLIST2D(((0.,0.),(0.80764883756637573,0.),(0.80764883756637573,0.89999997615814209),(0.,0.89999997615814209)));
#8845=IFCINDEXEDPOLYCURVE(#8844,(IFCLINEINDEX((1,2,3,4,1))),$);
#8846=IFCARBITRARYCLOSEDPROFILEDEF(.AREA.,$,#8845);
#8847=IFCCARTESIANPOINT((0.,-0.60000002384185791,0.));
#8848=IFCDIRECTION((0.,-1.,0.));
#8849=IFCDIRECTION((1.,0.,0.));
#8850=IFCAXIS2PLACEMENT3D(#8847,#8848,#8849);
#8851=IFCDIRECTION((0.,0.,-1.));
#8852=IFCEXTRUDEDAREASOLID(#8846,#8850,#8851,1.2);
#8853=IFCSHAPEREPRESENTATION(#11,'Body','SweptSolid',(#8852));
#8854=IFCCARTESIANPOINT((0.,0.,0.));
#8855=IFCDIRECTION((1.,0.,0.));
#8856=IFCDIRECTION((0.,0.,1.));
#8857=IFCAXIS2PLACEMENT3D(#8854,#8856,#8855);
#8858=IFCREPRESENTATIONMAP(#8857,#8853);
#8859=IFCCARTESIANPOINT((0.,0.,0.));
#8860=IFCDIRECTION((1.,0.,0.));
#8861=IFCDIRECTION((0.,1.,0.));
#8862=IFCDIRECTION((0.,0.,1.));
#8863=IFCCARTESIANTRANSFORMATIONOPERATOR3D(#8860,#8861,#8859,1.,#8862);
#8864=IFCMAPPEDITEM(#8858,#8863);
#8865=IFCSHAPEREPRESENTATION(#11,'Body','MappedRepresentation',(#8864));
#8866=IFCPRODUCTDEFINITIONSHAPE($,$,(#8865));
#8867=IFCRELVOIDSELEMENT('3UfsmkRZH82hvtkfss_orp',$,$,$,#5291,#8838);
#8873=IFCRELFILLSELEMENT('3C7H$6tGL0tR0fLptKxCvh',$,$,$,#8838,#8814);
#8884=IFCCARTESIANPOINT((3.5871273795671978,6.8285379484223085E-07,1.));
#8885=IFCDIRECTION((0.,0.,1.));
#8886=IFCDIRECTION((0.99999999999999289,1.1920928244535129E-07,0.));
#8887=IFCAXIS2PLACEMENT3D(#8884,#8885,#8886);
#8888=IFCLOCALPLACEMENT(#10397,#8887);
#8894=IFCWINDOWTYPE('0dILiqAij2Z9Chwbm$9Xz4',$,'Master Bedroom 2-2F',$,$,(#8895),(#8897,#8905,#8953),$,$,.WINDOW.,.SINGLE_PANEL.,$,$);
#8895=IFCPROPERTYSET('0wRrQrb65DV9rNp3NbU7R3',$,'BBIM_Window',$,(#8896));
#8896=IFCPROPERTYSINGLEVALUE('Data',$,IFCTEXT('{"window_type": "SINGLE_PANEL", "overall_height": 0.8999999761581421, "overall_width": 0.8076488375663757, "lining_properties": {"lining_depth": 0.05000000074505806, "lining_thickness": 0.05000000074505806, "lining_offset": 0.05000000074505806, "lining_to_panel_offset_x": 0.02500000037252903, "lining_to_panel_offset_y": 0.02500000037252903}, "panel_properties": {"frame_depth": [0.03500000014901161, 0.03500000014901161, 0.03500000014901161], "frame_thickness": [0.03500000014901161, 0.03500000014901161, 0.03500000014901161]}}'),$);
#8897=IFCREPRESENTATIONMAP(#8898,#8902);
#8898=IFCAXIS2PLACEMENT3D(#8899,#8900,#8901);
#8899=IFCCARTESIANPOINT((0.,0.,0.));
#8900=IFCDIRECTION((0.,0.,1.));
#8901=IFCDIRECTION((1.,0.,0.));
#8902=IFCSHAPEREPRESENTATION(#18,'Profile','Curve3D',(#8903));
#8903=IFCINDEXEDPOLYCURVE(#8904,(IFCLINEINDEX((1,2,3,4,1))),$);
#8904=IFCCARTESIANPOINTLIST3D(((0.,0.,0.),(0.80764883756637573,0.,0.),(0.80764883756637573,0.,0.89999997615814209),(0.,0.,0.89999997615814209)));
#8905=IFCREPRESENTATIONMAP(#8906,#8910);
#8906=IFCAXIS2PLACEMENT3D(#8907,#8908,#8909);
#8907=IFCCARTESIANPOINT((0.,0.,0.));
#8908=IFCDIRECTION((0.,0.,1.));
#8909=IFCDIRECTION((1.,0.,0.));
#8910=IFCSHAPEREPRESENTATION(#11,'Body','SweptSolid',(#8911,#8922,#8933,#8944));
#8911=IFCEXTRUDEDAREASOLID(#8912,#8917,#8921,0.0099999997764825821);
#8912=IFCARBITRARYPROFILEDEFWITHVOIDS(.AREA.,$,#8913,(#8915));
#8913=IFCINDEXEDPOLYCURVE(#8914,(IFCLINEINDEX((1,2,3,4,1))),$);
#8914=IFCCARTESIANPOINTLIST2D(((0.,0.),(0.80764883756637573,0.),(0.80764883756637573,0.89999997615814209),(0.,0.89999997615814209)));
#8915=IFCINDEXEDPOLYCURVE(#8916,(IFCLINEINDEX((1,2,3,4,1))),$);
#8916=IFCCARTESIANPOINTLIST2D(((0.02500000037252903,0.02500000037252903),(0.7826488371938467,0.02500000037252903),(0.7826488371938467,0.87499997578561306),(0.02500000037252903,0.87499997578561306)));
#8917=IFCAXIS2PLACEMENT3D(#8918,#8919,#8920);
#8918=IFCCARTESIANPOINT((0.,0.090000001713633537,0.));
#8919=IFCDIRECTION((0.,-1.,0.));
#8920=IFCDIRECTION((1.,0.,0.));
#8921=IFCDIRECTION((0.,0.,-1.));
#8922=IFCEXTRUDEDAREASOLID(#8923,#8928,#8932,0.040000000968575478);
#8923=IFCARBITRARYPROFILEDEFWITHVOIDS(.AREA.,$,#8924,(#8926));
#8924=IFCINDEXEDPOLYCURVE(#8925,(IFCLINEINDEX((1,2,3,4,1))),$);
#8925=IFCCARTESIANPOINTLIST2D(((0.,0.),(0.80764883756637573,0.),(0.80764883756637573,0.89999997615814209),(0.,0.89999997615814209)));
#8926=IFCINDEXEDPOLYCURVE(#8927,(IFCLINEINDEX((1,2,3,4,1))),$);
#8927=IFCCARTESIANPOINTLIST2D(((0.05000000074505806,0.05000000074505806),(0.75764883682131767,0.05000000074505806),(0.75764883682131767,0.84999997541308403),(0.05000000074505806,0.84999997541308403)));
#8928=IFCAXIS2PLACEMENT3D(#8929,#8930,#8931);
#8929=IFCCARTESIANPOINT((0.,0.05000000074505806,0.));
#8930=IFCDIRECTION((0.,-1.,0.));
#8931=IFCDIRECTION((1.,0.,0.));
#8932=IFCDIRECTION((0.,0.,-1.));
#8933=IFCEXTRUDEDAREASOLID(#8934,#8939,#8943,0.035000000149011612);
#8934=IFCARBITRARYPROFILEDEFWITHVOIDS(.AREA.,$,#8935,(#8937));
#8935=IFCINDEXEDPOLYCURVE(#8936,(IFCLINEINDEX((1,2,3,4,1))),$);
#8936=IFCCARTESIANPOINTLIST2D(((0.,0.),(0.75764883682131767,0.),(0.75764883682131767,0.84999997541308403),(0.,0.84999997541308403)));
#8937=IFCINDEXEDPOLYCURVE(#8938,(IFCLINEINDEX((1,2,3,4,1))),$);
#8938=IFCCARTESIANPOINTLIST2D(((0.035000000149011612,0.035000000149011612),(0.72264883667230606,0.035000000149011612),(0.72264883667230606,0.81499997526407242),(0.035000000149011612,0.81499997526407242)));
#8939=IFCAXIS2PLACEMENT3D(#8940,#8941,#8942);
#8940=IFCCARTESIANPOINT((0.02500000037252903,0.090000001713633537,0.02500000037252903));
#8941=IFCDIRECTION((0.,-1.,0.));
#8942=IFCDIRECTION((1.,0.,0.));
#8943=IFCDIRECTION((0.,0.,-1.));
#8944=IFCEXTRUDEDAREASOLID(#8945,#8948,#8952,0.01);
#8945=IFCARBITRARYCLOSEDPROFILEDEF(.AREA.,$,#8946);
#8946=IFCINDEXEDPOLYCURVE(#8947,(IFCLINEINDEX((1,2,3,4,1))),$);
#8947=IFCCARTESIANPOINTLIST2D(((0.035000000149011612,0.035000000149011612),(0.72264883667230606,0.035000000149011612),(0.72264883667230606,0.81499997526407242),(0.035000000149011612,0.81499997526407242)));
#8948=IFCAXIS2PLACEMENT3D(#8949,#8950,#8951);
#8949=IFCCARTESIANPOINT((0.02500000037252903,0.10250000178813934,0.02500000037252903));
#8950=IFCDIRECTION((0.,-1.,0.));
#8951=IFCDIRECTION((1.,0.,0.));
#8952=IFCDIRECTION((0.,0.,-1.));
#8953=IFCREPRESENTATIONMAP(#8954,#8958);
#8954=IFCAXIS2PLACEMENT3D(#8955,#8956,#8957);
#8955=IFCCARTESIANPOINT((0.,0.,0.));
#8956=IFCDIRECTION((0.,0.,1.));
#8957=IFCDIRECTION((1.,0.,0.));
#8958=IFCSHAPEREPRESENTATION(#24,'Body','Curve2D',(#8959,#8961,#8963,#8965,#8967,#8969,#8971,#8973));
#8959=IFCINDEXEDPOLYCURVE(#8960,$,$);
#8960=IFCCARTESIANPOINTLIST2D(((0.05000000074505806,0.05000000074505806),(0.75764883682131767,0.05000000074505806)));
#8961=IFCINDEXEDPOLYCURVE(#8962,(IFCLINEINDEX((1,2,3,4,5,6,1))),$);
#8962=IFCCARTESIANPOINTLIST2D(((0.,0.10000000149011612),(0.02500000037252903,0.10000000149011612),(0.02500000037252903,0.090000001713633537),(0.05000000074505806,0.090000001713633537),(0.05000000074505806,0.05000000074505806),(0.,0.05000000074505806)));
#8963=IFCINDEXEDPOLYCURVE(#8964,(IFCLINEINDEX((1,2,3,4,5,6,1))),$);
#8964=IFCCARTESIANPOINTLIST2D(((0.80764883756637573,0.10000000149011612),(0.7826488371938467,0.10000000149011612),(0.7826488371938467,0.090000001713633537),(0.75764883682131767,0.090000001713633537),(0.75764883682131767,0.05000000074505806),(0.80764883756637573,0.05000000074505806)));
#8965=IFCINDEXEDPOLYCURVE(#8966,(IFCLINEINDEX((1,2,3,4,1))),$);
#8966=IFCCARTESIANPOINTLIST2D(((0.02500000037252903,0.090000001713633537),(0.060000000521540642,0.090000001713633537),(0.060000000521540642,0.12500000186264515),(0.02500000037252903,0.12500000186264515)));
#8967=IFCINDEXEDPOLYCURVE(#8968,(IFCLINEINDEX((1,2,3,4,1))),$);
#8968=IFCCARTESIANPOINTLIST2D(((0.7826488371938467,0.090000001713633537),(0.74764883704483509,0.090000001713633537),(0.74764883704483509,0.12500000186264515),(0.7826488371938467,0.12500000186264515)));
#8969=IFCINDEXEDPOLYCURVE(#8970,$,$);
#8970=IFCCARTESIANPOINTLIST2D(((0.060000000521540642,0.090000001713633537),(0.74764883704483509,0.090000001713633537)));
#8971=IFCINDEXEDPOLYCURVE(#8972,$,$);
#8972=IFCCARTESIANPOINTLIST2D(((0.060000000521540642,0.12500000186264515),(0.74764883704483509,0.12500000186264515)));
#8973=IFCINDEXEDPOLYCURVE(#8974,$,$);
#8974=IFCCARTESIANPOINTLIST2D(((0.060000000521540642,0.10750000178813934),(0.74764883704483509,0.10750000178813934)));
#8975=IFCWINDOW('1xihbOeq55gR3dOX$puBg6',$,'Window',$,$,#10183,#8983,$,0.89999997615814209,0.80764883756637573,$,$,$);
#8976=IFCCARTESIANPOINT((0.,0.,0.));
#8977=IFCDIRECTION((1.,0.,0.));
#8978=IFCDIRECTION((0.,1.,0.));
#8979=IFCDIRECTION((0.,0.,1.));
#8980=IFCCARTESIANTRANSFORMATIONOPERATOR3D(#8977,#8978,#8976,1.,#8979);
#8981=IFCMAPPEDITEM(#8736,#8980);
#8982=IFCSHAPEREPRESENTATION(#18,'Profile','MappedRepresentation',(#8981));
#8983=IFCPRODUCTDEFINITIONSHAPE($,$,(#8982,#8990,#8997));
#8984=IFCCARTESIANPOINT((0.,0.,0.));
#8985=IFCDIRECTION((1.,0.,0.));
#8986=IFCDIRECTION((0.,1.,0.));
#8987=IFCDIRECTION((0.,0.,1.));
#8988=IFCCARTESIANTRANSFORMATIONOPERATOR3D(#8985,#8986,#8984,1.,#8987);
#8989=IFCMAPPEDITEM(#8744,#8988);
#8990=IFCSHAPEREPRESENTATION(#11,'Body','MappedRepresentation',(#8989));
#8991=IFCCARTESIANPOINT((0.,0.,0.));
#8992=IFCDIRECTION((1.,0.,0.));
#8993=IFCDIRECTION((0.,1.,0.));
#8994=IFCDIRECTION((0.,0.,1.));
#8995=IFCCARTESIANTRANSFORMATIONOPERATOR3D(#8992,#8993,#8991,1.,#8994);
#8996=IFCMAPPEDITEM(#8792,#8995);
#8997=IFCSHAPEREPRESENTATION(#24,'Body','MappedRepresentation',(#8996));
#8998=IFCOPENINGELEMENT('2OdcEzY71CjOdr2S7pHC9s',$,'Opening',$,$,#9033,#9011,$,.OPENING.);
#9004=IFCCARTESIANPOINT((0.,0.,0.));
#9005=IFCDIRECTION((1.,0.,0.));
#9006=IFCDIRECTION((0.,1.,0.));
#9007=IFCDIRECTION((0.,0.,1.));
#9008=IFCCARTESIANTRANSFORMATIONOPERATOR3D(#9005,#9006,#9004,1.,#9007);
#9009=IFCMAPPEDITEM(#8858,#9008);
#9010=IFCSHAPEREPRESENTATION(#11,'Body','MappedRepresentation',(#9009));
#9011=IFCPRODUCTDEFINITIONSHAPE($,$,(#9010));
#9012=IFCRELVOIDSELEMENT('1PPg_H_ET749EePckX8$38',$,$,$,#5291,#8998);
#9018=IFCRELFILLSELEMENT('0i8yf6Tob1ZvyySEOzPJAm',$,$,$,#8998,#8975);
#9029=IFCCARTESIANPOINT((6.1404902259417389,9.6691741680032806E-07,1.));
#9030=IFCDIRECTION((0.,0.,1.));
#9031=IFCDIRECTION((0.99999999999999289,1.1920928244535129E-07,0.));
#9032=IFCAXIS2PLACEMENT3D(#9029,#9030,#9031);
#9033=IFCLOCALPLACEMENT(#10397,#9032);
#9039=IFCWINDOWTYPE('2GgBXU8d969eNDlGxuTmH0',$,'Master Bedroom-3-2F',$,$,(#9040),(#9042,#9050,#9136),$,$,.WINDOW.,.SINGLE_PANEL.,$,$);
#9040=IFCPROPERTYSET('0rOFd9$pT6qQaM1_NCllfu',$,'BBIM_Window',$,(#9041));
#9041=IFCPROPERTYSINGLEVALUE('Data',$,IFCTEXT('{"window_type": "DOUBLE_PANEL_VERTICAL", "overall_height": 0.8999999761581421, "overall_width": 0.9824271202087402, "lining_properties": {"lining_depth": 0.05000000074505806, "lining_thickness": 0.05000000074505806, "lining_offset": 0.05000000074505806, "lining_to_panel_offset_x": 0.02500000037252903, "lining_to_panel_offset_y": 0.02500000037252903, "mullion_thickness": 0.05000000074505806, "first_mullion_offset": 0.4910871982574463}, "panel_properties": {"frame_depth": [0.03500000014901161, 0.03500000014901161, 0.03500000014901161], "frame_thickness": [0.03500000014901161, 0.005552083253860474, 0.03500000014901161]}}'),$);
#9042=IFCREPRESENTATIONMAP(#9043,#9448);
#9043=IFCAXIS2PLACEMENT3D(#9044,#9045,#9046);
#9044=IFCCARTESIANPOINT((0.,0.,0.));
#9045=IFCDIRECTION((0.,0.,1.));
#9046=IFCDIRECTION((1.,0.,0.));
#9050=IFCREPRESENTATIONMAP(#9051,#9529);
#9051=IFCAXIS2PLACEMENT3D(#9052,#9053,#9054);
#9052=IFCCARTESIANPOINT((0.,0.,0.));
#9053=IFCDIRECTION((0.,0.,1.));
#9054=IFCDIRECTION((1.,0.,0.));
#9136=IFCREPRESENTATIONMAP(#9137,#9562);
#9137=IFCAXIS2PLACEMENT3D(#9138,#9139,#9140);
#9138=IFCCARTESIANPOINT((0.,0.,0.));
#9139=IFCDIRECTION((0.,0.,1.));
#9140=IFCDIRECTION((1.,0.,0.));
#9204=IFCRELDEFINESBYTYPE('2wOOe9InH6LQIiHoMC5vN7',$,$,$,(#9978),#9039);
#9243=IFCCARTESIANPOINT((0.,0.,0.));
#9244=IFCDIRECTION((1.,0.,0.));
#9245=IFCDIRECTION((0.,0.,1.));
#9246=IFCAXIS2PLACEMENT3D(#9243,#9245,#9244);
#9247=IFCREPRESENTATIONMAP(#9246,#9572);
#9446=IFCCARTESIANPOINTLIST3D(((0.,0.,0.),(0.98242712020874023,0.,0.),(0.98242712020874023,0.,0.89999997615814209),(0.,0.,0.89999997615814209)));
#9447=IFCINDEXEDPOLYCURVE(#9446,(IFCLINEINDEX((1,2,3,4,1))),$);
#9448=IFCSHAPEREPRESENTATION(#18,'Profile','Curve3D',(#9447));
#9449=IFCCARTESIANPOINTLIST2D(((0.49108719825744629,0.),(0.,0.),(0.,0.89999997615814209),(0.49108719825744629,0.89999997615814209),(0.49108719825744629,0.87499997578561306),(0.02500000037252903,0.87499997578561306),(0.02500000037252903,0.02500000037252903),(0.49108719825744629,0.02500000037252903)));
#9450=IFCINDEXEDPOLYCURVE(#9449,(IFCLINEINDEX((1,2,3,4,5,6,7,8,1))),$);
#9451=IFCARBITRARYCLOSEDPROFILEDEF(.AREA.,$,#9450);
#9452=IFCCARTESIANPOINT((0.,0.090000001713633537,0.));
#9453=IFCDIRECTION((0.,-1.,0.));
#9454=IFCDIRECTION((1.,0.,0.));
#9455=IFCAXIS2PLACEMENT3D(#9452,#9453,#9454);
#9456=IFCDIRECTION((0.,0.,-1.));
#9457=IFCEXTRUDEDAREASOLID(#9451,#9455,#9456,0.0099999997764825821);
#9458=IFCCARTESIANPOINTLIST2D(((0.,0.),(0.49108719825744629,0.),(0.49108719825744629,0.89999997615814209),(0.,0.89999997615814209)));
#9459=IFCINDEXEDPOLYCURVE(#9458,(IFCLINEINDEX((1,2,3,4,1))),$);
#9460=IFCCARTESIANPOINTLIST2D(((0.05000000074505806,0.05000000074505806),(0.46608719788491726,0.05000000074505806),(0.46608719788491726,0.84999997541308403),(0.05000000074505806,0.84999997541308403)));
#9461=IFCINDEXEDPOLYCURVE(#9460,(IFCLINEINDEX((1,2,3,4,1))),$);
#9462=IFCARBITRARYPROFILEDEFWITHVOIDS(.AREA.,$,#9459,(#9461));
#9463=IFCCARTESIANPOINT((0.,0.05000000074505806,0.));
#9464=IFCDIRECTION((0.,-1.,0.));
#9465=IFCDIRECTION((1.,0.,0.));
#9466=IFCAXIS2PLACEMENT3D(#9463,#9464,#9465);
#9467=IFCDIRECTION((0.,0.,-1.));
#9468=IFCEXTRUDEDAREASOLID(#9462,#9466,#9467,0.040000000968575478);
#9469=IFCCARTESIANPOINTLIST2D(((0.,0.),(0.46608719788491726,0.),(0.46608719788491726,0.84999997541308403),(0.,0.84999997541308403)));
#9470=IFCINDEXEDPOLYCURVE(#9469,(IFCLINEINDEX((1,2,3,4,1))),$);
#9471=IFCCARTESIANPOINTLIST2D(((0.035000000149011612,0.035000000149011612),(0.43108719773590565,0.035000000149011612),(0.43108719773590565,0.81499997526407242),(0.035000000149011612,0.81499997526407242)));
#9472=IFCINDEXEDPOLYCURVE(#9471,(IFCLINEINDEX((1,2,3,4,1))),$);
#9473=IFCARBITRARYPROFILEDEFWITHVOIDS(.AREA.,$,#9470,(#9472));
#9474=IFCCARTESIANPOINT((0.02500000037252903,0.090000001713633537,0.02500000037252903));
#9475=IFCDIRECTION((0.,-1.,0.));
#9476=IFCDIRECTION((1.,0.,0.));
#9477=IFCAXIS2PLACEMENT3D(#9474,#9475,#9476);
#9478=IFCDIRECTION((0.,0.,-1.));
#9479=IFCEXTRUDEDAREASOLID(#9473,#9477,#9478,0.035000000149011612);
#9480=IFCINDEXEDPOLYCURVE(#9481,(IFCLINEINDEX((1,2,3,4,1))),$);
#9481=IFCCARTESIANPOINTLIST2D(((0.035000000149011612,0.035000000149011612),(0.43108719773590565,0.035000000149011612),(0.43108719773590565,0.81499997526407242),(0.035000000149011612,0.81499997526407242)));
#9482=IFCARBITRARYCLOSEDPROFILEDEF(.AREA.,$,#9480);
#9483=IFCCARTESIANPOINT((0.02500000037252903,0.10250000178813934,0.02500000037252903));
#9484=IFCDIRECTION((0.,-1.,0.));
#9485=IFCDIRECTION((1.,0.,0.));
#9486=IFCAXIS2PLACEMENT3D(#9483,#9484,#9485);
#9487=IFCDIRECTION((0.,0.,-1.));
#9488=IFCEXTRUDEDAREASOLID(#9482,#9486,#9487,0.01);
#9489=IFCCARTESIANPOINTLIST2D(((0.,0.89999997615814209),(0.49133992195129395,0.89999997615814209),(0.49133992195129395,0.),(0.,0.),(0.,0.02500000037252903),(0.46633992157876492,0.02500000037252903),(0.46633992157876492,0.87499997578561306),(0.,0.87499997578561306)));
#9490=IFCINDEXEDPOLYCURVE(#9489,(IFCLINEINDEX((1,2,3,4,5,6,7,8,1))),$);
#9491=IFCARBITRARYCLOSEDPROFILEDEF(.AREA.,$,#9490);
#9492=IFCCARTESIANPOINT((0.49108719825744629,0.090000001713633537,0.));
#9493=IFCDIRECTION((0.,-1.,0.));
#9494=IFCDIRECTION((1.,0.,0.));
#9495=IFCAXIS2PLACEMENT3D(#9492,#9493,#9494);
#9496=IFCDIRECTION((0.,0.,-1.));
#9497=IFCEXTRUDEDAREASOLID(#9491,#9495,#9496,0.0099999997764825821);
#9498=IFCCARTESIANPOINTLIST2D(((0.,0.),(0.49133992195129395,0.),(0.49133992195129395,0.89999997615814209),(0.,0.89999997615814209)));
#9499=IFCINDEXEDPOLYCURVE(#9498,(IFCLINEINDEX((1,2,3,4,1))),$);
#9500=IFCCARTESIANPOINTLIST2D(((0.02500000037252903,0.05000000074505806),(0.44133992120623589,0.05000000074505806),(0.44133992120623589,0.84999997541308403),(0.02500000037252903,0.84999997541308403)));
#9501=IFCINDEXEDPOLYCURVE(#9500,(IFCLINEINDEX((1,2,3,4,1))),$);
#9502=IFCARBITRARYPROFILEDEFWITHVOIDS(.AREA.,$,#9499,(#9501));
#9503=IFCCARTESIANPOINT((0.49108719825744629,0.05000000074505806,0.));
#9504=IFCDIRECTION((0.,-1.,0.));
#9505=IFCDIRECTION((1.,0.,0.));
#9506=IFCAXIS2PLACEMENT3D(#9503,#9504,#9505);
#9507=IFCDIRECTION((0.,0.,-1.));
#9508=IFCEXTRUDEDAREASOLID(#9502,#9506,#9507,0.040000000968575478);
#9509=IFCCARTESIANPOINTLIST2D(((0.,0.),(0.46633992157876492,0.),(0.46633992157876492,0.84999997541308403),(0.,0.84999997541308403)));
#9510=IFCINDEXEDPOLYCURVE(#9509,(IFCLINEINDEX((1,2,3,4,1))),$);
#9511=IFCCARTESIANPOINTLIST2D(((0.0055520832538604736,0.0055520832538604736),(0.46078783832490444,0.0055520832538604736),(0.46078783832490444,0.84444789215922356),(0.0055520832538604736,0.84444789215922356)));
#9512=IFCINDEXEDPOLYCURVE(#9511,(IFCLINEINDEX((1,2,3,4,1))),$);
#9513=IFCARBITRARYPROFILEDEFWITHVOIDS(.AREA.,$,#9510,(#9512));
#9514=IFCCARTESIANPOINT((0.49108719825744629,0.090000001713633537,0.02500000037252903));
#9515=IFCDIRECTION((0.,-1.,0.));
#9516=IFCDIRECTION((1.,0.,0.));
#9517=IFCAXIS2PLACEMENT3D(#9514,#9515,#9516);
#9518=IFCDIRECTION((0.,0.,-1.));
#9519=IFCEXTRUDEDAREASOLID(#9513,#9517,#9518,0.035000000149011612);
#9520=IFCINDEXEDPOLYCURVE(#9521,(IFCLINEINDEX((1,2,3,4,1))),$);
#9521=IFCCARTESIANPOINTLIST2D(((0.0055520832538604736,0.0055520832538604736),(0.46078783832490444,0.0055520832538604736),(0.46078783832490444,0.84444789215922356),(0.0055520832538604736,0.84444789215922356)));
#9522=IFCARBITRARYCLOSEDPROFILEDEF(.AREA.,$,#9520);
#9523=IFCCARTESIANPOINT((0.49108719825744629,0.10250000178813934,0.02500000037252903));
#9524=IFCDIRECTION((0.,-1.,0.));
#9525=IFCDIRECTION((1.,0.,0.));
#9526=IFCAXIS2PLACEMENT3D(#9523,#9524,#9525);
#9527=IFCDIRECTION((0.,0.,-1.));
#9528=IFCEXTRUDEDAREASOLID(#9522,#9526,#9527,0.01);
#9529=IFCSHAPEREPRESENTATION(#11,'Body','SweptSolid',(#9457,#9468,#9479,#9488,#9497,#9508,#9519,#9528));
#9530=IFCCARTESIANPOINTLIST2D(((0.05000000074505806,0.05000000074505806),(0.46608719788491726,0.05000000074505806)));
#9531=IFCINDEXEDPOLYCURVE(#9530,$,$);
#9532=IFCCARTESIANPOINTLIST2D(((0.,0.10000000149011612),(0.02500000037252903,0.10000000149011612),(0.02500000037252903,0.090000001713633537),(0.05000000074505806,0.090000001713633537),(0.05000000074505806,0.05000000074505806),(0.,0.05000000074505806)));
#9533=IFCINDEXEDPOLYCURVE(#9532,(IFCLINEINDEX((1,2,3,4,5,6,1))),$);
#9534=IFCCARTESIANPOINTLIST2D(((0.49108719825744629,0.10000000149011612),(0.49108719825744629,0.10000000149011612),(0.49108719825744629,0.090000001713633537),(0.46608719788491726,0.090000001713633537),(0.46608719788491726,0.05000000074505806),(0.49108719825744629,0.05000000074505806)));
#9535=IFCINDEXEDPOLYCURVE(#9534,$,$);
#9536=IFCCARTESIANPOINTLIST2D(((0.02500000037252903,0.090000001713633537),(0.060000000521540642,0.090000001713633537),(0.060000000521540642,0.12500000186264515),(0.02500000037252903,0.12500000186264515)));
#9537=IFCINDEXEDPOLYCURVE(#9536,(IFCLINEINDEX((1,2,3,4,1))),$);
#9538=IFCINDEXEDPOLYCURVE(#9539,(IFCLINEINDEX((1,2,3,4,1))),$);
#9539=IFCCARTESIANPOINTLIST2D(((0.49108719825744629,0.090000001713633537),(0.45608719810843468,0.090000001713633537),(0.45608719810843468,0.12500000186264515),(0.49108719825744629,0.12500000186264515)));
#9540=IFCCARTESIANPOINTLIST2D(((0.060000000521540642,0.090000001713633537),(0.45608719810843468,0.090000001713633537)));
#9541=IFCINDEXEDPOLYCURVE(#9540,$,$);
#9542=IFCINDEXEDPOLYCURVE(#9543,$,$);
#9543=IFCCARTESIANPOINTLIST2D(((0.060000000521540642,0.12500000186264515),(0.45608719810843468,0.12500000186264515)));
#9544=IFCINDEXEDPOLYCURVE(#9545,$,$);
#9545=IFCCARTESIANPOINTLIST2D(((0.060000000521540642,0.10750000178813934),(0.45608719810843468,0.10750000178813934)));
#9546=IFCCARTESIANPOINTLIST2D(((0.51608719862997532,0.05000000074505806),(0.93242711946368217,0.05000000074505806)));
#9547=IFCINDEXEDPOLYCURVE(#9546,$,$);
#9548=IFCCARTESIANPOINTLIST2D(((0.49108719825744629,0.10000000149011612),(0.49108719825744629,0.10000000149011612),(0.49108719825744629,0.090000001713633537),(0.51608719862997532,0.090000001713633537),(0.51608719862997532,0.05000000074505806),(0.49108719825744629,0.05000000074505806)));
#9549=IFCINDEXEDPOLYCURVE(#9548,$,$);
#9550=IFCCARTESIANPOINTLIST2D(((0.98242712020874023,0.10000000149011612),(0.9574271198362112,0.10000000149011612),(0.9574271198362112,0.090000001713633537),(0.93242711946368217,0.090000001713633537),(0.93242711946368217,0.05000000074505806),(0.98242712020874023,0.05000000074505806)));
#9551=IFCINDEXEDPOLYCURVE(#9550,(IFCLINEINDEX((1,2,3,4,5,6,1))),$);
#9552=IFCCARTESIANPOINTLIST2D(((0.49108719825744629,0.090000001713633537),(0.49663928151130676,0.090000001713633537),(0.49663928151130676,0.12500000186264515),(0.49108719825744629,0.12500000186264515)));
#9553=IFCINDEXEDPOLYCURVE(#9552,(IFCLINEINDEX((1,2,3,4,1))),$);
#9554=IFCINDEXEDPOLYCURVE(#9555,(IFCLINEINDEX((1,2,3,4,1))),$);
#9555=IFCCARTESIANPOINTLIST2D(((0.9574271198362112,0.090000001713633537),(0.95187503658235073,0.090000001713633537),(0.95187503658235073,0.12500000186264515),(0.9574271198362112,0.12500000186264515)));
#9556=IFCCARTESIANPOINTLIST2D(((0.49663928151130676,0.090000001713633537),(0.95187503658235073,0.090000001713633537)));
#9557=IFCINDEXEDPOLYCURVE(#9556,$,$);
#9558=IFCINDEXEDPOLYCURVE(#9559,$,$);
#9559=IFCCARTESIANPOINTLIST2D(((0.49663928151130676,0.12500000186264515),(0.95187503658235073,0.12500000186264515)));
#9560=IFCINDEXEDPOLYCURVE(#9561,$,$);
#9561=IFCCARTESIANPOINTLIST2D(((0.49663928151130676,0.10750000178813934),(0.95187503658235073,0.10750000178813934)));
#9562=IFCSHAPEREPRESENTATION(#24,'Body','Curve2D',(#9531,#9533,#9535,#9537,#9538,#9541,#9542,#9544,#9547,#9549,#9551,#9553,#9554,#9557,#9558,#9560));
#9563=IFCCARTESIANPOINTLIST2D(((0.,0.),(0.98242712020874023,0.),(0.98242712020874023,0.89999997615814209),(0.,0.89999997615814209)));
#9564=IFCINDEXEDPOLYCURVE(#9563,(IFCLINEINDEX((1,2,3,4,1))),$);
#9565=IFCARBITRARYCLOSEDPROFILEDEF(.AREA.,$,#9564);
#9566=IFCCARTESIANPOINT((0.,-0.60000002384185791,0.));
#9567=IFCDIRECTION((0.,-1.,0.));
#9568=IFCDIRECTION((1.,0.,0.));
#9569=IFCAXIS2PLACEMENT3D(#9566,#9567,#9568);
#9570=IFCDIRECTION((0.,0.,-1.));
#9571=IFCEXTRUDEDAREASOLID(#9565,#9569,#9570,1.2);
#9572=IFCSHAPEREPRESENTATION(#11,'Body','SweptSolid',(#9571));
#9588=IFCWINDOWTYPE('0MM6HH5o9EyRoPsk6VHWCV',$,'Bedroom 1-2F',$,$,(#9589),(#9591,#9599,#9647),$,$,.WINDOW.,.SINGLE_PANEL.,$,$);
#9589=IFCPROPERTYSET('3p93$wQ1n18gw_rrTbmiUY',$,'BBIM_Window',$,(#9590));
#9590=IFCPROPERTYSINGLEVALUE('Data',$,IFCTEXT('{"window_type": "SINGLE_PANEL", "overall_height": 0.8999999761581421, "overall_width": 0.8076488375663757, "lining_properties": {"lining_depth": 0.05000000074505806, "lining_thickness": 0.05000000074505806, "lining_offset": 0.05000000074505806, "lining_to_panel_offset_x": 0.02500000037252903, "lining_to_panel_offset_y": 0.02500000037252903}, "panel_properties": {"frame_depth": [0.03500000014901161, 0.03500000014901161, 0.03500000014901161], "frame_thickness": [0.03500000014901161, 0.03500000014901161, 0.03500000014901161]}}'),$);
#9591=IFCREPRESENTATIONMAP(#9592,#9751);
#9592=IFCAXIS2PLACEMENT3D(#9593,#9594,#9595);
#9593=IFCCARTESIANPOINT((0.,0.,0.));
#9594=IFCDIRECTION((0.,0.,1.));
#9595=IFCDIRECTION((1.,0.,0.));
#9599=IFCREPRESENTATIONMAP(#9600,#9794);
#9600=IFCAXIS2PLACEMENT3D(#9601,#9602,#9603);
#9601=IFCCARTESIANPOINT((0.,0.,0.));
#9602=IFCDIRECTION((0.,0.,1.));
#9603=IFCDIRECTION((1.,0.,0.));
#9647=IFCREPRESENTATIONMAP(#9648,#9817);
#9648=IFCAXIS2PLACEMENT3D(#9649,#9650,#9651);
#9649=IFCCARTESIANPOINT((0.,0.,0.));
#9650=IFCDIRECTION((0.,0.,1.));
#9651=IFCDIRECTION((1.,0.,0.));
#9669=IFCWINDOW('0m6BvIC3r5RAMKslLkIRha',$,'Window',$,$,#9842,#9678,$,0.89999997615814209,0.80764883756637573,$,.SINGLE_PANEL.,$);
#9670=IFCRELDEFINESBYTYPE('11v$1AvnX7hu4x5NW1Phvn',$,$,$,(#9669),#9588);
#9671=IFCCARTESIANPOINT((0.,0.,0.));
#9672=IFCDIRECTION((1.,0.,0.));
#9673=IFCDIRECTION((0.,1.,0.));
#9674=IFCDIRECTION((0.,0.,1.));
#9675=IFCCARTESIANTRANSFORMATIONOPERATOR3D(#9672,#9673,#9671,1.,#9674);
#9676=IFCMAPPEDITEM(#9591,#9675);
#9677=IFCSHAPEREPRESENTATION(#18,'Profile','MappedRepresentation',(#9676));
#9678=IFCPRODUCTDEFINITIONSHAPE($,$,(#9677,#9685,#9692));
#9679=IFCCARTESIANPOINT((0.,0.,0.));
#9680=IFCDIRECTION((1.,0.,0.));
#9681=IFCDIRECTION((0.,1.,0.));
#9682=IFCDIRECTION((0.,0.,1.));
#9683=IFCCARTESIANTRANSFORMATIONOPERATOR3D(#9680,#9681,#9679,1.,#9682);
#9684=IFCMAPPEDITEM(#9599,#9683);
#9685=IFCSHAPEREPRESENTATION(#11,'Body','MappedRepresentation',(#9684));
#9686=IFCCARTESIANPOINT((0.,0.,0.));
#9687=IFCDIRECTION((1.,0.,0.));
#9688=IFCDIRECTION((0.,1.,0.));
#9689=IFCDIRECTION((0.,0.,1.));
#9690=IFCCARTESIANTRANSFORMATIONOPERATOR3D(#9687,#9688,#9686,1.,#9689);
#9691=IFCMAPPEDITEM(#9647,#9690);
#9692=IFCSHAPEREPRESENTATION(#24,'Body','MappedRepresentation',(#9691));
#9693=IFCOPENINGELEMENT('3Y1P_hI5bDIuP4r71jVcT1',$,'Opening',$,$,#9837,#9721,$,.OPENING.);
#9709=IFCCARTESIANPOINT((0.,0.,0.));
#9710=IFCDIRECTION((1.,0.,0.));
#9711=IFCDIRECTION((0.,0.,1.));
#9712=IFCAXIS2PLACEMENT3D(#9709,#9711,#9710);
#9713=IFCREPRESENTATIONMAP(#9712,#9827);
#9714=IFCCARTESIANPOINT((0.,0.,0.));
#9715=IFCDIRECTION((1.,0.,0.));
#9716=IFCDIRECTION((0.,1.,0.));
#9717=IFCDIRECTION((0.,0.,1.));
#9718=IFCCARTESIANTRANSFORMATIONOPERATOR3D(#9715,#9716,#9714,1.,#9717);
#9719=IFCMAPPEDITEM(#9713,#9718);
#9720=IFCSHAPEREPRESENTATION(#11,'Body','MappedRepresentation',(#9719));
#9721=IFCPRODUCTDEFINITIONSHAPE($,$,(#9720));
#9722=IFCRELVOIDSELEMENT('1JIDKvvvT9MOVvMxLANp$4',$,$,$,#5291,#9693);
#9728=IFCRELFILLSELEMENT('1spocIl799ZO6NWM34A93e',$,$,$,#9693,#9669);
#9749=IFCCARTESIANPOINTLIST3D(((0.,0.,0.),(0.80764883756637573,0.,0.),(0.80764883756637573,0.,0.89999997615814209),(0.,0.,0.89999997615814209)));
#9750=IFCINDEXEDPOLYCURVE(#9749,(IFCLINEINDEX((1,2,3,4,1))),$);
#9751=IFCSHAPEREPRESENTATION(#18,'Profile','Curve3D',(#9750));
#9752=IFCCARTESIANPOINTLIST2D(((0.,0.),(0.80764883756637573,0.),(0.80764883756637573,0.89999997615814209),(0.,0.89999997615814209)));
#9753=IFCINDEXEDPOLYCURVE(#9752,(IFCLINEINDEX((1,2,3,4,1))),$);
#9754=IFCCARTESIANPOINTLIST2D(((0.02500000037252903,0.02500000037252903),(0.7826488371938467,0.02500000037252903),(0.7826488371938467,0.87499997578561306),(0.02500000037252903,0.87499997578561306)));
#9755=IFCINDEXEDPOLYCURVE(#9754,(IFCLINEINDEX((1,2,3,4,1))),$);
#9756=IFCARBITRARYPROFILEDEFWITHVOIDS(.AREA.,$,#9753,(#9755));
#9757=IFCCARTESIANPOINT((0.,0.090000001713633537,0.));
#9758=IFCDIRECTION((0.,-1.,0.));
#9759=IFCDIRECTION((1.,0.,0.));
#9760=IFCAXIS2PLACEMENT3D(#9757,#9758,#9759);
#9761=IFCDIRECTION((0.,0.,-1.));
#9762=IFCEXTRUDEDAREASOLID(#9756,#9760,#9761,0.0099999997764825821);
#9763=IFCCARTESIANPOINTLIST2D(((0.,0.),(0.80764883756637573,0.),(0.80764883756637573,0.89999997615814209),(0.,0.89999997615814209)));
#9764=IFCINDEXEDPOLYCURVE(#9763,(IFCLINEINDEX((1,2,3,4,1))),$);
#9765=IFCCARTESIANPOINTLIST2D(((0.05000000074505806,0.05000000074505806),(0.75764883682131767,0.05000000074505806),(0.75764883682131767,0.84999997541308403),(0.05000000074505806,0.84999997541308403)));
#9766=IFCINDEXEDPOLYCURVE(#9765,(IFCLINEINDEX((1,2,3,4,1))),$);
#9767=IFCARBITRARYPROFILEDEFWITHVOIDS(.AREA.,$,#9764,(#9766));
#9768=IFCCARTESIANPOINT((0.,0.05000000074505806,0.));
#9769=IFCDIRECTION((0.,-1.,0.));
#9770=IFCDIRECTION((1.,0.,0.));
#9771=IFCAXIS2PLACEMENT3D(#9768,#9769,#9770);
#9772=IFCDIRECTION((0.,0.,-1.));
#9773=IFCEXTRUDEDAREASOLID(#9767,#9771,#9772,0.040000000968575478);
#9774=IFCCARTESIANPOINTLIST2D(((0.,0.),(0.75764883682131767,0.),(0.75764883682131767,0.84999997541308403),(0.,0.84999997541308403)));
#9775=IFCINDEXEDPOLYCURVE(#9774,(IFCLINEINDEX((1,2,3,4,1))),$);
#9776=IFCCARTESIANPOINTLIST2D(((0.035000000149011612,0.035000000149011612),(0.72264883667230606,0.035000000149011612),(0.72264883667230606,0.81499997526407242),(0.035000000149011612,0.81499997526407242)));
#9777=IFCINDEXEDPOLYCURVE(#9776,(IFCLINEINDEX((1,2,3,4,1))),$);
#9778=IFCARBITRARYPROFILEDEFWITHVOIDS(.AREA.,$,#9775,(#9777));
#9779=IFCCARTESIANPOINT((0.02500000037252903,0.090000001713633537,0.02500000037252903));
#9780=IFCDIRECTION((0.,-1.,0.));
#9781=IFCDIRECTION((1.,0.,0.));
#9782=IFCAXIS2PLACEMENT3D(#9779,#9780,#9781);
#9783=IFCDIRECTION((0.,0.,-1.));
#9784=IFCEXTRUDEDAREASOLID(#9778,#9782,#9783,0.035000000149011612);
#9785=IFCINDEXEDPOLYCURVE(#9786,(IFCLINEINDEX((1,2,3,4,1))),$);
#9786=IFCCARTESIANPOINTLIST2D(((0.035000000149011612,0.035000000149011612),(0.72264883667230606,0.035000000149011612),(0.72264883667230606,0.81499997526407242),(0.035000000149011612,0.81499997526407242)));
#9787=IFCARBITRARYCLOSEDPROFILEDEF(.AREA.,$,#9785);
#9788=IFCCARTESIANPOINT((0.02500000037252903,0.10250000178813934,0.02500000037252903));
#9789=IFCDIRECTION((0.,-1.,0.));
#9790=IFCDIRECTION((1.,0.,0.));
#9791=IFCAXIS2PLACEMENT3D(#9788,#9789,#9790);
#9792=IFCDIRECTION((0.,0.,-1.));
#9793=IFCEXTRUDEDAREASOLID(#9787,#9791,#9792,0.01);
#9794=IFCSHAPEREPRESENTATION(#11,'Body','SweptSolid',(#9762,#9773,#9784,#9793));
#9795=IFCSHAPEREPRESENTATION(#11,'Body','SweptSolid',(#9762,#9773));
#9796=IFCSHAPEASPECT((#9795),'Lining',$,.T.,#9678);
#9797=IFCSHAPEREPRESENTATION(#11,'Body','SweptSolid',(#9784));
#9798=IFCSHAPEASPECT((#9797),'Framing',$,.T.,#9678);
#9799=IFCSHAPEREPRESENTATION(#11,'Body','SweptSolid',(#9793));
#9800=IFCSHAPEASPECT((#9799),'Glazing',$,.T.,#9678);
#9801=IFCCARTESIANPOINTLIST2D(((0.05000000074505806,0.05000000074505806),(0.75764883682131767,0.05000000074505806)));
#9802=IFCINDEXEDPOLYCURVE(#9801,$,$);
#9803=IFCCARTESIANPOINTLIST2D(((0.,0.10000000149011612),(0.02500000037252903,0.10000000149011612),(0.02500000037252903,0.090000001713633537),(0.05000000074505806,0.090000001713633537),(0.05000000074505806,0.05000000074505806),(0.,0.05000000074505806)));
#9804=IFCINDEXEDPOLYCURVE(#9803,(IFCLINEINDEX((1,2,3,4,5,6,1))),$);
#9805=IFCCARTESIANPOINTLIST2D(((0.80764883756637573,0.10000000149011612),(0.7826488371938467,0.10000000149011612),(0.7826488371938467,0.090000001713633537),(0.75764883682131767,0.090000001713633537),(0.75764883682131767,0.05000000074505806),(0.80764883756637573,0.05000000074505806)));
#9806=IFCINDEXEDPOLYCURVE(#9805,(IFCLINEINDEX((1,2,3,4,5,6,1))),$);
#9807=IFCCARTESIANPOINTLIST2D(((0.02500000037252903,0.090000001713633537),(0.060000000521540642,0.090000001713633537),(0.060000000521540642,0.12500000186264515),(0.02500000037252903,0.12500000186264515)));
#9808=IFCINDEXEDPOLYCURVE(#9807,(IFCLINEINDEX((1,2,3,4,1))),$);
#9809=IFCINDEXEDPOLYCURVE(#9810,(IFCLINEINDEX((1,2,3,4,1))),$);
#9810=IFCCARTESIANPOINTLIST2D(((0.7826488371938467,0.090000001713633537),(0.74764883704483509,0.090000001713633537),(0.74764883704483509,0.12500000186264515),(0.7826488371938467,0.12500000186264515)));
#9811=IFCCARTESIANPOINTLIST2D(((0.060000000521540642,0.090000001713633537),(0.74764883704483509,0.090000001713633537)));
#9812=IFCINDEXEDPOLYCURVE(#9811,$,$);
#9813=IFCINDEXEDPOLYCURVE(#9814,$,$);
#9814=IFCCARTESIANPOINTLIST2D(((0.060000000521540642,0.12500000186264515),(0.74764883704483509,0.12500000186264515)));
#9815=IFCINDEXEDPOLYCURVE(#9816,$,$);
#9816=IFCCARTESIANPOINTLIST2D(((0.060000000521540642,0.10750000178813934),(0.74764883704483509,0.10750000178813934)));
#9817=IFCSHAPEREPRESENTATION(#24,'Body','Curve2D',(#9802,#9804,#9806,#9808,#9809,#9812,#9813,#9815));
#9818=IFCCARTESIANPOINTLIST2D(((0.,0.),(0.80764883756637573,0.),(0.80764883756637573,0.89999997615814209),(0.,0.89999997615814209)));
#9819=IFCINDEXEDPOLYCURVE(#9818,(IFCLINEINDEX((1,2,3,4,1))),$);
#9820=IFCARBITRARYCLOSEDPROFILEDEF(.AREA.,$,#9819);
#9821=IFCCARTESIANPOINT((0.,-0.60000002384185791,0.));
#9822=IFCDIRECTION((0.,-1.,0.));
#9823=IFCDIRECTION((1.,0.,0.));
#9824=IFCAXIS2PLACEMENT3D(#9821,#9822,#9823);
#9825=IFCDIRECTION((0.,0.,-1.));
#9826=IFCEXTRUDEDAREASOLID(#9820,#9824,#9825,1.2);
#9827=IFCSHAPEREPRESENTATION(#11,'Body','SweptSolid',(#9826));
#9833=IFCCARTESIANPOINT((1.5564269343919968,3.5933025843704058E-07,1.));
#9834=IFCDIRECTION((0.,0.,1.));
#9835=IFCDIRECTION((0.99999999999999289,1.1920928244535129E-07,0.));
#9836=IFCAXIS2PLACEMENT3D(#9833,#9834,#9835);
#9837=IFCLOCALPLACEMENT(#10397,#9836);
#9838=IFCCARTESIANPOINT((0.,0.,0.));
#9839=IFCDIRECTION((0.,0.,1.));
#9840=IFCDIRECTION((1.,0.,0.));
#9841=IFCAXIS2PLACEMENT3D(#9838,#9839,#9840);
#9842=IFCLOCALPLACEMENT(#9837,#9841);
#9843=IFCWINDOWTYPE('1mDkiAAuf47A8M4JvKAt6E',$,'Bedroom 1-2-2F',$,$,(#9844),(#9846,#9854,#9940),$,$,.WINDOW.,.SINGLE_PANEL.,$,$);
#9844=IFCPROPERTYSET('2mTn7letvDBx$Vo$fJ955u',$,'BBIM_Window',$,(#9845));
#9845=IFCPROPERTYSINGLEVALUE('Data',$,IFCTEXT('{"window_type": "DOUBLE_PANEL_VERTICAL", "overall_height": 0.8999999761581421, "overall_width": 0.9824271202087402, "lining_properties": {"lining_depth": 0.05000000074505806, "lining_thickness": 0.05000000074505806, "lining_offset": 0.05000000074505806, "lining_to_panel_offset_x": 0.02500000037252903, "lining_to_panel_offset_y": 0.02500000037252903, "mullion_thickness": 0.05000000074505806, "first_mullion_offset": 0.4910871982574463}, "panel_properties": {"frame_depth": [0.03500000014901161, 0.03500000014901161, 0.03500000014901161], "frame_thickness": [0.03500000014901161, 0.005552083253860474, 0.03500000014901161]}}'),$);
#9846=IFCREPRESENTATIONMAP(#9847,#9851);
#9847=IFCAXIS2PLACEMENT3D(#9848,#9849,#9850);
#9848=IFCCARTESIANPOINT((0.,0.,0.));
#9849=IFCDIRECTION((0.,0.,1.));
#9850=IFCDIRECTION((1.,0.,0.));
#9851=IFCSHAPEREPRESENTATION(#18,'Profile','Curve3D',(#9852));
#9852=IFCINDEXEDPOLYCURVE(#9853,(IFCLINEINDEX((1,2,3,4,1))),$);
#9853=IFCCARTESIANPOINTLIST3D(((0.,0.,0.),(0.98242712020874023,0.,0.),(0.98242712020874023,0.,0.89999997615814209),(0.,0.,0.89999997615814209)));
#9854=IFCREPRESENTATIONMAP(#9855,#9859);
#9855=IFCAXIS2PLACEMENT3D(#9856,#9857,#9858);
#9856=IFCCARTESIANPOINT((0.,0.,0.));
#9857=IFCDIRECTION((0.,0.,1.));
#9858=IFCDIRECTION((1.,0.,0.));
#9859=IFCSHAPEREPRESENTATION(#11,'Body','SweptSolid',(#9860,#9869,#9880,#9891,#9900,#9909,#9920,#9931));
#9860=IFCEXTRUDEDAREASOLID(#9861,#9864,#9868,0.0099999997764825821);
#9861=IFCARBITRARYCLOSEDPROFILEDEF(.AREA.,$,#9862);
#9862=IFCINDEXEDPOLYCURVE(#9863,(IFCLINEINDEX((1,2,3,4,5,6,7,8,1))),$);
#9863=IFCCARTESIANPOINTLIST2D(((0.49108719825744629,0.),(0.,0.),(0.,0.89999997615814209),(0.49108719825744629,0.89999997615814209),(0.49108719825744629,0.87499997578561306),(0.02500000037252903,0.87499997578561306),(0.02500000037252903,0.02500000037252903),(0.49108719825744629,0.02500000037252903)));
#9864=IFCAXIS2PLACEMENT3D(#9865,#9866,#9867);
#9865=IFCCARTESIANPOINT((0.,0.090000001713633537,0.));
#9866=IFCDIRECTION((0.,-1.,0.));
#9867=IFCDIRECTION((1.,0.,0.));
#9868=IFCDIRECTION((0.,0.,-1.));
#9869=IFCEXTRUDEDAREASOLID(#9870,#9875,#9879,0.040000000968575478);
#9870=IFCARBITRARYPROFILEDEFWITHVOIDS(.AREA.,$,#9871,(#9873));
#9871=IFCINDEXEDPOLYCURVE(#9872,(IFCLINEINDEX((1,2,3,4,1))),$);
#9872=IFCCARTESIANPOINTLIST2D(((0.,0.),(0.49108719825744629,0.),(0.49108719825744629,0.89999997615814209),(0.,0.89999997615814209)));
#9873=IFCINDEXEDPOLYCURVE(#9874,(IFCLINEINDEX((1,2,3,4,1))),$);
#9874=IFCCARTESIANPOINTLIST2D(((0.05000000074505806,0.05000000074505806),(0.46608719788491726,0.05000000074505806),(0.46608719788491726,0.84999997541308403),(0.05000000074505806,0.84999997541308403)));
#9875=IFCAXIS2PLACEMENT3D(#9876,#9877,#9878);
#9876=IFCCARTESIANPOINT((0.,0.05000000074505806,0.));
#9877=IFCDIRECTION((0.,-1.,0.));
#9878=IFCDIRECTION((1.,0.,0.));
#9879=IFCDIRECTION((0.,0.,-1.));
#9880=IFCEXTRUDEDAREASOLID(#9881,#9886,#9890,0.035000000149011612);
#9881=IFCARBITRARYPROFILEDEFWITHVOIDS(.AREA.,$,#9882,(#9884));
#9882=IFCINDEXEDPOLYCURVE(#9883,(IFCLINEINDEX((1,2,3,4,1))),$);
#9883=IFCCARTESIANPOINTLIST2D(((0.,0.),(0.46608719788491726,0.),(0.46608719788491726,0.84999997541308403),(0.,0.84999997541308403)));
#9884=IFCINDEXEDPOLYCURVE(#9885,(IFCLINEINDEX((1,2,3,4,1))),$);
#9885=IFCCARTESIANPOINTLIST2D(((0.035000000149011612,0.035000000149011612),(0.43108719773590565,0.035000000149011612),(0.43108719773590565,0.81499997526407242),(0.035000000149011612,0.81499997526407242)));
#9886=IFCAXIS2PLACEMENT3D(#9887,#9888,#9889);
#9887=IFCCARTESIANPOINT((0.02500000037252903,0.090000001713633537,0.02500000037252903));
#9888=IFCDIRECTION((0.,-1.,0.));
#9889=IFCDIRECTION((1.,0.,0.));
#9890=IFCDIRECTION((0.,0.,-1.));
#9891=IFCEXTRUDEDAREASOLID(#9892,#9895,#9899,0.01);
#9892=IFCARBITRARYCLOSEDPROFILEDEF(.AREA.,$,#9893);
#9893=IFCINDEXEDPOLYCURVE(#9894,(IFCLINEINDEX((1,2,3,4,1))),$);
#9894=IFCCARTESIANPOINTLIST2D(((0.035000000149011612,0.035000000149011612),(0.43108719773590565,0.035000000149011612),(0.43108719773590565,0.81499997526407242),(0.035000000149011612,0.81499997526407242)));
#9895=IFCAXIS2PLACEMENT3D(#9896,#9897,#9898);
#9896=IFCCARTESIANPOINT((0.02500000037252903,0.10250000178813934,0.02500000037252903));
#9897=IFCDIRECTION((0.,-1.,0.));
#9898=IFCDIRECTION((1.,0.,0.));
#9899=IFCDIRECTION((0.,0.,-1.));
#9900=IFCEXTRUDEDAREASOLID(#9901,#9904,#9908,0.0099999997764825821);
#9901=IFCARBITRARYCLOSEDPROFILEDEF(.AREA.,$,#9902);
#9902=IFCINDEXEDPOLYCURVE(#9903,(IFCLINEINDEX((1,2,3,4,5,6,7,8,1))),$);
#9903=IFCCARTESIANPOINTLIST2D(((0.,0.89999997615814209),(0.49133992195129395,0.89999997615814209),(0.49133992195129395,0.),(0.,0.),(0.,0.02500000037252903),(0.46633992157876492,0.02500000037252903),(0.46633992157876492,0.87499997578561306),(0.,0.87499997578561306)));
#9904=IFCAXIS2PLACEMENT3D(#9905,#9906,#9907);
#9905=IFCCARTESIANPOINT((0.49108719825744629,0.090000001713633537,0.));
#9906=IFCDIRECTION((0.,-1.,0.));
#9907=IFCDIRECTION((1.,0.,0.));
#9908=IFCDIRECTION((0.,0.,-1.));
#9909=IFCEXTRUDEDAREASOLID(#9910,#9915,#9919,0.040000000968575478);
#9910=IFCARBITRARYPROFILEDEFWITHVOIDS(.AREA.,$,#9911,(#9913));
#9911=IFCINDEXEDPOLYCURVE(#9912,(IFCLINEINDEX((1,2,3,4,1))),$);
#9912=IFCCARTESIANPOINTLIST2D(((0.,0.),(0.49133992195129395,0.),(0.49133992195129395,0.89999997615814209),(0.,0.89999997615814209)));
#9913=IFCINDEXEDPOLYCURVE(#9914,(IFCLINEINDEX((1,2,3,4,1))),$);
#9914=IFCCARTESIANPOINTLIST2D(((0.02500000037252903,0.05000000074505806),(0.44133992120623589,0.05000000074505806),(0.44133992120623589,0.84999997541308403),(0.02500000037252903,0.84999997541308403)));
#9915=IFCAXIS2PLACEMENT3D(#9916,#9917,#9918);
#9916=IFCCARTESIANPOINT((0.49108719825744629,0.05000000074505806,0.));
#9917=IFCDIRECTION((0.,-1.,0.));
#9918=IFCDIRECTION((1.,0.,0.));
#9919=IFCDIRECTION((0.,0.,-1.));
#9920=IFCEXTRUDEDAREASOLID(#9921,#9926,#9930,0.035000000149011612);
#9921=IFCARBITRARYPROFILEDEFWITHVOIDS(.AREA.,$,#9922,(#9924));
#9922=IFCINDEXEDPOLYCURVE(#9923,(IFCLINEINDEX((1,2,3,4,1))),$);
#9923=IFCCARTESIANPOINTLIST2D(((0.,0.),(0.46633992157876492,0.),(0.46633992157876492,0.84999997541308403),(0.,0.84999997541308403)));
#9924=IFCINDEXEDPOLYCURVE(#9925,(IFCLINEINDEX((1,2,3,4,1))),$);
#9925=IFCCARTESIANPOINTLIST2D(((0.0055520832538604736,0.0055520832538604736),(0.46078783832490444,0.0055520832538604736),(0.46078783832490444,0.84444789215922356),(0.0055520832538604736,0.84444789215922356)));
#9926=IFCAXIS2PLACEMENT3D(#9927,#9928,#9929);
#9927=IFCCARTESIANPOINT((0.49108719825744629,0.090000001713633537,0.02500000037252903));
#9928=IFCDIRECTION((0.,-1.,0.));
#9929=IFCDIRECTION((1.,0.,0.));
#9930=IFCDIRECTION((0.,0.,-1.));
#9931=IFCEXTRUDEDAREASOLID(#9932,#9935,#9939,0.01);
#9932=IFCARBITRARYCLOSEDPROFILEDEF(.AREA.,$,#9933);
#9933=IFCINDEXEDPOLYCURVE(#9934,(IFCLINEINDEX((1,2,3,4,1))),$);
#9934=IFCCARTESIANPOINTLIST2D(((0.0055520832538604736,0.0055520832538604736),(0.46078783832490444,0.0055520832538604736),(0.46078783832490444,0.84444789215922356),(0.0055520832538604736,0.84444789215922356)));
#9935=IFCAXIS2PLACEMENT3D(#9936,#9937,#9938);
#9936=IFCCARTESIANPOINT((0.49108719825744629,0.10250000178813934,0.02500000037252903));
#9937=IFCDIRECTION((0.,-1.,0.));
#9938=IFCDIRECTION((1.,0.,0.));
#9939=IFCDIRECTION((0.,0.,-1.));
#9940=IFCREPRESENTATIONMAP(#9941,#9945);
#9941=IFCAXIS2PLACEMENT3D(#9942,#9943,#9944);
#9942=IFCCARTESIANPOINT((0.,0.,0.));
#9943=IFCDIRECTION((0.,0.,1.));
#9944=IFCDIRECTION((1.,0.,0.));
#9945=IFCSHAPEREPRESENTATION(#24,'Body','Curve2D',(#9946,#9948,#9950,#9952,#9954,#9956,#9958,#9960,#9962,#9964,#9966,#9968,#9970,#9972,#9974,#9976));
#9946=IFCINDEXEDPOLYCURVE(#9947,$,$);
#9947=IFCCARTESIANPOINTLIST2D(((0.05000000074505806,0.05000000074505806),(0.46608719788491726,0.05000000074505806)));
#9948=IFCINDEXEDPOLYCURVE(#9949,(IFCLINEINDEX((1,2,3,4,5,6,1))),$);
#9949=IFCCARTESIANPOINTLIST2D(((0.,0.10000000149011612),(0.02500000037252903,0.10000000149011612),(0.02500000037252903,0.090000001713633537),(0.05000000074505806,0.090000001713633537),(0.05000000074505806,0.05000000074505806),(0.,0.05000000074505806)));
#9950=IFCINDEXEDPOLYCURVE(#9951,$,$);
#9951=IFCCARTESIANPOINTLIST2D(((0.49108719825744629,0.10000000149011612),(0.49108719825744629,0.10000000149011612),(0.49108719825744629,0.090000001713633537),(0.46608719788491726,0.090000001713633537),(0.46608719788491726,0.05000000074505806),(0.49108719825744629,0.05000000074505806)));
#9952=IFCINDEXEDPOLYCURVE(#9953,(IFCLINEINDEX((1,2,3,4,1))),$);
#9953=IFCCARTESIANPOINTLIST2D(((0.02500000037252903,0.090000001713633537),(0.060000000521540642,0.090000001713633537),(0.060000000521540642,0.12500000186264515),(0.02500000037252903,0.12500000186264515)));
#9954=IFCINDEXEDPOLYCURVE(#9955,(IFCLINEINDEX((1,2,3,4,1))),$);
#9955=IFCCARTESIANPOINTLIST2D(((0.49108719825744629,0.090000001713633537),(0.45608719810843468,0.090000001713633537),(0.45608719810843468,0.12500000186264515),(0.49108719825744629,0.12500000186264515)));
#9956=IFCINDEXEDPOLYCURVE(#9957,$,$);
#9957=IFCCARTESIANPOINTLIST2D(((0.060000000521540642,0.090000001713633537),(0.45608719810843468,0.090000001713633537)));
#9958=IFCINDEXEDPOLYCURVE(#9959,$,$);
#9959=IFCCARTESIANPOINTLIST2D(((0.060000000521540642,0.12500000186264515),(0.45608719810843468,0.12500000186264515)));
#9960=IFCINDEXEDPOLYCURVE(#9961,$,$);
#9961=IFCCARTESIANPOINTLIST2D(((0.060000000521540642,0.10750000178813934),(0.45608719810843468,0.10750000178813934)));
#9962=IFCINDEXEDPOLYCURVE(#9963,$,$);
#9963=IFCCARTESIANPOINTLIST2D(((0.51608719862997532,0.05000000074505806),(0.93242711946368217,0.05000000074505806)));
#9964=IFCINDEXEDPOLYCURVE(#9965,$,$);
#9965=IFCCARTESIANPOINTLIST2D(((0.49108719825744629,0.10000000149011612),(0.49108719825744629,0.10000000149011612),(0.49108719825744629,0.090000001713633537),(0.51608719862997532,0.090000001713633537),(0.51608719862997532,0.05000000074505806),(0.49108719825744629,0.05000000074505806)));
#9966=IFCINDEXEDPOLYCURVE(#9967,(IFCLINEINDEX((1,2,3,4,5,6,1))),$);
#9967=IFCCARTESIANPOINTLIST2D(((0.98242712020874023,0.10000000149011612),(0.9574271198362112,0.10000000149011612),(0.9574271198362112,0.090000001713633537),(0.93242711946368217,0.090000001713633537),(0.93242711946368217,0.05000000074505806),(0.98242712020874023,0.05000000074505806)));
#9968=IFCINDEXEDPOLYCURVE(#9969,(IFCLINEINDEX((1,2,3,4,1))),$);
#9969=IFCCARTESIANPOINTLIST2D(((0.49108719825744629,0.090000001713633537),(0.49663928151130676,0.090000001713633537),(0.49663928151130676,0.12500000186264515),(0.49108719825744629,0.12500000186264515)));
#9970=IFCINDEXEDPOLYCURVE(#9971,(IFCLINEINDEX((1,2,3,4,1))),$);
#9971=IFCCARTESIANPOINTLIST2D(((0.9574271198362112,0.090000001713633537),(0.95187503658235073,0.090000001713633537),(0.95187503658235073,0.12500000186264515),(0.9574271198362112,0.12500000186264515)));
#9972=IFCINDEXEDPOLYCURVE(#9973,$,$);
#9973=IFCCARTESIANPOINTLIST2D(((0.49663928151130676,0.090000001713633537),(0.95187503658235073,0.090000001713633537)));
#9974=IFCINDEXEDPOLYCURVE(#9975,$,$);
#9975=IFCCARTESIANPOINTLIST2D(((0.49663928151130676,0.12500000186264515),(0.95187503658235073,0.12500000186264515)));
#9976=IFCINDEXEDPOLYCURVE(#9977,$,$);
#9977=IFCCARTESIANPOINTLIST2D(((0.49663928151130676,0.10750000178813934),(0.95187503658235073,0.10750000178813934)));
#9978=IFCWINDOW('0p2JlpWXz3XOSonIadEBEs',$,'Window',$,$,#10188,#9986,$,0.89999997615814209,0.98242712020874023,$,$,$);
#9979=IFCCARTESIANPOINT((0.,0.,0.));
#9980=IFCDIRECTION((1.,0.,0.));
#9981=IFCDIRECTION((0.,1.,0.));
#9982=IFCDIRECTION((0.,0.,1.));
#9983=IFCCARTESIANTRANSFORMATIONOPERATOR3D(#9980,#9981,#9979,1.,#9982);
#9984=IFCMAPPEDITEM(#9042,#9983);
#9985=IFCSHAPEREPRESENTATION(#18,'Profile','MappedRepresentation',(#9984));
#9986=IFCPRODUCTDEFINITIONSHAPE($,$,(#9985,#9993,#10000));
#9987=IFCCARTESIANPOINT((0.,0.,0.));
#9988=IFCDIRECTION((1.,0.,0.));
#9989=IFCDIRECTION((0.,1.,0.));
#9990=IFCDIRECTION((0.,0.,1.));
#9991=IFCCARTESIANTRANSFORMATIONOPERATOR3D(#9988,#9989,#9987,1.,#9990);
#9992=IFCMAPPEDITEM(#9050,#9991);
#9993=IFCSHAPEREPRESENTATION(#11,'Body','MappedRepresentation',(#9992));
#9994=IFCCARTESIANPOINT((0.,0.,0.));
#9995=IFCDIRECTION((1.,0.,0.));
#9996=IFCDIRECTION((0.,1.,0.));
#9997=IFCDIRECTION((0.,0.,1.));
#9998=IFCCARTESIANTRANSFORMATIONOPERATOR3D(#9995,#9996,#9994,1.,#9997);
#9999=IFCMAPPEDITEM(#9136,#9998);
#10000=IFCSHAPEREPRESENTATION(#24,'Body','MappedRepresentation',(#9999));
#10001=IFCOPENINGELEMENT('1W3T0YydD0FfgVxo52IkYg',$,'Opening',$,$,#10036,#10014,$,.OPENING.);
#10007=IFCCARTESIANPOINT((0.,0.,0.));
#10008=IFCDIRECTION((1.,0.,0.));
#10009=IFCDIRECTION((0.,1.,0.));
#10010=IFCDIRECTION((0.,0.,1.));
#10011=IFCCARTESIANTRANSFORMATIONOPERATOR3D(#10008,#10009,#10007,1.,#10010);
#10012=IFCMAPPEDITEM(#9247,#10011);
#10013=IFCSHAPEREPRESENTATION(#11,'Body','MappedRepresentation',(#10012));
#10014=IFCPRODUCTDEFINITIONSHAPE($,$,(#10013));
#10015=IFCRELVOIDSELEMENT('24ZD016eHCMR1XOUUvrbuS',$,$,$,#5266,#10001);
#10021=IFCRELFILLSELEMENT('2NF7XEMEP70xGFjmYsOQ2u',$,$,$,#10001,#9978);
#10032=IFCCARTESIANPOINT((0.51765840490689408,-3.1419497581453015E-07,1.));
#10033=IFCDIRECTION((0.,0.,1.));
#10034=IFCDIRECTION((0.99999999999997158,-2.3841857910149749E-07,0.));
#10035=IFCAXIS2PLACEMENT3D(#10032,#10033,#10034);
#10036=IFCLOCALPLACEMENT(#10437,#10035);
#10042=IFCBUILDINGSTOREY('3M5j4ampf05vs7yX9YKKA4',$,'Roof',$,$,#10472,$,$,$,$);
#10048=IFCRELAGGREGATES('1z7m0odCzDgRZA7K9EKRI1',$,$,$,#39,(#10042));
#10104=IFCSLAB('3vipCFj6vDFuW6_x0GoNHT',$,'Slab',$,$,#10203,#10119,$,$);
#10105=IFCRELCONTAINEDINSPATIALSTRUCTURE('1wkj7jA2X97wsoVdnqgmQV',$,$,$,(#10104,#10127),#10042);
#10106=IFCMATERIALLAYERSETUSAGE(#1131,.AXIS3.,.POSITIVE.,-0.10000000149011612,$);
#10107=IFCRELASSOCIATESMATERIAL('0CgYgIYFzE78yvSXZQyxqs',$,$,$,(#10104),#10106);
#10113=IFCCARTESIANPOINTLIST2D(((0.,0.),(9.5367431640625E-07,9.5999984741210938),(-3.9000000953674316,9.5999994277954102),(-3.9000003337860107,8.6500482559204102),(-7.5000123977661133,8.6500473022460938),(-7.5000128746032715,1.5281000137329102),(-3.9000368118286133,1.5281003713607788),(-3.9000368118286133,0.89998722076416016),(-2.3499879837036133,0.89998745918273926),(-2.3499879837036133,8.487701416015625E-05),(0.,0.)));
#10114=IFCINDEXEDPOLYCURVE(#10113,$,$);
#10115=IFCDIRECTION((0.,0.,1.));
#10116=IFCARBITRARYCLOSEDPROFILEDEF(.AREA.,$,#10114);
#10117=IFCEXTRUDEDAREASOLID(#10116,#10126,#10115,0.10000000000000001);
#10118=IFCSHAPEREPRESENTATION(#11,'Body','SweptSolid',(#10117));
#10119=IFCPRODUCTDEFINITIONSHAPE($,$,(#10118));
#10120=IFCPROPERTYSET('2EHJ2oyjP0q8cXHIdvo9z$',$,'EPset_Parametric',$,(#10122));
#10121=IFCRELDEFINESBYPROPERTIES('2G2eG5QVv64wENs_blyzzX',$,$,$,(#10104),#10120);
#10122=IFCPROPERTYSINGLEVALUE('Engine',$,IFCLABEL('Bonsai.DumbLayer3'),$);
#10123=IFCCARTESIANPOINT((-0.,-0.,-0.10000000149011612));
#10124=IFCDIRECTION((0.,0.,1.));
#10125=IFCDIRECTION((1.,0.,0.));
#10126=IFCAXIS2PLACEMENT3D(#10123,#10124,#10125);
#10127=IFCROOF('3GhQA_gY190RbaGVUDG6nr',$,'Roof',$,$,#10208,#10136,$,$);
#10128=IFCRELDEFINESBYTYPE('3cFUWcveT2rvMSoxjeKnhn',$,$,$,(#10127),#5081);
#10129=IFCCARTESIANPOINT((0.,0.,0.));
#10130=IFCDIRECTION((1.,0.,0.));
#10131=IFCDIRECTION((0.,1.,0.));
#10132=IFCDIRECTION((0.,0.,1.));
#10133=IFCCARTESIANTRANSFORMATIONOPERATOR3D(#10130,#10131,#10129,1.,#10132);
#10134=IFCMAPPEDITEM(#5111,#10133);
#10135=IFCSHAPEREPRESENTATION(#11,'Body','MappedRepresentation',(#10134));
#10136=IFCPRODUCTDEFINITIONSHAPE($,$,(#10135,#10143));
#10137=IFCCARTESIANPOINT((0.,0.,0.));
#10138=IFCDIRECTION((1.,0.,0.));
#10139=IFCDIRECTION((0.,1.,0.));
#10140=IFCDIRECTION((0.,0.,1.));
#10141=IFCCARTESIANTRANSFORMATIONOPERATOR3D(#10138,#10139,#10137,1.,#10140);
#10142=IFCMAPPEDITEM(#5139,#10141);
#10143=IFCSHAPEREPRESENTATION(#13,'Box','MappedRepresentation',(#10142));
#10164=IFCCARTESIANPOINT((-4.4408920985006262E-16,0.,0.));
#10165=IFCDIRECTION((0.,0.,1.));
#10166=IFCDIRECTION((1.,0.,0.));
#10167=IFCAXIS2PLACEMENT3D(#10164,#10165,#10166);
#10168=IFCLOCALPLACEMENT(#6996,#10167);
#10169=IFCCARTESIANPOINT((-1.1102230246251565E-16,0.,0.));
#10170=IFCDIRECTION((0.,0.,1.));
#10171=IFCDIRECTION((1.,0.,0.));
#10172=IFCAXIS2PLACEMENT3D(#10169,#10170,#10171);
#10173=IFCLOCALPLACEMENT(#7422,#10172);
#10174=IFCCARTESIANPOINT((0.,0.,0.));
#10175=IFCDIRECTION((0.,0.,1.));
#10176=IFCDIRECTION((1.,0.,0.));
#10177=IFCAXIS2PLACEMENT3D(#10174,#10175,#10176);
#10178=IFCLOCALPLACEMENT(#8888,#10177);
#10179=IFCCARTESIANPOINT((-8.8817841970012523E-16,0.,0.));
#10180=IFCDIRECTION((0.,0.,1.));
#10181=IFCDIRECTION((1.,0.,0.));
#10182=IFCAXIS2PLACEMENT3D(#10179,#10180,#10181);
#10183=IFCLOCALPLACEMENT(#9033,#10182);
#10184=IFCCARTESIANPOINT((2.7755575615628914E-17,0.,0.));
#10185=IFCDIRECTION((0.,0.,1.));
#10186=IFCDIRECTION((1.,0.,0.));
#10187=IFCAXIS2PLACEMENT3D(#10184,#10185,#10186);
#10188=IFCLOCALPLACEMENT(#10036,#10187);
#10199=IFCCARTESIANPOINT((4.1750001907348633,-3.0229730606079102,0.));
#10200=IFCDIRECTION((0.,0.,1.));
#10201=IFCDIRECTION((1.,0.,0.));
#10202=IFCAXIS2PLACEMENT3D(#10199,#10200,#10201);
#10203=IFCLOCALPLACEMENT(#10472,#10202);
#10204=IFCCARTESIANPOINT((0.27498027682304382,1.8022048473358154,0.10154247283935547));
#10205=IFCDIRECTION((0.,0.,1.));
#10206=IFCDIRECTION((1.,0.,0.));
#10207=IFCAXIS2PLACEMENT3D(#10204,#10205,#10206);
#10208=IFCLOCALPLACEMENT(#10472,#10207);
#10209=IFCDOORTYPE('1X4hO0L0T5HfDrfqCD4$RF',$,'Master Bedroom 2 - 2F',$,$,(#10210),(#10212,#10220,#10289,#10301),$,$,.DOOR.,.SINGLE_SWING_LEFT.,$,$);
#10210=IFCPROPERTYSET('0$DKxu8Mv3kBcl14POH55e',$,'BBIM_Door',$,(#10211));
#10211=IFCPROPERTYSINGLEVALUE('Data',$,IFCTEXT('{"door_type": "SLIDING_TO_RIGHT", "overall_height": 2.0, "overall_width": 1.6585674285888672, "lining_properties": {"lining_depth": 0.05000000074505806, "lining_thickness": 0.05000000074505806, "lining_offset": 0.0, "transom_thickness": 0.0, "casing_thickness": 0.07500000298023224, "casing_depth": 0.004999999888241291, "threshold_thickness": 0.02500000037252903, "threshold_depth": 0.10000000149011612, "threshold_offset": 0.0}, "panel_properties": {"panel_depth": 0.03500000014901161, "panel_width_ratio": 1.0}}'),$);
#10212=IFCREPRESENTATIONMAP(#10213,#10217);
#10213=IFCAXIS2PLACEMENT3D(#10214,#10215,#10216);
#10214=IFCCARTESIANPOINT((0.,0.,0.));
#10215=IFCDIRECTION((0.,0.,1.));
#10216=IFCDIRECTION((1.,0.,0.));
#10217=IFCSHAPEREPRESENTATION(#18,'Profile','Curve3D',(#10218));
#10218=IFCINDEXEDPOLYCURVE(#10219,(IFCLINEINDEX((1,2,3,4,1))),$);
#10219=IFCCARTESIANPOINTLIST3D(((0.,0.,0.),(1.6585674285888672,0.,0.),(1.6585674285888672,0.,2.),(0.,0.,2.)));
#10220=IFCREPRESENTATIONMAP(#10221,#10225);
#10221=IFCAXIS2PLACEMENT3D(#10222,#10223,#10224);
#10222=IFCCARTESIANPOINT((0.,0.,0.));
#10223=IFCDIRECTION((0.,0.,1.));
#10224=IFCDIRECTION((1.,0.,0.));
#10225=IFCSHAPEREPRESENTATION(#11,'Body','SweptSolid',(#10226,#10235,#10244,#10253,#10262,#10271,#10280));
#10226=IFCEXTRUDEDAREASOLID(#10227,#10230,#10234,0.05000000074505806);
#10227=IFCARBITRARYCLOSEDPROFILEDEF(.AREA.,$,#10228);
#10228=IFCINDEXEDPOLYCURVE(#10229,(IFCLINEINDEX((1,2,3,4,5,6,7,8,1))),$);
#10229=IFCCARTESIANPOINTLIST2D(((0.,0.),(0.,2.),(1.6585674285888672,2.),(1.6585674285888672,0.),(1.6085674278438091,0.),(1.6085674278438091,1.9499999992549419),(0.05000000074505806,1.9499999992549419),(0.05000000074505806,0.)));
#10230=IFCAXIS2PLACEMENT3D(#10231,#10232,#10233);
#10231=IFCCARTESIANPOINT((0.,0.,0.));
#10232=IFCDIRECTION((0.,-1.,0.));
#10233=IFCDIRECTION((1.,0.,0.));
#10234=IFCDIRECTION((0.,0.,-1.));
#10235=IFCEXTRUDEDAREASOLID(#10236,#10239,#10243,1.9249999988824129);
#10236=IFCARBITRARYCLOSEDPROFILEDEF(.AREA.,$,#10237);
#10237=IFCINDEXEDPOLYCURVE(#10238,(IFCLINEINDEX((1,2,3,4,1))),$);
#10238=IFCCARTESIANPOINTLIST2D(((0.,0.),(1.5585674270987511,0.),(1.5585674270987511,0.035000000149011612),(0.,0.035000000149011612)));
#10239=IFCAXIS2PLACEMENT3D(#10240,#10241,#10242);
#10240=IFCCARTESIANPOINT((0.05000000074505806,-0.035000000149011612,0.02500000037252903));
#10241=IFCDIRECTION((0.,0.,1.));
#10242=IFCDIRECTION((1.,0.,0.));
#10243=IFCDIRECTION((0.,0.,1.));
#10244=IFCEXTRUDEDAREASOLID(#10245,#10248,#10252,0.02);
#10245=IFCARBITRARYCLOSEDPROFILEDEF(.AREA.,$,#10246);
#10246=IFCINDEXEDPOLYCURVE(#10247,(IFCLINEINDEX((1,2,3,4,5,6,1))),$);
#10247=IFCCARTESIANPOINTLIST2D(((0.,0.),(0.,-0.040000000000000001),(0.12,-0.040000000000000001),(0.12,-0.02),(0.02,-0.02),(0.02,0.)));
#10248=IFCAXIS2PLACEMENT3D(#10249,#10250,#10251);
#10249=IFCCARTESIANPOINT((0.10000000074505806,-0.035000000149011612,1.015000000372529));
#10250=IFCDIRECTION((0.,0.,1.));
#10251=IFCDIRECTION((1.,0.,0.));
#10252=IFCDIRECTION((0.,0.,1.));
#10253=IFCEXTRUDEDAREASOLID(#10254,#10257,#10261,0.02);
#10254=IFCARBITRARYCLOSEDPROFILEDEF(.AREA.,$,#10255);
#10255=IFCINDEXEDPOLYCURVE(#10256,(IFCLINEINDEX((1,2,3,4,5,6,1))),$);
#10256=IFCCARTESIANPOINTLIST2D(((0.,0.),(0.,0.040000000000000008),(0.11999999999999998,0.040000000000000008),(0.11999999999999998,0.020000000000000004),(0.020000000000000004,0.020000000000000004),(0.020000000000000004,0.)));
#10257=IFCAXIS2PLACEMENT3D(#10258,#10259,#10260);
#10258=IFCCARTESIANPOINT((0.10000000074505806,0.,1.015000000372529));
#10259=IFCDIRECTION((0.,0.,1.));
#10260=IFCDIRECTION((1.,0.,0.));
#10261=IFCDIRECTION((0.,0.,1.));
#10262=IFCEXTRUDEDAREASOLID(#10263,#10266,#10270,0.02500000037252903);
#10263=IFCARBITRARYCLOSEDPROFILEDEF(.AREA.,$,#10264);
#10264=IFCINDEXEDPOLYCURVE(#10265,(IFCLINEINDEX((1,2,3,4,1))),$);
#10265=IFCCARTESIANPOINTLIST2D(((0.,0.),(1.5585674270987511,0.),(1.5585674270987511,0.10000000149011612),(0.,0.10000000149011612)));
#10266=IFCAXIS2PLACEMENT3D(#10267,#10268,#10269);
#10267=IFCCARTESIANPOINT((0.05000000074505806,0.,0.));
#10268=IFCDIRECTION((0.,0.,1.));
#10269=IFCDIRECTION((1.,0.,0.));
#10270=IFCDIRECTION((0.,0.,1.));
#10271=IFCEXTRUDEDAREASOLID(#10272,#10275,#10279,0.004999999888241291);
#10272=IFCARBITRARYCLOSEDPROFILEDEF(.AREA.,$,#10273);
#10273=IFCINDEXEDPOLYCURVE(#10274,(IFCLINEINDEX((1,2,3,4,5,6,7,8,1))),$);
#10274=IFCCARTESIANPOINTLIST2D(((0.,0.),(0.,2.0250000022351742),(1.7085674330592155,2.0250000022351742),(1.7085674330592155,0.),(1.6335674300789833,0.),(1.6335674300789833,1.9499999992549419),(0.075000002980232239,1.9499999992549419),(0.075000002980232239,0.)));
#10275=IFCAXIS2PLACEMENT3D(#10276,#10277,#10278);
#10276=IFCCARTESIANPOINT((-0.025000002235174179,-0.004999999888241291,0.));
#10277=IFCDIRECTION((0.,-1.,0.));
#10278=IFCDIRECTION((1.,0.,0.));
#10279=IFCDIRECTION((0.,0.,-1.));
#10280=IFCEXTRUDEDAREASOLID(#10281,#10284,#10288,0.004999999888241291);
#10281=IFCARBITRARYCLOSEDPROFILEDEF(.AREA.,$,#10282);
#10282=IFCINDEXEDPOLYCURVE(#10283,(IFCLINEINDEX((1,2,3,4,5,6,7,8,1))),$);
#10283=IFCCARTESIANPOINTLIST2D(((0.,0.),(0.,2.0250000022351742),(1.7085674330592155,2.0250000022351742),(1.7085674330592155,0.),(1.6335674300789833,0.),(1.6335674300789833,1.9499999992549419),(0.075000002980232239,1.9499999992549419),(0.075000002980232239,0.)));
#10284=IFCAXIS2PLACEMENT3D(#10285,#10286,#10287);
#10285=IFCCARTESIANPOINT((-0.025000002235174179,0.05000000074505806,0.));
#10286=IFCDIRECTION((0.,-1.,0.));
#10287=IFCDIRECTION((1.,0.,0.));
#10288=IFCDIRECTION((0.,0.,-1.));
#10289=IFCREPRESENTATIONMAP(#10290,#10294);
#10290=IFCAXIS2PLACEMENT3D(#10291,#10292,#10293);
#10291=IFCCARTESIANPOINT((0.,0.,0.));
#10292=IFCDIRECTION((0.,0.,1.));
#10293=IFCDIRECTION((1.,0.,0.));
#10294=IFCSHAPEREPRESENTATION(#24,'Body','Curve2D',(#10295,#10297,#10299));
#10295=IFCINDEXEDPOLYCURVE(#10296,(IFCLINEINDEX((1,2,3,4,1))),$);
#10296=IFCCARTESIANPOINTLIST2D(((0.,0.),(0.05000000074505806,0.),(0.05000000074505806,0.05000000074505806),(0.,0.05000000074505806)));
#10297=IFCINDEXEDPOLYCURVE(#10298,(IFCLINEINDEX((1,2,3,4,1))),$);
#10298=IFCCARTESIANPOINTLIST2D(((1.6585674285888672,0.),(1.6085674278438091,0.),(1.6085674278438091,0.05000000074505806),(1.6585674285888672,0.05000000074505806)));
#10299=IFCINDEXEDPOLYCURVE(#10300,(IFCLINEINDEX((1,2,3,4,1))),$);
#10300=IFCCARTESIANPOINTLIST2D(((2.3878511413931847,-0.035000000149011612),(0.82928371429443359,-0.035000000149011612),(0.82928371429443359,0.),(2.3878511413931847,0.)));
#10301=IFCREPRESENTATIONMAP(#10302,#10306);
#10302=IFCAXIS2PLACEMENT3D(#10303,#10304,#10305);
#10303=IFCCARTESIANPOINT((0.,0.,0.));
#10304=IFCDIRECTION((0.,0.,1.));
#10305=IFCDIRECTION((1.,0.,0.));
#10306=IFCSHAPEREPRESENTATION(#25,'Annotation','Curve2D',(#10307,#10309));
#10307=IFCINDEXEDPOLYCURVE(#10308,$,$);
#10308=IFCCARTESIANPOINTLIST2D(((0.59549860022962087,-0.081587428267465345),(1.0630688283592462,-0.081587428267465345)));
#10309=IFCINDEXEDPOLYCURVE(#10310,$,$);
#10310=IFCCARTESIANPOINTLIST2D(((0.62549860022962089,-0.050529142855162856),(0.59549860022962087,-0.081587428267465345),(0.62549860022962089,-0.11264571367976783)));
#10311=IFCDOOR('3iT92HBTj1B8q1FsalAkJG',$,'Door',$,$,#10382,#10320,$,2.,1.6585674285888672,$,$,$);
#10312=IFCRELDEFINESBYTYPE('1EpJNOEKP38e11EhkBVL9I',$,$,$,(#10311),#10209);
#10313=IFCCARTESIANPOINT((0.,0.,0.));
#10314=IFCDIRECTION((1.,0.,0.));
#10315=IFCDIRECTION((0.,1.,0.));
#10316=IFCDIRECTION((0.,0.,1.));
#10317=IFCCARTESIANTRANSFORMATIONOPERATOR3D(#10314,#10315,#10313,1.,#10316);
#10318=IFCMAPPEDITEM(#10212,#10317);
#10319=IFCSHAPEREPRESENTATION(#18,'Profile','MappedRepresentation',(#10318));
#10320=IFCPRODUCTDEFINITIONSHAPE($,$,(#10319,#10327,#10334,#10341));
#10321=IFCCARTESIANPOINT((0.,0.,0.));
#10322=IFCDIRECTION((1.,0.,0.));
#10323=IFCDIRECTION((0.,1.,0.));
#10324=IFCDIRECTION((0.,0.,1.));
#10325=IFCCARTESIANTRANSFORMATIONOPERATOR3D(#10322,#10323,#10321,1.,#10324);
#10326=IFCMAPPEDITEM(#10220,#10325);
#10327=IFCSHAPEREPRESENTATION(#11,'Body','MappedRepresentation',(#10326));
#10328=IFCCARTESIANPOINT((0.,0.,0.));
#10329=IFCDIRECTION((1.,0.,0.));
#10330=IFCDIRECTION((0.,1.,0.));
#10331=IFCDIRECTION((0.,0.,1.));
#10332=IFCCARTESIANTRANSFORMATIONOPERATOR3D(#10329,#10330,#10328,1.,#10331);
#10333=IFCMAPPEDITEM(#10289,#10332);
#10334=IFCSHAPEREPRESENTATION(#24,'Body','MappedRepresentation',(#10333));
#10335=IFCCARTESIANPOINT((0.,0.,0.));
#10336=IFCDIRECTION((1.,0.,0.));
#10337=IFCDIRECTION((0.,1.,0.));
#10338=IFCDIRECTION((0.,0.,1.));
#10339=IFCCARTESIANTRANSFORMATIONOPERATOR3D(#10336,#10337,#10335,1.,#10338);
#10340=IFCMAPPEDITEM(#10301,#10339);
#10341=IFCSHAPEREPRESENTATION(#25,'Annotation','MappedRepresentation',(#10340));
#10342=IFCOPENINGELEMENT('3exgJkSefBZeDblUu_Jc3q',$,'Opening',$,$,#10376,#10370,$,.OPENING.);
#10348=IFCCARTESIANPOINTLIST2D(((0.,0.),(1.6585674285888672,0.),(1.6585674285888672,2.),(0.,2.)));
#10349=IFCINDEXEDPOLYCURVE(#10348,(IFCLINEINDEX((1,2,3,4,1))),$);
#10350=IFCARBITRARYCLOSEDPROFILEDEF(.AREA.,$,#10349);
#10351=IFCCARTESIANPOINT((0.,-0.60000002384185791,0.));
#10352=IFCDIRECTION((0.,-1.,0.));
#10353=IFCDIRECTION((1.,0.,0.));
#10354=IFCAXIS2PLACEMENT3D(#10351,#10352,#10353);
#10355=IFCDIRECTION((0.,0.,-1.));
#10356=IFCEXTRUDEDAREASOLID(#10350,#10354,#10355,1.2);
#10357=IFCSHAPEREPRESENTATION(#11,'Body','SweptSolid',(#10356));
#10358=IFCCARTESIANPOINT((0.,0.,0.));
#10359=IFCDIRECTION((1.,0.,0.));
#10360=IFCDIRECTION((0.,0.,1.));
#10361=IFCAXIS2PLACEMENT3D(#10358,#10360,#10359);
#10362=IFCREPRESENTATIONMAP(#10361,#10357);
#10363=IFCCARTESIANPOINT((0.,0.,0.));
#10364=IFCDIRECTION((1.,0.,0.));
#10365=IFCDIRECTION((0.,1.,0.));
#10366=IFCDIRECTION((0.,0.,1.));
#10367=IFCCARTESIANTRANSFORMATIONOPERATOR3D(#10364,#10365,#10363,1.,#10366);
#10368=IFCMAPPEDITEM(#10362,#10367);
#10369=IFCSHAPEREPRESENTATION(#11,'Body','MappedRepresentation',(#10368));
#10370=IFCPRODUCTDEFINITIONSHAPE($,$,(#10369));
#10371=IFCRELVOIDSELEMENT('0U8v2fnInDXv6vlRDZOtA5',$,$,$,#6727,#10342);
#10372=IFCCARTESIANPOINT((3.3111484050750732,0.10000002384185791,0.));
#10373=IFCDIRECTION((0.,0.,1.));
#10374=IFCDIRECTION((-0.99999999999998868,1.5099580252808492E-07,0.));
#10375=IFCAXIS2PLACEMENT3D(#10372,#10373,#10374);
#10376=IFCLOCALPLACEMENT(#10457,#10375);
#10377=IFCRELFILLSELEMENT('07QFxwJq17MepeamVsDEDB',$,$,$,#10342,#10311);
#10378=IFCCARTESIANPOINT((1.7347234759768071E-18,0.,0.));
#10379=IFCDIRECTION((0.,0.,1.));
#10380=IFCDIRECTION((1.,0.,0.));
#10381=IFCAXIS2PLACEMENT3D(#10378,#10379,#10380);
#10382=IFCLOCALPLACEMENT(#10376,#10381);
#10383=IFCCARTESIANPOINT((0.,0.,0.));
#10384=IFCDIRECTION((0.,0.,1.));
#10385=IFCDIRECTION((1.,0.,0.));
#10386=IFCAXIS2PLACEMENT3D(#10383,#10384,#10385);
#10387=IFCLOCALPLACEMENT(#56,#10386);
#10388=IFCCARTESIANPOINT((4.2266049385070801,-2.5901062488555908,3.));
#10389=IFCDIRECTION((0.,0.,1.));
#10390=IFCDIRECTION((1.,0.,0.));
#10391=IFCAXIS2PLACEMENT3D(#10388,#10389,#10390);
#10392=IFCLOCALPLACEMENT(#10387,#10391);
#10393=IFCCARTESIANPOINT((-3.325000286102362,5.6270274440355204,3.));
#10394=IFCDIRECTION((0.,0.,1.));
#10395=IFCDIRECTION((7.5497901264043123E-08,-0.99999999999999722,0.));
#10396=IFCAXIS2PLACEMENT3D(#10393,#10394,#10395);
#10397=IFCLOCALPLACEMENT(#10387,#10396);
#10398=IFCCARTESIANPOINT((1.8250000202644123,-3.0229730606079102,3.));
#10399=IFCDIRECTION((0.,0.,1.));
#10400=IFCDIRECTION((1.,0.,0.));
#10401=IFCAXIS2PLACEMENT3D(#10398,#10399,#10400);
#10402=IFCLOCALPLACEMENT(#10387,#10401);
#10403=IFCCARTESIANPOINT((4.1750001907348455,-3.0229730606079102,3.));
#10404=IFCDIRECTION((0.,0.,1.));
#10405=IFCDIRECTION((7.5497901264043123E-08,0.99999999999999722,0.));
#10406=IFCAXIS2PLACEMENT3D(#10403,#10404,#10405);
#10407=IFCLOCALPLACEMENT(#10387,#10406);
#10408=IFCCARTESIANPOINT((4.1750009155146177,6.577025890350237,3.));
#10409=IFCDIRECTION((0.,0.,1.));
#10410=IFCDIRECTION((-0.99999999999999623,8.7422776573475527E-08,0.));
#10411=IFCAXIS2PLACEMENT3D(#10408,#10409,#10410);
#10412=IFCLOCALPLACEMENT(#10387,#10411);
#10413=IFCCARTESIANPOINT((1.8250001668930695,-2.1229728102686285,3.));
#10414=IFCDIRECTION((0.,0.,1.));
#10415=IFCDIRECTION((-1.6292068494294439E-07,-0.99999999999998679,0.));
#10416=IFCAXIS2PLACEMENT3D(#10413,#10414,#10415);
#10417=IFCLOCALPLACEMENT(#10387,#10416);
#10418=IFCCARTESIANPOINT((-3.2249996662139893,2.5998632907867432,3.));
#10419=IFCDIRECTION((0.,0.,1.));
#10420=IFCDIRECTION((0.99999999999997158,-2.3841857910155572E-07,0.));
#10421=IFCAXIS2PLACEMENT3D(#10418,#10419,#10420);
#10422=IFCLOCALPLACEMENT(#10387,#10421);
#10423=IFCCARTESIANPOINT((0.2749997897944278,5.6270260421437683,3.));
#10424=IFCDIRECTION((0.,0.,1.));
#10425=IFCDIRECTION((7.5497901264043123E-08,-0.99999999999999722,0.));
#10426=IFCAXIS2PLACEMENT3D(#10423,#10424,#10425);
#10427=IFCLOCALPLACEMENT(#10387,#10426);
#10428=IFCCARTESIANPOINT((0.3749997913837374,5.6270260032023298,3.));
#10429=IFCDIRECTION((0.,0.,1.));
#10430=IFCDIRECTION((7.5497901264043123E-08,0.99999999999999722,0.));
#10431=IFCAXIS2PLACEMENT3D(#10428,#10429,#10430);
#10432=IFCLOCALPLACEMENT(#10387,#10431);
#10433=IFCCARTESIANPOINT((0.27499978979442785,5.6270260421437674,3.));
#10434=IFCDIRECTION((0.,0.,1.));
#10435=IFCDIRECTION((-0.99999999999992428,3.8941436741876494E-07,0.));
#10436=IFCAXIS2PLACEMENT3D(#10433,#10434,#10435);
#10437=IFCLOCALPLACEMENT(#10387,#10436);
#10438=IFCCARTESIANPOINT((0.27500017990790021,0.45981654524803162,3.));
#10439=IFCDIRECTION((0.,0.,1.));
#10440=IFCDIRECTION((1.,0.,0.));
#10441=IFCAXIS2PLACEMENT3D(#10438,#10439,#10440);
#10442=IFCLOCALPLACEMENT(#10387,#10441);
#10443=IFCCARTESIANPOINT((0.27500081062316895,0.45981645584106445,3.));
#10444=IFCDIRECTION((0.,0.,1.));
#10445=IFCDIRECTION((-4.3711388286737889E-08,-0.99999999999999911,0.));
#10446=IFCAXIS2PLACEMENT3D(#10443,#10444,#10445);
#10447=IFCLOCALPLACEMENT(#10387,#10446);
#10448=IFCCARTESIANPOINT((0.27500069772581603,-2.1229739189146413,3.));
#10449=IFCDIRECTION((0.,0.,1.));
#10450=IFCDIRECTION((0.9999999999997442,7.1525573730450454E-07,0.));
#10451=IFCAXIS2PLACEMENT3D(#10448,#10449,#10450);
#10452=IFCLOCALPLACEMENT(#10387,#10451);
#10453=IFCCARTESIANPOINT((-3.3249988555908203,-1.4948973655700684,3.));
#10454=IFCDIRECTION((0.,0.,1.));
#10455=IFCDIRECTION((1.,0.,0.));
#10456=IFCAXIS2PLACEMENT3D(#10453,#10454,#10455);
#10457=IFCLOCALPLACEMENT(#10387,#10456);
#10458=IFCCARTESIANPOINT((4.1750001907348633,-3.0229730606079102,3.));
#10459=IFCDIRECTION((0.,0.,1.));
#10460=IFCDIRECTION((1.,0.,0.));
#10461=IFCAXIS2PLACEMENT3D(#10458,#10459,#10460);
#10462=IFCLOCALPLACEMENT(#10387,#10461);
#10463=IFCCARTESIANPOINT((0.37499994039535522,4.9677567481994629,3.));
#10464=IFCDIRECTION((0.,0.,1.));
#10465=IFCDIRECTION((1.,0.,0.));
#10466=IFCAXIS2PLACEMENT3D(#10463,#10464,#10465);
#10467=IFCLOCALPLACEMENT(#10387,#10466);
#10468=IFCCARTESIANPOINT((0.,0.,6.));
#10469=IFCDIRECTION((0.,0.,1.));
#10470=IFCDIRECTION((1.,0.,0.));
#10471=IFCAXIS2PLACEMENT3D(#10468,#10469,#10470);
#10472=IFCLOCALPLACEMENT(#10387,#10471);
ENDSEC;
END-ISO-10303-21;
