ISO-10303-21;
HEADER;
FILE_DESCRIPTION(('ViewDefinition[DesignTransferView]'),'2;1');
FILE_NAME('s03-discussion.ifc','2026-09-30T15:01:04+08:00',(''),(''),'IfcOpenShell 0.8.5-post1','Bonsai 0.8.5-post1','Nobody');
FILE_SCHEMA(('IFC4'));
ENDSEC;
DATA;
#1=IFCPROJECT('32NlS3AzLFiPSDR$ptr8b0',$,'My Project',$,$,$,$,(#10,#22),#5);
#2=IFCSIUNIT(*,.LENGTHUNIT.,$,.METRE.);
#3=IFCSIUNIT(*,.AREAUNIT.,$,.SQUARE_METRE.);
#4=IFCSIUNIT(*,.VOLUMEUNIT.,$,.CUBIC_METRE.);
#5=IFCUNITASSIGNMENT((#2,#3,#4));
#6=IFCCARTESIANPOINT((0.,0.,0.));
#7=IFCDIRECTION((0.,0.,1.));
#8=IFCDIRECTION((1.,0.,0.));
#9=IFCAXIS2PLACEMENT3D(#6,#7,#8);
#10=IFCGEOMETRICREPRESENTATIONCONTEXT($,'Model',3,1.0000000000000001E-05,#9,$);
#11=IFCGEOMETRICREPRESENTATIONSUBCONTEXT('Body','Model',*,*,*,*,#10,$,.MODEL_VIEW.,$);
#12=IFCGEOMETRICREPRESENTATIONSUBCONTEXT('Axis','Model',*,*,*,*,#10,$,.GRAPH_VIEW.,$);
#13=IFCGEOMETRICREPRESENTATIONSUBCONTEXT('Box','Model',*,*,*,*,#10,$,.MODEL_VIEW.,$);
#14=IFCGEOMETRICREPRESENTATIONSUBCONTEXT('Annotation','Model',*,*,*,*,#10,$,.SECTION_VIEW.,$);
#15=IFCGEOMETRICREPRESENTATIONSUBCONTEXT('Annotation','Model',*,*,*,*,#10,$,.ELEVATION_VIEW.,$);
#16=IFCGEOMETRICREPRESENTATIONSUBCONTEXT('Annotation','Model',*,*,*,*,#10,$,.MODEL_VIEW.,$);
#17=IFCGEOMETRICREPRESENTATIONSUBCONTEXT('Annotation','Model',*,*,*,*,#10,$,.PLAN_VIEW.,$);
#18=IFCGEOMETRICREPRESENTATIONSUBCONTEXT('Profile','Model',*,*,*,*,#10,$,.ELEVATION_VIEW.,$);
#19=IFCCARTESIANPOINT((0.,0.));
#20=IFCDIRECTION((1.,0.));
#21=IFCAXIS2PLACEMENT2D(#19,#20);
#22=IFCGEOMETRICREPRESENTATIONCONTEXT($,'Plan',2,1.0000000000000001E-05,#21,$);
#23=IFCGEOMETRICREPRESENTATIONSUBCONTEXT('Axis','Plan',*,*,*,*,#22,$,.GRAPH_VIEW.,$);
#24=IFCGEOMETRICREPRESENTATIONSUBCONTEXT('Body','Plan',*,*,*,*,#22,$,.PLAN_VIEW.,$);
#25=IFCGEOMETRICREPRESENTATIONSUBCONTEXT('Annotation','Plan',*,*,*,*,#22,$,.PLAN_VIEW.,$);
#26=IFCGEOMETRICREPRESENTATIONSUBCONTEXT('Annotation','Plan',*,*,*,*,#22,$,.REFLECTED_PLAN_VIEW.,$);
#27=IFCSITE('1GgEF2Mdz6fQWkGDocwsbU',$,'My Site',$,$,#50,$,$,$,$,$,$,$,$);
#33=IFCBUILDING('1C5_GswK56$Rs6is6DfQGm',$,'My Building',$,$,#56,$,$,$,$,$,$);
#39=IFCBUILDINGSTOREY('0VdURIdgXC49H_zyr6vSdv',$,'2F',$,$,#5057,$,$,$,$);
#45=IFCRELAGGREGATES('1tavmkOIDCAed8srLN1h_2',$,$,$,#1,(#27));
#46=IFCCARTESIANPOINT((0.,0.,0.));
#47=IFCDIRECTION((0.,0.,1.));
#48=IFCDIRECTION((1.,0.,0.));
#49=IFCAXIS2PLACEMENT3D(#46,#47,#48);
#50=IFCLOCALPLACEMENT($,#49);
#51=IFCRELAGGREGATES('3AGl97UIL0MglElVJZXbMI',$,$,$,#27,(#33));
#52=IFCCARTESIANPOINT((0.,0.,0.));
#53=IFCDIRECTION((0.,0.,1.));
#54=IFCDIRECTION((1.,0.,0.));
#55=IFCAXIS2PLACEMENT3D(#52,#53,#54);
#56=IFCLOCALPLACEMENT(#50,#55);
#57=IFCRELAGGREGATES('2SOqF$aVH0Phj4Q_SBiDJx',$,$,$,#33,(#63,#39));
#63=IFCBUILDINGSTOREY('3Ds90qsFX8XeFKkgAUOonM',$,'GF',$,$,#79,$,$,$,$);
#75=IFCCARTESIANPOINT((0.,0.,0.));
#76=IFCDIRECTION((0.,0.,1.));
#77=IFCDIRECTION((1.,0.,0.));
#78=IFCAXIS2PLACEMENT3D(#75,#76,#77);
#79=IFCLOCALPLACEMENT(#56,#78);
#80=IFCWALLTYPE('1I24y$Jd1C9hWHmDCUcL2o',$,'Wall',$,$,(#85),$,$,$,.SOLIDWALL.);
#81=IFCMATERIAL('Unknown',$,$);
#82=IFCMATERIALLAYERSET((#84),$,$);
#83=IFCRELASSOCIATESMATERIAL('00Sp63EUXA89hX6OhNRZKE',$,$,$,(#80),#82);
#84=IFCMATERIALLAYER(#81,0.10000000000000001,$,$,$,$,$);
#85=IFCPROPERTYSET('2KNl2KHGj9VgX0OwylCRMJ',$,'EPset_Parametric',$,(#86));
#86=IFCPROPERTYSINGLEVALUE('LayerSetDirection',$,IFCLABEL('AXIS2'),$);
#127=IFCWALL('1nelYUEp16Cw2CBtmMMBkD',$,'Wall',$,$,#1084,#135,$,$);
#128=IFCRELCONTAINEDINSPATIALSTRUCTURE('2HPWPLINH6LhSj1ShMY2lg',$,$,$,(#167,#4791,#2763,#267,#242,#750,#620,#292,#1267,#127,#820,#192,#645,#1946,#1136,#3428,#4536,#1574,#3801,#317,#217,#845),#63);
#129=IFCRELDEFINESBYTYPE('0sCzhnIIv9_9JWAtmwX5aG',$,$,$,(#167,#820,#317,#845,#127,#217,#750,#620,#267,#292,#192,#242,#645),#80);
#130=IFCMATERIALLAYERSETUSAGE(#82,.AXIS2.,.POSITIVE.,0.,$);
#131=IFCRELASSOCIATESMATERIAL('3pkzQRm01BugMQbVtxMR38',$,$,$,(#127),#130);
#135=IFCPRODUCTDEFINITIONSHAPE($,$,(#1129,#1126));
#151=IFCPROPERTYSET('3Bhp7BN5z61gZK6kpgg7PH',$,'EPset_Parametric',$,(#153));
#152=IFCRELDEFINESBYPROPERTIES('0lUPKO4H9Dfulo_JrDNgnM',$,$,$,(#127),#151);
#153=IFCPROPERTYSINGLEVALUE('Engine',$,IFCLABEL('Bonsai.DumbLayer2'),$);
#167=IFCWALL('1r5_Z7g$9EjxXRrXGD88k7',$,'Wall',$,$,#1116,#173,$,$);
#168=IFCMATERIALLAYERSETUSAGE(#82,.AXIS2.,.POSITIVE.,0.,$);
#169=IFCRELASSOCIATESMATERIAL('1SywjVt49EDREEemW_DKvg',$,$,$,(#167),#168);
#173=IFCPRODUCTDEFINITIONSHAPE($,$,(#1111,#1108));
#189=IFCPROPERTYSET('1gtG7bFzH2kfzomMf7yQdc',$,'EPset_Parametric',$,(#191));
#190=IFCRELDEFINESBYPROPERTIES('2H3973eYL5lQNiKlRpj$AQ',$,$,$,(#167),#189);
#191=IFCPROPERTYSINGLEVALUE('Engine',$,IFCLABEL('Bonsai.DumbLayer2'),$);
#192=IFCWALL('2kMDdy6kzABRRFQY1ieEdO',$,'Wall',$,$,#451,#198,$,$);
#193=IFCMATERIALLAYERSETUSAGE(#82,.AXIS2.,.POSITIVE.,0.,$);
#194=IFCRELASSOCIATESMATERIAL('1LE1S$MpfFIBgB$ip84JxC',$,$,$,(#192),#193);
#198=IFCPRODUCTDEFINITIONSHAPE($,$,(#496,#493));
#214=IFCPROPERTYSET('1C0Bjp7aPF98CYCOt5BjzX',$,'EPset_Parametric',$,(#216));
#215=IFCRELDEFINESBYPROPERTIES('02WQrcxF14XuYYhzBrF6ur',$,$,$,(#192),#214);
#216=IFCPROPERTYSINGLEVALUE('Engine',$,IFCLABEL('Bonsai.DumbLayer2'),$);
#217=IFCWALL('0iDW6gf0b64RzrO8QbZFhG',$,'Wall',$,$,#483,#223,$,$);
#218=IFCMATERIALLAYERSETUSAGE(#82,.AXIS2.,.POSITIVE.,0.,$);
#219=IFCRELASSOCIATESMATERIAL('0Pb9WfQX1EXAzYg0LPIUIG',$,$,$,(#217),#218);
#223=IFCPRODUCTDEFINITIONSHAPE($,$,(#523,#520));
#239=IFCPROPERTYSET('2zkhUdM7v3BuAnS2$JOxcL',$,'EPset_Parametric',$,(#241));
#240=IFCRELDEFINESBYPROPERTIES('1oHMl2_E1FQg2tCI5eFIX9',$,$,$,(#217),#239);
#241=IFCPROPERTYSINGLEVALUE('Engine',$,IFCLABEL('Bonsai.DumbLayer2'),$);
#242=IFCWALL('2OtT1KEEX7aPnStrtCNDNf',$,'Wall',$,$,#253,#248,$,$);
#243=IFCMATERIALLAYERSETUSAGE(#82,.AXIS2.,.POSITIVE.,0.,$);
#244=IFCRELASSOCIATESMATERIAL('08YUgCMg15Be12YEGY8Uul',$,$,$,(#242),#243);
#248=IFCPRODUCTDEFINITIONSHAPE($,$,(#1033,#1030));
#249=IFCCARTESIANPOINT((0.77660548686981201,5.0197362899780273,0.));
#250=IFCDIRECTION((0.,0.,1.));
#251=IFCDIRECTION((-0.99999999999992428,3.8941436741876494E-07,0.));
#252=IFCAXIS2PLACEMENT3D(#249,#250,#251);
#253=IFCLOCALPLACEMENT(#79,#252);
#264=IFCPROPERTYSET('03Wp_abLXE_Q10rxk02tuz',$,'EPset_Parametric',$,(#266));
#265=IFCRELDEFINESBYPROPERTIES('11uDvR_LfCXQ5xT4RWHCuH',$,$,$,(#242),#264);
#266=IFCPROPERTYSINGLEVALUE('Engine',$,IFCLABEL('Bonsai.DumbLayer2'),$);
#267=IFCWALL('25snr8BEf5cxT1ocr8ArjX',$,'Wall',$,$,#542,#273,$,$);
#268=IFCMATERIALLAYERSETUSAGE(#82,.AXIS2.,.POSITIVE.,0.,$);
#269=IFCRELASSOCIATESMATERIAL('3eQpqPBDDBUfuMZfaDKCeU',$,$,$,(#267),#268);
#273=IFCPRODUCTDEFINITIONSHAPE($,$,(#749,#746));
#289=IFCPROPERTYSET('0WAuA6Gxz2LQpJQv5xkMdU',$,'EPset_Parametric',$,(#291));
#290=IFCRELDEFINESBYPROPERTIES('3M_3EOI2v7FutzEq_DoswC',$,$,$,(#267),#289);
#291=IFCPROPERTYSINGLEVALUE('Engine',$,IFCLABEL('Bonsai.DumbLayer2'),$);
#292=IFCWALL('23Xd9ruiP1FwBGu3uAP6Rf',$,'Wall',$,$,#574,#298,$,$);
#293=IFCMATERIALLAYERSETUSAGE(#82,.AXIS2.,.POSITIVE.,0.,$);
#294=IFCRELASSOCIATESMATERIAL('1jTh0BXQj4a8ORI4mDvFjv',$,$,$,(#292),#293);
#298=IFCPRODUCTDEFINITIONSHAPE($,$,(#619,#616));
#314=IFCPROPERTYSET('0LiJ6CJCnEDwHQQ2FNe4kZ',$,'EPset_Parametric',$,(#316));
#315=IFCRELDEFINESBYPROPERTIES('10mgM_ubX0q8aCGpyaWfq7',$,$,$,(#292),#314);
#316=IFCPROPERTYSINGLEVALUE('Engine',$,IFCLABEL('Bonsai.DumbLayer2'),$);
#317=IFCWALL('2$_hfahrj1H9IeWUtc0NcT',$,'Wall',$,$,#606,#323,$,$);
#318=IFCMATERIALLAYERSETUSAGE(#82,.AXIS2.,.POSITIVE.,0.,$);
#319=IFCRELASSOCIATESMATERIAL('2XMGE_6crEyerlxyZva5D3',$,$,$,(#317),#318);
#323=IFCPRODUCTDEFINITIONSHAPE($,$,(#1097,#1094));
#339=IFCPROPERTYSET('0MR9LTxGfCpxCtXsiEtp4T',$,'EPset_Parametric',$,(#341));
#340=IFCRELDEFINESBYPROPERTIES('2GHuyy8uDB6hUS$qLBrd0N',$,$,$,(#317),#339);
#341=IFCPROPERTYSINGLEVALUE('Engine',$,IFCLABEL('Bonsai.DumbLayer2'),$);
#433=IFCRELCONNECTSPATHELEMENTS('3yhdyfLvvFPR1ilU6yqHzS',$,$,$,$,#192,#167,(),(),.ATEND.,.ATSTART.);
#447=IFCCARTESIANPOINT((4.2266056255380109,6.5197367668152175,0.));
#448=IFCDIRECTION((0.,0.,1.));
#449=IFCDIRECTION((-0.99999999999998868,-1.5099580252808492E-07,0.));
#450=IFCAXIS2PLACEMENT3D(#447,#448,#449);
#451=IFCLOCALPLACEMENT(#79,#450);
#465=IFCRELCONNECTSPATHELEMENTS('0oG$_kkIfD$h89Zfqqjtyr',$,$,$,$,#217,#192,(),(),.ATEND.,.ATSTART.);
#479=IFCCARTESIANPOINT((0.77660536766052579,6.5197362458796606,0.));
#480=IFCDIRECTION((0.,0.,1.));
#481=IFCDIRECTION((7.5497901264043123E-08,-0.99999999999999722,0.));
#482=IFCAXIS2PLACEMENT3D(#479,#480,#481);
#483=IFCLOCALPLACEMENT(#79,#482);
#484=IFCCARTESIANPOINTLIST2D(((0.,0.),(0.10000002264937295,0.10000000000000001),(3.3500002654273144,0.10000000000000001),(3.4500002578775244,0.)));
#485=IFCINDEXEDPOLYCURVE(#484,(IFCLINEINDEX((1,2,3,4,1))),$);
#486=IFCARBITRARYCLOSEDPROFILEDEF(.AREA.,$,#485);
#487=IFCCARTESIANPOINT((0.,0.,0.));
#488=IFCDIRECTION((0.,0.,1.));
#489=IFCDIRECTION((1.,0.,0.));
#490=IFCAXIS2PLACEMENT3D(#487,#488,#489);
#491=IFCDIRECTION((0.,0.,1.));
#492=IFCEXTRUDEDAREASOLID(#486,#490,#491,2.9900000095367432);
#493=IFCSHAPEREPRESENTATION(#11,'Body','SweptSolid',(#492));
#494=IFCCARTESIANPOINTLIST2D(((0.,0.),(3.4500002578775244,0.)));
#495=IFCINDEXEDPOLYCURVE(#494,$,$);
#496=IFCSHAPEREPRESENTATION(#23,'Axis','Curve2D',(#495));
#497=IFCRELCONNECTSPATHELEMENTS('0jIrUOLRvACvcq7bBBNi1m',$,$,$,$,#242,#217,(),(),.ATEND.,.ATSTART.);
#511=IFCCARTESIANPOINTLIST2D(((0.,0.),(0.099999992450210171,0.10000000000000001),(1.6000000023928718,0.10000000000000001),(1.4999999559016342,0.)));
#512=IFCINDEXEDPOLYCURVE(#511,(IFCLINEINDEX((1,2,3,4,1))),$);
#513=IFCARBITRARYCLOSEDPROFILEDEF(.AREA.,$,#512);
#514=IFCCARTESIANPOINT((0.,0.,0.));
#515=IFCDIRECTION((0.,0.,1.));
#516=IFCDIRECTION((1.,0.,0.));
#517=IFCAXIS2PLACEMENT3D(#514,#515,#516);
#518=IFCDIRECTION((0.,0.,1.));
#519=IFCEXTRUDEDAREASOLID(#513,#517,#518,2.9900000095367432);
#520=IFCSHAPEREPRESENTATION(#11,'Body','SweptSolid',(#519));
#521=IFCCARTESIANPOINTLIST2D(((0.,0.),(1.4999999559016342,0.)));
#522=IFCINDEXEDPOLYCURVE(#521,$,$);
#523=IFCSHAPEREPRESENTATION(#23,'Axis','Curve2D',(#522));
#524=IFCRELCONNECTSPATHELEMENTS('15RcvnVrH7_R5KaGkMU3Xi',$,$,$,$,#267,#242,(),(),.ATEND.,.ATSTART.);
#538=IFCCARTESIANPOINT((-2.7733945846558301,5.0197376723990592,0.));
#539=IFCDIRECTION((0.,0.,1.));
#540=IFCDIRECTION((7.5497901264043123E-08,-0.99999999999999722,0.));
#541=IFCAXIS2PLACEMENT3D(#538,#539,#540);
#542=IFCLOCALPLACEMENT(#79,#541);
#556=IFCRELCONNECTSPATHELEMENTS('0hNUr82aX9mfo4jCsjmksQ',$,$,$,$,#292,#267,(),(),.ATEND.,.ATSTART.);
#570=IFCCARTESIANPOINT((-2.7733941958415631,-0.13026332855224609,0.));
#571=IFCDIRECTION((0.,0.,1.));
#572=IFCDIRECTION((1.,0.,0.));
#573=IFCAXIS2PLACEMENT3D(#570,#571,#572);
#574=IFCLOCALPLACEMENT(#79,#573);
#588=IFCRELCONNECTSPATHELEMENTS('1pWQBXmmP4Dhz57tWWWikm',$,$,$,$,#317,#292,(),(),.ATEND.,.ATSTART.);
#602=IFCCARTESIANPOINT((0.22660589218133342,-0.13026332855224609,0.));
#603=IFCDIRECTION((0.,0.,1.));
#604=IFCDIRECTION((-2.8212997449371656E-07,-0.99999999999996025,0.));
#605=IFCAXIS2PLACEMENT3D(#602,#603,#604);
#606=IFCLOCALPLACEMENT(#79,#605);
#607=IFCCARTESIANPOINTLIST2D(((0.,0.),(0.099999992450210171,0.10000000000000001),(3.1000001162358979,0.10000000000000001),(3.0000000880228965,0.)));
#608=IFCINDEXEDPOLYCURVE(#607,(IFCLINEINDEX((1,2,3,4,1))),$);
#609=IFCARBITRARYCLOSEDPROFILEDEF(.AREA.,$,#608);
#610=IFCCARTESIANPOINT((0.,0.,0.));
#611=IFCDIRECTION((0.,0.,1.));
#612=IFCDIRECTION((1.,0.,0.));
#613=IFCAXIS2PLACEMENT3D(#610,#611,#612);
#614=IFCDIRECTION((0.,0.,1.));
#615=IFCEXTRUDEDAREASOLID(#609,#613,#614,2.9900000095367432);
#616=IFCSHAPEREPRESENTATION(#11,'Body','SweptSolid',(#615));
#617=IFCCARTESIANPOINTLIST2D(((0.,0.),(3.0000000880228965,0.)));
#618=IFCINDEXEDPOLYCURVE(#617,$,$);
#619=IFCSHAPEREPRESENTATION(#23,'Axis','Curve2D',(#618));
#620=IFCWALL('1qevxU_cHB_PATvsZKx6E9',$,'Wall',$,$,#631,#626,$,$);
#621=IFCMATERIALLAYERSETUSAGE(#82,.AXIS2.,.POSITIVE.,0.,$);
#622=IFCRELASSOCIATESMATERIAL('0PuZ6$u9r77ukSyejhQSay',$,$,$,(#620),#621);
#626=IFCPRODUCTDEFINITIONSHAPE($,$,(#722,#719));
#627=IFCCARTESIANPOINT((0.32660591602325439,-0.030263325199484825,0.));
#628=IFCDIRECTION((0.,0.,1.));
#629=IFCDIRECTION((7.5497901264043109E-08,0.99999999999999711,0.));
#630=IFCAXIS2PLACEMENT3D(#627,#628,#629);
#631=IFCLOCALPLACEMENT(#79,#630);
#642=IFCPROPERTYSET('11oHGIdmfEpwEeNhRUjh9E',$,'EPset_Parametric',$,(#644));
#643=IFCRELDEFINESBYPROPERTIES('0MLt2i$4nDrB0f3gKB1tHB',$,$,$,(#620),#642);
#644=IFCPROPERTYSINGLEVALUE('Engine',$,IFCLABEL('Bonsai.DumbLayer2'),$);
#645=IFCWALL('24BnmfsLn2SBAGekmy6YrY',$,'Wall',$,$,#656,#651,$,$);
#646=IFCMATERIALLAYERSETUSAGE(#82,.AXIS2.,.POSITIVE.,0.,$);
#647=IFCRELASSOCIATESMATERIAL('0LCBfOA4j07RSUTdUQHdvU',$,$,$,(#645),#646);
#651=IFCPRODUCTDEFINITIONSHAPE($,$,(#736,#733));
#652=IFCCARTESIANPOINT((0.32660612463951111,2.6197366714477539,0.));
#653=IFCDIRECTION((0.,0.,1.));
#654=IFCDIRECTION((-0.99999999999998868,-1.5099580252808492E-07,0.));
#655=IFCAXIS2PLACEMENT3D(#652,#653,#654);
#656=IFCLOCALPLACEMENT(#79,#655);
#667=IFCPROPERTYSET('2Tu71o3cP73x2pLYeYoY2z',$,'EPset_Parametric',$,(#669));
#668=IFCRELDEFINESBYPROPERTIES('2J7B7wbf9EgvAfK2FZmlFI',$,$,$,(#645),#667);
#669=IFCPROPERTYSINGLEVALUE('Engine',$,IFCLABEL('Bonsai.DumbLayer2'),$);
#696=IFCRELCONNECTSPATHELEMENTS('2Gxa8XitP1MAzlYlZTAsdA',$,$,$,$,#645,#620,(),(),.ATEND.,.ATSTART.);
#710=IFCCARTESIANPOINTLIST2D(((0.,0.),(0.,0.10000000000000001),(2.5499999739978718,0.10000000000000001),(2.6499999966472449,0.)));
#711=IFCINDEXEDPOLYCURVE(#710,(IFCLINEINDEX((1,2,3,4,1))),$);
#712=IFCARBITRARYCLOSEDPROFILEDEF(.AREA.,$,#711);
#713=IFCCARTESIANPOINT((0.,0.,0.));
#714=IFCDIRECTION((0.,0.,1.));
#715=IFCDIRECTION((1.,0.,0.));
#716=IFCAXIS2PLACEMENT3D(#713,#714,#715);
#717=IFCDIRECTION((0.,0.,1.));
#718=IFCEXTRUDEDAREASOLID(#712,#716,#717,2.9900000095367432);
#719=IFCSHAPEREPRESENTATION(#11,'Body','SweptSolid',(#718));
#720=IFCCARTESIANPOINTLIST2D(((0.,0.),(2.6499999966472449,0.)));
#721=IFCINDEXEDPOLYCURVE(#720,$,$);
#722=IFCSHAPEREPRESENTATION(#23,'Axis','Curve2D',(#721));
#723=IFCRELCONNECTSPATHELEMENTS('33bFsNUQbFlAHtHeUOS4$5',$,$,$,$,#645,#267,(),(),.ATPATH.,.ATEND.);
#724=IFCCARTESIANPOINTLIST2D(((0.,0.),(0.10000002264937295,0.10000000000000001),(3.0000005271032739,0.10000000000000001),(3.0000005195534838,0.)));
#725=IFCINDEXEDPOLYCURVE(#724,(IFCLINEINDEX((1,2,3,4,1))),$);
#726=IFCARBITRARYCLOSEDPROFILEDEF(.AREA.,$,#725);
#727=IFCCARTESIANPOINT((0.,0.,0.));
#728=IFCDIRECTION((0.,0.,1.));
#729=IFCDIRECTION((1.,0.,0.));
#730=IFCAXIS2PLACEMENT3D(#727,#728,#729);
#731=IFCDIRECTION((0.,0.,1.));
#732=IFCEXTRUDEDAREASOLID(#726,#730,#731,2.9900000095367432);
#733=IFCSHAPEREPRESENTATION(#11,'Body','SweptSolid',(#732));
#734=IFCCARTESIANPOINTLIST2D(((0.,0.),(3.1000005195534843,0.)));
#735=IFCINDEXEDPOLYCURVE(#734,$,$);
#736=IFCSHAPEREPRESENTATION(#23,'Axis','Curve2D',(#735));
#737=IFCCARTESIANPOINTLIST2D(((0.,0.),(0.1000000464912377,0.10000000000000001),(5.05000100850111,0.10000000000000001),(5.1500010009513204,0.)));
#738=IFCINDEXEDPOLYCURVE(#737,(IFCLINEINDEX((1,2,3,4,1))),$);
#739=IFCARBITRARYCLOSEDPROFILEDEF(.AREA.,$,#738);
#740=IFCCARTESIANPOINT((0.,0.,0.));
#741=IFCDIRECTION((0.,0.,1.));
#742=IFCDIRECTION((1.,0.,0.));
#743=IFCAXIS2PLACEMENT3D(#740,#741,#742);
#744=IFCDIRECTION((0.,0.,1.));
#745=IFCEXTRUDEDAREASOLID(#739,#743,#744,2.9900000095367432);
#746=IFCSHAPEREPRESENTATION(#11,'Body','SweptSolid',(#745));
#747=IFCCARTESIANPOINTLIST2D(((0.,0.),(5.1500010009513204,0.)));
#748=IFCINDEXEDPOLYCURVE(#747,$,$);
#749=IFCSHAPEREPRESENTATION(#23,'Axis','Curve2D',(#748));
#750=IFCWALL('1mYevEdtf3wBSxUUKGKOCM',$,'Wall',$,$,#792,#756,$,$);
#751=IFCMATERIALLAYERSETUSAGE(#82,.AXIS2.,.POSITIVE.,0.,$);
#752=IFCRELASSOCIATESMATERIAL('3ywHPMwRj2LPkNk3uRCPVB',$,$,$,(#750),#751);
#756=IFCPRODUCTDEFINITIONSHAPE($,$,(#996,#993));
#772=IFCPROPERTYSET('2q_oXuKxT708CP0T2w$yA5',$,'EPset_Parametric',$,(#774));
#773=IFCRELDEFINESBYPROPERTIES('1ihB93GqD90BxJghZs6DMH',$,$,$,(#750),#772);
#774=IFCPROPERTYSINGLEVALUE('Engine',$,IFCLABEL('Bonsai.DumbLayer2'),$);
#788=IFCCARTESIANPOINT((-1.1805208921432495,2.6197366714477539,0.));
#789=IFCDIRECTION((0.,0.,1.));
#790=IFCDIRECTION((1.9470718370939353E-07,0.99999999999998113,0.));
#791=IFCAXIS2PLACEMENT3D(#788,#789,#790);
#792=IFCLOCALPLACEMENT(#79,#791);
#793=IFCRELCONNECTSPATHELEMENTS('33JmAtlZT29fzYzUN5NRLi',$,$,$,$,#750,#242,(),(),.ATPATH.,.ATEND.);
#820=IFCWALL('2eO4dx9Vj2xvPebwGDs8ut',$,'Wall',$,$,#1020,#826,$,$);
#821=IFCMATERIALLAYERSETUSAGE(#82,.AXIS2.,.POSITIVE.,0.,$);
#822=IFCRELASSOCIATESMATERIAL('09pYmRLQP4suzBjFcFcCYT',$,$,$,(#820),#821);
#826=IFCPRODUCTDEFINITIONSHAPE($,$,(#1047,#1044));
#842=IFCPROPERTYSET('0jzgfR95jFBxwcD0AVKhsB',$,'EPset_Parametric',$,(#844));
#843=IFCRELDEFINESBYPROPERTIES('2SiAPcNLL91epDIRtLf30a',$,$,$,(#820),#842);
#844=IFCPROPERTYSINGLEVALUE('Engine',$,IFCLABEL('Bonsai.DumbLayer2'),$);
#845=IFCWALL('2S5249wKv6FuJiRcSt5Rfw',$,'Wall',$,$,#1065,#851,$,$);
#846=IFCMATERIALLAYERSETUSAGE(#82,.AXIS2.,.POSITIVE.,0.,$);
#847=IFCRELASSOCIATESMATERIAL('380eNp9zX119bmLUbL3yqi',$,$,$,(#845),#846);
#851=IFCPRODUCTDEFINITIONSHAPE($,$,(#1060,#1057));
#867=IFCPROPERTYSET('08P6iRTdjE5PpYITkqp7vd',$,'EPset_Parametric',$,(#869));
#868=IFCRELDEFINESBYPROPERTIES('2kdAIF5dnEihY$i3mZ4UOO',$,$,$,(#845),#867);
#869=IFCPROPERTYSINGLEVALUE('Engine',$,IFCLABEL('Bonsai.DumbLayer2'),$);
#965=IFCRELCONNECTSPATHELEMENTS('11vdoQMHj9_Pgrv_Pz6bYW',$,$,$,$,#845,#750,(),(),.ATPATH.,.ATEND.);
#984=IFCCARTESIANPOINTLIST2D(((0.,0.),(0.,0.10000000000000001),(2.3000004001339844,0.10000000000000001),(2.3000003806632661,0.)));
#985=IFCINDEXEDPOLYCURVE(#984,(IFCLINEINDEX((1,2,3,4,1))),$);
#986=IFCARBITRARYCLOSEDPROFILEDEF(.AREA.,$,#985);
#987=IFCCARTESIANPOINT((0.,0.,0.));
#988=IFCDIRECTION((0.,0.,1.));
#989=IFCDIRECTION((1.,0.,0.));
#990=IFCAXIS2PLACEMENT3D(#987,#988,#989);
#991=IFCDIRECTION((0.,0.,1.));
#992=IFCEXTRUDEDAREASOLID(#986,#990,#991,2.9900000095367432);
#993=IFCSHAPEREPRESENTATION(#11,'Body','SweptSolid',(#992));
#994=IFCCARTESIANPOINTLIST2D(((0.,0.),(2.4000003806632679,0.)));
#995=IFCINDEXEDPOLYCURVE(#994,$,$);
#996=IFCSHAPEREPRESENTATION(#23,'Axis','Curve2D',(#995));
#1002=IFCRELCONNECTSPATHELEMENTS('2ZSH$LUob4TOWOkQE3ukur',$,$,$,$,#820,#242,(),(),.ATPATH.,.ATSTART.);
#1016=IFCCARTESIANPOINT((0.77564579424376279,5.0197362903517462,0.));
#1017=IFCDIRECTION((0.,0.,1.));
#1018=IFCDIRECTION((1.9470718370939353E-07,-0.99999999999998113,0.));
#1019=IFCAXIS2PLACEMENT3D(#1016,#1017,#1018);
#1020=IFCLOCALPLACEMENT(#79,#1019);
#1021=IFCCARTESIANPOINTLIST2D(((0.,0.),(-0.10000004649123767,0.10000000000000001),(3.4500000190722355,0.10000000000000001),(3.5500000655634731,0.)));
#1022=IFCINDEXEDPOLYCURVE(#1021,(IFCLINEINDEX((1,2,3,4,1))),$);
#1023=IFCARBITRARYCLOSEDPROFILEDEF(.AREA.,$,#1022);
#1024=IFCCARTESIANPOINT((0.,0.,0.));
#1025=IFCDIRECTION((0.,0.,1.));
#1026=IFCDIRECTION((1.,0.,0.));
#1027=IFCAXIS2PLACEMENT3D(#1024,#1025,#1026);
#1028=IFCDIRECTION((0.,0.,1.));
#1029=IFCEXTRUDEDAREASOLID(#1023,#1027,#1028,2.9900000095367432);
#1030=IFCSHAPEREPRESENTATION(#11,'Body','SweptSolid',(#1029));
#1031=IFCCARTESIANPOINTLIST2D(((0.,0.),(3.5500000655634731,0.)));
#1032=IFCINDEXEDPOLYCURVE(#1031,$,$);
#1033=IFCSHAPEREPRESENTATION(#23,'Axis','Curve2D',(#1032));
#1034=IFCRELCONNECTSPATHELEMENTS('0ves3ma6549RSVNE7hwJGA',$,$,$,$,#820,#845,(),(),.ATSTART.,.ATEND.);
#1035=IFCCARTESIANPOINTLIST2D(((0.10000000000001706,0.),(0.10000005841217217,0.10000000000000001),(1.5609635464111054,0.10000000000000001),(1.4609634879989331,0.)));
#1036=IFCINDEXEDPOLYCURVE(#1035,(IFCLINEINDEX((1,2,3,4,1))),$);
#1037=IFCARBITRARYCLOSEDPROFILEDEF(.AREA.,$,#1036);
#1038=IFCCARTESIANPOINT((0.,0.,0.));
#1039=IFCDIRECTION((0.,0.,1.));
#1040=IFCDIRECTION((1.,0.,0.));
#1041=IFCAXIS2PLACEMENT3D(#1038,#1039,#1040);
#1042=IFCDIRECTION((0.,0.,1.));
#1043=IFCEXTRUDEDAREASOLID(#1037,#1041,#1042,2.9900000095367432);
#1044=IFCSHAPEREPRESENTATION(#11,'Body','SweptSolid',(#1043));
#1045=IFCCARTESIANPOINTLIST2D(((0.,0.),(1.4609634879989331,0.)));
#1046=IFCINDEXEDPOLYCURVE(#1045,$,$);
#1047=IFCSHAPEREPRESENTATION(#23,'Axis','Curve2D',(#1046));
#1048=IFCCARTESIANPOINTLIST2D(((0.,0.),(-0.10000005841217217,0.10000000000000001),(1.9561667685392994,0.10000000000000001),(1.9561667880100178,0.)));
#1049=IFCINDEXEDPOLYCURVE(#1048,(IFCLINEINDEX((1,2,3,4,1))),$);
#1050=IFCARBITRARYCLOSEDPROFILEDEF(.AREA.,$,#1049);
#1051=IFCCARTESIANPOINT((0.,0.,0.));
#1052=IFCDIRECTION((0.,0.,1.));
#1053=IFCDIRECTION((1.,0.,0.));
#1054=IFCAXIS2PLACEMENT3D(#1051,#1052,#1053);
#1055=IFCDIRECTION((0.,0.,1.));
#1056=IFCEXTRUDEDAREASOLID(#1050,#1054,#1055,2.9900000095367432);
#1057=IFCSHAPEREPRESENTATION(#11,'Body','SweptSolid',(#1056));
#1058=IFCCARTESIANPOINTLIST2D(((0.,0.),(1.9561667880100178,0.)));
#1059=IFCINDEXEDPOLYCURVE(#1058,$,$);
#1060=IFCSHAPEREPRESENTATION(#23,'Axis','Curve2D',(#1059));
#1061=IFCCARTESIANPOINT((0.77564607870384883,3.5587728023528404,0.));
#1062=IFCDIRECTION((0.,0.,1.));
#1063=IFCDIRECTION((-0.99999999999992428,3.8941436741876494E-07,0.));
#1064=IFCAXIS2PLACEMENT3D(#1061,#1062,#1063);
#1065=IFCLOCALPLACEMENT(#79,#1064);
#1066=IFCRELCONNECTSPATHELEMENTS('3M1UIaDD5EggvRyKgOtVCc',$,$,$,$,#127,#317,(),(),.ATEND.,.ATSTART.);
#1080=IFCCARTESIANPOINT((0.22660519818591307,-2.5901062488555908,0.));
#1081=IFCDIRECTION((0.,0.,1.));
#1082=IFCDIRECTION((1.,0.,0.));
#1083=IFCAXIS2PLACEMENT3D(#1080,#1081,#1082);
#1084=IFCLOCALPLACEMENT(#79,#1083);
#1085=IFCCARTESIANPOINTLIST2D(((0.,0.),(-0.10000002821300143,0.10000000000000001),(2.3598428920904415,0.10000000000000001),(2.4598429203034429,0.)));
#1086=IFCINDEXEDPOLYCURVE(#1085,(IFCLINEINDEX((1,2,3,4,1))),$);
#1087=IFCARBITRARYCLOSEDPROFILEDEF(.AREA.,$,#1086);
#1088=IFCCARTESIANPOINT((0.,0.,0.));
#1089=IFCDIRECTION((0.,0.,1.));
#1090=IFCDIRECTION((1.,0.,0.));
#1091=IFCAXIS2PLACEMENT3D(#1088,#1089,#1090);
#1092=IFCDIRECTION((0.,0.,1.));
#1093=IFCEXTRUDEDAREASOLID(#1087,#1091,#1092,2.9900000095367432);
#1094=IFCSHAPEREPRESENTATION(#11,'Body','SweptSolid',(#1093));
#1095=IFCCARTESIANPOINTLIST2D(((0.,0.),(2.4598429203034429,0.)));
#1096=IFCINDEXEDPOLYCURVE(#1095,$,$);
#1097=IFCSHAPEREPRESENTATION(#23,'Axis','Curve2D',(#1096));
#1098=IFCRELCONNECTSPATHELEMENTS('1N1edLFLb0G9wYNIqfY5Pi',$,$,$,$,#167,#127,(),(),.ATEND.,.ATSTART.);
#1099=IFCCARTESIANPOINTLIST2D(((0.,0.),(0.099999992450210157,0.10000000000000001),(9.0098429930214596,0.10000000000000001),(9.1098430156708332,0.)));
#1100=IFCINDEXEDPOLYCURVE(#1099,(IFCLINEINDEX((1,2,3,4,1))),$);
#1101=IFCARBITRARYCLOSEDPROFILEDEF(.AREA.,$,#1100);
#1102=IFCCARTESIANPOINT((0.,0.,0.));
#1103=IFCDIRECTION((0.,0.,1.));
#1104=IFCDIRECTION((1.,0.,0.));
#1105=IFCAXIS2PLACEMENT3D(#1102,#1103,#1104);
#1106=IFCDIRECTION((0.,0.,1.));
#1107=IFCEXTRUDEDAREASOLID(#1101,#1105,#1106,2.9900000095367432);
#1108=IFCSHAPEREPRESENTATION(#11,'Body','SweptSolid',(#1107));
#1109=IFCCARTESIANPOINTLIST2D(((0.,0.),(9.1098430156708332,0.)));
#1110=IFCINDEXEDPOLYCURVE(#1109,$,$);
#1111=IFCSHAPEREPRESENTATION(#23,'Axis','Curve2D',(#1110));
#1112=IFCCARTESIANPOINT((4.2266049377639821,-2.5901062488555908,0.));
#1113=IFCDIRECTION((0.,0.,1.));
#1114=IFCDIRECTION((7.5497901264043123E-08,0.99999999999999722,0.));
#1115=IFCAXIS2PLACEMENT3D(#1112,#1113,#1114);
#1116=IFCLOCALPLACEMENT(#79,#1115);
#1117=IFCCARTESIANPOINTLIST2D(((0.,0.),(0.10000002821300144,0.10000000000000001),(3.8999997471278589,0.10000000000000001),(3.9999997395780689,0.)));
#1118=IFCINDEXEDPOLYCURVE(#1117,(IFCLINEINDEX((1,2,3,4,1))),$);
#1119=IFCARBITRARYCLOSEDPROFILEDEF(.AREA.,$,#1118);
#1120=IFCCARTESIANPOINT((0.,0.,0.));
#1121=IFCDIRECTION((0.,0.,1.));
#1122=IFCDIRECTION((1.,0.,0.));
#1123=IFCAXIS2PLACEMENT3D(#1120,#1121,#1122);
#1124=IFCDIRECTION((0.,0.,1.));
#1125=IFCEXTRUDEDAREASOLID(#1119,#1123,#1124,3.);
#1126=IFCSHAPEREPRESENTATION(#11,'Body','SweptSolid',(#1125));
#1127=IFCCARTESIANPOINTLIST2D(((0.,0.),(3.9999997395780689,0.)));
#1128=IFCINDEXEDPOLYCURVE(#1127,$,$);
#1129=IFCSHAPEREPRESENTATION(#23,'Axis','Curve2D',(#1128));
#1130=IFCSLABTYPE('3A2zvhYXr6wuv$uO72YRvW',$,'Slab',$,$,(#1134),$,$,$,.FLOOR.);
#1131=IFCMATERIALLAYERSET((#1133),$,$);
#1132=IFCRELASSOCIATESMATERIAL('1hxVA9HmD0CO86rYK$nGt_',$,$,$,(#1130),#1131);
#1133=IFCMATERIALLAYER(#81,0.10000000000000001,$,$,$,$,$);
#1134=IFCPROPERTYSET('1RFf8TO$n0gfupWY1p$tdb',$,'EPset_Parametric',$,(#1135));
#1135=IFCPROPERTYSINGLEVALUE('LayerSetDirection',$,IFCLABEL('AXIS3'),$);
#1136=IFCSLAB('2HGgQGdNTA$hE0xcACKfGC',$,'Slab',$,$,#1144,#1151,$,$);
#1137=IFCRELDEFINESBYTYPE('0LWr4twUT9_9rat51RL4_u',$,$,$,(#1136,#5058),#1130);
#1138=IFCMATERIALLAYERSETUSAGE(#1131,.AXIS3.,.POSITIVE.,-0.10000000149011612,$);
#1139=IFCRELASSOCIATESMATERIAL('3I6fOgaDnF4OWMvej7NK7i',$,$,$,(#1136),#1138);
#1140=IFCCARTESIANPOINT((4.2266049385070801,-2.5901062488555908,0.));
#1141=IFCDIRECTION((0.,0.,1.));
#1142=IFCDIRECTION((1.,0.,0.));
#1143=IFCAXIS2PLACEMENT3D(#1140,#1141,#1142);
#1144=IFCLOCALPLACEMENT(#79,#1143);
#1145=IFCCARTESIANPOINTLIST2D(((0.,0.),(4.76837158203125E-07,9.1098432540893555),(-3.4499995708465576,9.1098423004150391),(-3.4499993324279785,7.6098423004150391),(-6.9999995231628418,7.6098442077636719),(-6.9999990463256836,2.4598429203033447),(-3.9999990463256836,2.4598429203033447),(-3.9999997615814209,0.),(0.,0.)));
#1146=IFCINDEXEDPOLYCURVE(#1145,$,$);
#1147=IFCDIRECTION((0.,0.,1.));
#1148=IFCARBITRARYCLOSEDPROFILEDEF(.AREA.,$,#1146);
#1149=IFCEXTRUDEDAREASOLID(#1148,#1158,#1147,0.10000000000000001);
#1150=IFCSHAPEREPRESENTATION(#11,'Body','SweptSolid',(#1149));
#1151=IFCPRODUCTDEFINITIONSHAPE($,$,(#1150));
#1152=IFCPROPERTYSET('388tnOxE52IA0XV_TFpBY$',$,'EPset_Parametric',$,(#1154));
#1153=IFCRELDEFINESBYPROPERTIES('3cfPVar8nDr8fGeU5559_D',$,$,$,(#1136),#1152);
#1154=IFCPROPERTYSINGLEVALUE('Engine',$,IFCLABEL('Bonsai.DumbLayer3'),$);
#1155=IFCCARTESIANPOINT((-0.,-0.,-0.10000000149011612));
#1156=IFCDIRECTION((0.,0.,1.));
#1157=IFCDIRECTION((1.,0.,0.));
#1158=IFCAXIS2PLACEMENT3D(#1155,#1156,#1157);
#1159=IFCDOORTYPE('099z0F3Dv3JQhSXu7b5r4h',$,'Main-GF',$,$,(#1160),(#1169,#1247,#1266),$,$,.DOOR.,.SINGLE_SWING_LEFT.,$,$);
#1160=IFCPROPERTYSET('1PdJjhGfX2cvD9FW7u1B0X',$,'BBIM_Door',$,(#1161));
#1161=IFCPROPERTYSINGLEVALUE('Data',$,IFCTEXT('{"door_type": "SINGLE_SWING_LEFT", "overall_height": 2.0, "overall_width": 0.8999999761581421, "lining_properties": {"lining_depth": 0.05000000074505806, "lining_thickness": 0.05000000074505806, "lining_offset": 0.0, "lining_to_panel_offset_x": 0.02500000037252903, "lining_to_panel_offset_y": 0.02500000037252903, "transom_thickness": 0.0, "casing_thickness": 0.07500000298023224, "casing_depth": 0.004999999888241291, "threshold_thickness": 0.02500000037252903, "threshold_depth": 0.10000000149011612, "threshold_offset": 0.0}, "panel_properties": {"panel_depth": 0.03500000014901161, "panel_width_ratio": 1.0}}'),$);
#1165=IFCCARTESIANPOINT((0.,0.,0.));
#1166=IFCDIRECTION((1.,0.,0.));
#1167=IFCDIRECTION((0.,0.,1.));
#1168=IFCAXIS2PLACEMENT3D(#1165,#1167,#1166);
#1169=IFCREPRESENTATIONMAP(#1168,#1349);
#1243=IFCCARTESIANPOINT((0.,0.,0.));
#1244=IFCDIRECTION((1.,0.,0.));
#1245=IFCDIRECTION((0.,0.,1.));
#1246=IFCAXIS2PLACEMENT3D(#1243,#1245,#1244);
#1247=IFCREPRESENTATIONMAP(#1246,#1422);
#1262=IFCCARTESIANPOINT((0.,0.,0.));
#1263=IFCDIRECTION((1.,0.,0.));
#1264=IFCDIRECTION((0.,0.,1.));
#1265=IFCAXIS2PLACEMENT3D(#1262,#1264,#1263);
#1266=IFCREPRESENTATIONMAP(#1265,#1440);
#1267=IFCDOOR('3pYVc7_K1DFh0ftXE5Dc$U',$,'Door',$,$,#1465,#1276,$,2.,0.89999997615814209,$,.SINGLE_SWING_LEFT.,$);
#1268=IFCRELDEFINESBYTYPE('2n$S1qtg11H9D2qsbPnDcw',$,$,$,(#1267),#1159);
#1269=IFCCARTESIANPOINT((0.,0.,0.));
#1270=IFCDIRECTION((1.,0.,0.));
#1271=IFCDIRECTION((0.,1.,0.));
#1272=IFCDIRECTION((0.,0.,1.));
#1273=IFCCARTESIANTRANSFORMATIONOPERATOR3D(#1270,#1271,#1269,1.,#1272);
#1274=IFCMAPPEDITEM(#1169,#1273);
#1275=IFCSHAPEREPRESENTATION(#18,'Profile','MappedRepresentation',(#1274));
#1276=IFCPRODUCTDEFINITIONSHAPE($,$,(#1275,#1283,#1290));
#1277=IFCCARTESIANPOINT((0.,0.,0.));
#1278=IFCDIRECTION((1.,0.,0.));
#1279=IFCDIRECTION((0.,1.,0.));
#1280=IFCDIRECTION((0.,0.,1.));
#1281=IFCCARTESIANTRANSFORMATIONOPERATOR3D(#1278,#1279,#1277,1.,#1280);
#1282=IFCMAPPEDITEM(#1247,#1281);
#1283=IFCSHAPEREPRESENTATION(#11,'Body','MappedRepresentation',(#1282));
#1284=IFCCARTESIANPOINT((0.,0.,0.));
#1285=IFCDIRECTION((1.,0.,0.));
#1286=IFCDIRECTION((0.,1.,0.));
#1287=IFCDIRECTION((0.,0.,1.));
#1288=IFCCARTESIANTRANSFORMATIONOPERATOR3D(#1285,#1286,#1284,1.,#1287);
#1289=IFCMAPPEDITEM(#1266,#1288);
#1290=IFCSHAPEREPRESENTATION(#24,'Body','MappedRepresentation',(#1289));
#1291=IFCOPENINGELEMENT('3EnwJOV0j1LOP2MPySvfOq',$,'Opening',$,$,#1460,#1319,$,.OPENING.);
#1307=IFCCARTESIANPOINT((0.,0.,0.));
#1308=IFCDIRECTION((1.,0.,0.));
#1309=IFCDIRECTION((0.,0.,1.));
#1310=IFCAXIS2PLACEMENT3D(#1307,#1309,#1308);
#1311=IFCREPRESENTATIONMAP(#1310,#1450);
#1312=IFCCARTESIANPOINT((0.,0.,0.));
#1313=IFCDIRECTION((1.,0.,0.));
#1314=IFCDIRECTION((0.,1.,0.));
#1315=IFCDIRECTION((0.,0.,1.));
#1316=IFCCARTESIANTRANSFORMATIONOPERATOR3D(#1313,#1314,#1312,1.,#1315);
#1317=IFCMAPPEDITEM(#1311,#1316);
#1318=IFCSHAPEREPRESENTATION(#11,'Body','MappedRepresentation',(#1317));
#1319=IFCPRODUCTDEFINITIONSHAPE($,$,(#1318));
#1320=IFCRELVOIDSELEMENT('1sCNB26FP88hDAtgjzIKZZ',$,$,$,#127,#1291);
#1326=IFCRELFILLSELEMENT('2uOG_F0Pn8m97BkXrU_zUk',$,$,$,#1291,#1267);
#1347=IFCCARTESIANPOINTLIST3D(((0.,0.,0.),(0.89999997615814209,0.,0.),(0.89999997615814209,0.,2.),(0.,0.,2.)));
#1348=IFCINDEXEDPOLYCURVE(#1347,(IFCLINEINDEX((1,2,3,4,1))),$);
#1349=IFCSHAPEREPRESENTATION(#18,'Profile','Curve3D',(#1348));
#1350=IFCCARTESIANPOINTLIST2D(((0.,0.),(0.,2.),(0.89999997615814209,2.),(0.89999997615814209,0.),(0.87499997578561306,0.),(0.87499997578561306,1.974999999627471),(0.02500000037252903,1.974999999627471),(0.02500000037252903,0.)));
#1351=IFCINDEXEDPOLYCURVE(#1350,(IFCLINEINDEX((1,2,3,4,5,6,7,8,1))),$);
#1352=IFCARBITRARYCLOSEDPROFILEDEF(.AREA.,$,#1351);
#1353=IFCCARTESIANPOINT((0.,0.02500000037252903,0.));
#1354=IFCDIRECTION((0.,-1.,0.));
#1355=IFCDIRECTION((1.,0.,0.));
#1356=IFCAXIS2PLACEMENT3D(#1353,#1354,#1355);
#1357=IFCDIRECTION((0.,0.,-1.));
#1358=IFCEXTRUDEDAREASOLID(#1352,#1356,#1357,0.02500000037252903);
#1359=IFCCARTESIANPOINTLIST2D(((0.,0.),(0.,2.),(0.89999997615814209,2.),(0.89999997615814209,0.),(0.84999997541308403,0.),(0.84999997541308403,1.9499999992549419),(0.05000000074505806,1.9499999992549419),(0.05000000074505806,0.)));
#1360=IFCINDEXEDPOLYCURVE(#1359,(IFCLINEINDEX((1,2,3,4,5,6,7,8,1))),$);
#1361=IFCARBITRARYCLOSEDPROFILEDEF(.AREA.,$,#1360);
#1362=IFCCARTESIANPOINT((0.,0.,0.));
#1363=IFCDIRECTION((0.,-1.,0.));
#1364=IFCDIRECTION((1.,0.,0.));
#1365=IFCAXIS2PLACEMENT3D(#1362,#1363,#1364);
#1366=IFCDIRECTION((0.,0.,-1.));
#1367=IFCEXTRUDEDAREASOLID(#1361,#1365,#1366,0.02500000037252903);
#1368=IFCCARTESIANPOINTLIST2D(((0.,0.),(0.79999997466802597,0.),(0.79999997466802597,0.10000000149011612),(0.,0.10000000149011612)));
#1369=IFCINDEXEDPOLYCURVE(#1368,(IFCLINEINDEX((1,2,3,4,1))),$);
#1370=IFCARBITRARYCLOSEDPROFILEDEF(.AREA.,$,#1369);
#1371=IFCCARTESIANPOINT((0.05000000074505806,0.,0.));
#1372=IFCDIRECTION((0.,0.,1.));
#1373=IFCDIRECTION((1.,0.,0.));
#1374=IFCAXIS2PLACEMENT3D(#1371,#1372,#1373);
#1375=IFCDIRECTION((0.,0.,1.));
#1376=IFCEXTRUDEDAREASOLID(#1370,#1374,#1375,0.02500000037252903);
#1377=IFCCARTESIANPOINTLIST2D(((0.,0.),(0.,2.0250000022351742),(0.94999998062849045,2.0250000022351742),(0.94999998062849045,0.),(0.87499997764825821,0.),(0.87499997764825821,1.9499999992549419),(0.075000002980232239,1.9499999992549419),(0.075000002980232239,0.)));
#1378=IFCINDEXEDPOLYCURVE(#1377,(IFCLINEINDEX((1,2,3,4,5,6,7,8,1))),$);
#1379=IFCARBITRARYCLOSEDPROFILEDEF(.AREA.,$,#1378);
#1380=IFCCARTESIANPOINT((-0.025000002235174179,-0.004999999888241291,0.));
#1381=IFCDIRECTION((0.,-1.,0.));
#1382=IFCDIRECTION((1.,0.,0.));
#1383=IFCAXIS2PLACEMENT3D(#1380,#1381,#1382);
#1384=IFCDIRECTION((0.,0.,-1.));
#1385=IFCEXTRUDEDAREASOLID(#1379,#1383,#1384,0.004999999888241291);
#1386=IFCCARTESIANPOINTLIST2D(((0.,0.),(0.,2.0250000022351742),(0.94999998062849045,2.0250000022351742),(0.94999998062849045,0.),(0.89999997802078724,0.),(0.89999997802078724,1.974999999627471),(0.050000002607703209,1.974999999627471),(0.050000002607703209,0.)));
#1387=IFCINDEXEDPOLYCURVE(#1386,(IFCLINEINDEX((1,2,3,4,5,6,7,8,1))),$);
#1388=IFCARBITRARYCLOSEDPROFILEDEF(.AREA.,$,#1387);
#1389=IFCCARTESIANPOINT((-0.025000002235174179,0.05000000074505806,0.));
#1390=IFCDIRECTION((0.,-1.,0.));
#1391=IFCDIRECTION((1.,0.,0.));
#1392=IFCAXIS2PLACEMENT3D(#1389,#1390,#1391);
#1393=IFCDIRECTION((0.,0.,-1.));
#1394=IFCEXTRUDEDAREASOLID(#1388,#1392,#1393,0.004999999888241291);
#1395=IFCCARTESIANPOINTLIST2D(((0.,0.),(0.84999997541308403,0.),(0.84999997541308403,0.035000000149011612),(0.,0.035000000149011612)));
#1396=IFCINDEXEDPOLYCURVE(#1395,(IFCLINEINDEX((1,2,3,4,1))),$);
#1397=IFCARBITRARYCLOSEDPROFILEDEF(.AREA.,$,#1396);
#1398=IFCCARTESIANPOINT((0.02500000037252903,0.02500000037252903,0.02500000037252903));
#1399=IFCDIRECTION((0.,0.,1.));
#1400=IFCDIRECTION((1.,0.,0.));
#1401=IFCAXIS2PLACEMENT3D(#1398,#1399,#1400);
#1402=IFCDIRECTION((0.,0.,1.));
#1403=IFCEXTRUDEDAREASOLID(#1397,#1401,#1402,1.9499999992549419);
#1404=IFCCARTESIANPOINTLIST2D(((0.,0.),(0.,-0.040000000000000001),(-0.11999999999999988,-0.040000000000000001),(-0.11999999999999988,-0.02),(-0.020000000000000018,-0.02),(-0.020000000000000018,0.)));
#1405=IFCINDEXEDPOLYCURVE(#1404,(IFCLINEINDEX((1,2,3,4,5,6,1))),$);
#1406=IFCARBITRARYCLOSEDPROFILEDEF(.AREA.,$,#1405);
#1407=IFCCARTESIANPOINT((0.82499997578561302,0.02500000037252903,1.015000000372529));
#1408=IFCDIRECTION((0.,0.,1.));
#1409=IFCDIRECTION((1.,0.,0.));
#1410=IFCAXIS2PLACEMENT3D(#1407,#1408,#1409);
#1411=IFCDIRECTION((0.,0.,1.));
#1412=IFCEXTRUDEDAREASOLID(#1406,#1410,#1411,0.02);
#1413=IFCEXTRUDEDAREASOLID(#1414,#1417,#1421,0.02);
#1414=IFCARBITRARYCLOSEDPROFILEDEF(.AREA.,$,#1415);
#1415=IFCINDEXEDPOLYCURVE(#1416,(IFCLINEINDEX((1,2,3,4,5,6,1))),$);
#1416=IFCCARTESIANPOINTLIST2D(((0.,0.),(0.,0.040000000000000008),(-0.11999999999999988,0.040000000000000008),(-0.11999999999999988,0.020000000000000004),(-0.020000000000000018,0.020000000000000004),(-0.020000000000000018,0.)));
#1417=IFCAXIS2PLACEMENT3D(#1418,#1419,#1420);
#1418=IFCCARTESIANPOINT((0.82499997578561302,0.060000000521540642,1.015000000372529));
#1419=IFCDIRECTION((0.,0.,1.));
#1420=IFCDIRECTION((1.,0.,0.));
#1421=IFCDIRECTION((0.,0.,1.));
#1422=IFCSHAPEREPRESENTATION(#11,'Body','SweptSolid',(#1358,#1367,#1403,#1412,#1413,#1376,#1385,#1394));
#1423=IFCSHAPEREPRESENTATION(#11,'Body','SweptSolid',(#1358,#1367,#1376,#1385,#1394));
#1424=IFCSHAPEASPECT((#1423),'Lining',$,.T.,#1276);
#1425=IFCSHAPEREPRESENTATION(#11,'Body','SweptSolid',(#1403,#1412,#1413));
#1426=IFCSHAPEASPECT((#1425),'Framing',$,.T.,#1276);
#1427=IFCCARTESIANPOINTLIST2D(((0.,0.),(0.,0.05000000074505806),(0.02500000037252903,0.05000000074505806),(0.02500000037252903,0.02500000037252903),(0.05000000074505806,0.02500000037252903),(0.05000000074505806,0.)));
#1428=IFCINDEXEDPOLYCURVE(#1427,(IFCLINEINDEX((1,2,3,4,5,6,1))),$);
#1429=IFCINDEXEDPOLYCURVE(#1430,(IFCLINEINDEX((1,2,3,4,5,6,1))),$);
#1430=IFCCARTESIANPOINTLIST2D(((0.89999997615814209,0.),(0.89999997615814209,0.05000000074505806),(0.87499997578561306,0.05000000074505806),(0.87499997578561306,0.02500000037252903),(0.84999997541308403,0.02500000037252903),(0.84999997541308403,0.)));
#1431=IFCDIRECTION((1.,0.));
#1432=IFCCARTESIANPOINT((0.060000000521540642,0.05000000074505806));
#1433=IFCAXIS2PLACEMENT2D(#1432,#1431);
#1434=IFCELLIPSE(#1433,0.81499997526407242,0.84999997541308403);
#1435=IFCCARTESIANPOINT((0.87499997578561306,0.05000000074505806));
#1436=IFCCARTESIANPOINT((0.060000000521540642,0.89999997615814209));
#1437=IFCTRIMMEDCURVE(#1434,(#1435),(#1436),.T.,.CARTESIAN.);
#1438=IFCCARTESIANPOINTLIST2D(((0.02500000037252903,0.05000000074505806),(0.060000000521540642,0.05000000074505806),(0.060000000521540642,0.89999997615814209),(0.02500000037252903,0.89999997615814209)));
#1439=IFCINDEXEDPOLYCURVE(#1438,(IFCLINEINDEX((1,2,3,4,1))),$);
#1440=IFCSHAPEREPRESENTATION(#24,'Body','Curve2D',(#1428,#1429,#1437,#1439));
#1441=IFCCARTESIANPOINTLIST2D(((0.,0.),(0.89999997615814209,0.),(0.89999997615814209,2.),(0.,2.)));
#1442=IFCINDEXEDPOLYCURVE(#1441,(IFCLINEINDEX((1,2,3,4,1))),$);
#1443=IFCARBITRARYCLOSEDPROFILEDEF(.AREA.,$,#1442);
#1444=IFCCARTESIANPOINT((0.,-0.60000002384185791,0.));
#1445=IFCDIRECTION((0.,-1.,0.));
#1446=IFCDIRECTION((1.,0.,0.));
#1447=IFCAXIS2PLACEMENT3D(#1444,#1445,#1446);
#1448=IFCDIRECTION((0.,0.,-1.));
#1449=IFCEXTRUDEDAREASOLID(#1443,#1447,#1448,1.2);
#1450=IFCSHAPEREPRESENTATION(#11,'Body','SweptSolid',(#1449));
#1456=IFCCARTESIANPOINT((0.35228715201092531,4.76837158203125E-07,0.));
#1457=IFCDIRECTION((0.,0.,1.));
#1458=IFCDIRECTION((0.99999999999997158,-2.3841857910155572E-07,0.));
#1459=IFCAXIS2PLACEMENT3D(#1456,#1457,#1458);
#1460=IFCLOCALPLACEMENT(#1084,#1459);
#1461=IFCCARTESIANPOINT((0.,0.,0.));
#1462=IFCDIRECTION((0.,0.,1.));
#1463=IFCDIRECTION((1.,0.,0.));
#1464=IFCAXIS2PLACEMENT3D(#1461,#1462,#1463);
#1465=IFCLOCALPLACEMENT(#1460,#1464);
#1466=IFCDOORTYPE('2Mn88gjM5CD8iUXiWEdu6y',$,'Guest-GF',$,$,(#1467),(#1469,#1477,#1555),$,$,.DOOR.,.SINGLE_SWING_LEFT.,$,$);
#1467=IFCPROPERTYSET('0zHHPPM6f1xP5IfZ_pyBOt',$,'BBIM_Door',$,(#1468));
#1468=IFCPROPERTYSINGLEVALUE('Data',$,IFCTEXT('{"door_type": "SINGLE_SWING_RIGHT", "overall_height": 2.0, "overall_width": 0.8999999761581421, "lining_properties": {"lining_depth": 0.05000000074505806, "lining_thickness": 0.05000000074505806, "lining_offset": 0.0, "lining_to_panel_offset_x": 0.02500000037252903, "lining_to_panel_offset_y": 0.02500000037252903, "transom_thickness": 0.0, "casing_thickness": 0.07500000298023224, "casing_depth": 0.004999999888241291, "threshold_thickness": 0.02500000037252903, "threshold_depth": 0.10000000149011612, "threshold_offset": 0.0}, "panel_properties": {"panel_depth": 0.03500000014901161, "panel_width_ratio": 1.0}}'),$);
#1469=IFCREPRESENTATIONMAP(#1470,#1656);
#1470=IFCAXIS2PLACEMENT3D(#1471,#1472,#1473);
#1471=IFCCARTESIANPOINT((0.,0.,0.));
#1472=IFCDIRECTION((0.,0.,1.));
#1473=IFCDIRECTION((1.,0.,0.));
#1477=IFCREPRESENTATIONMAP(#1478,#1729);
#1478=IFCAXIS2PLACEMENT3D(#1479,#1480,#1481);
#1479=IFCCARTESIANPOINT((0.,0.,0.));
#1480=IFCDIRECTION((0.,0.,1.));
#1481=IFCDIRECTION((1.,0.,0.));
#1555=IFCREPRESENTATIONMAP(#1556,#1747);
#1556=IFCAXIS2PLACEMENT3D(#1557,#1558,#1559);
#1557=IFCCARTESIANPOINT((0.,0.,0.));
#1558=IFCDIRECTION((0.,0.,1.));
#1559=IFCDIRECTION((1.,0.,0.));
#1574=IFCDOOR('1glxdwSUj6CuDrtek58JNY',$,'Door',$,$,#1772,#1583,$,2.,0.89999997615814209,$,.SINGLE_SWING_RIGHT.,$);
#1575=IFCRELDEFINESBYTYPE('0N1qmalj52wRtg74D6YZ7u',$,$,$,(#1574),#1466);
#1576=IFCCARTESIANPOINT((0.,0.,0.));
#1577=IFCDIRECTION((1.,0.,0.));
#1578=IFCDIRECTION((0.,1.,0.));
#1579=IFCDIRECTION((0.,0.,1.));
#1580=IFCCARTESIANTRANSFORMATIONOPERATOR3D(#1577,#1578,#1576,1.,#1579);
#1581=IFCMAPPEDITEM(#1469,#1580);
#1582=IFCSHAPEREPRESENTATION(#18,'Profile','MappedRepresentation',(#1581));
#1583=IFCPRODUCTDEFINITIONSHAPE($,$,(#1582,#1590,#1597));
#1584=IFCCARTESIANPOINT((0.,0.,0.));
#1585=IFCDIRECTION((1.,0.,0.));
#1586=IFCDIRECTION((0.,1.,0.));
#1587=IFCDIRECTION((0.,0.,1.));
#1588=IFCCARTESIANTRANSFORMATIONOPERATOR3D(#1585,#1586,#1584,1.,#1587);
#1589=IFCMAPPEDITEM(#1477,#1588);
#1590=IFCSHAPEREPRESENTATION(#11,'Body','MappedRepresentation',(#1589));
#1591=IFCCARTESIANPOINT((0.,0.,0.));
#1592=IFCDIRECTION((1.,0.,0.));
#1593=IFCDIRECTION((0.,1.,0.));
#1594=IFCDIRECTION((0.,0.,1.));
#1595=IFCCARTESIANTRANSFORMATIONOPERATOR3D(#1592,#1593,#1591,1.,#1594);
#1596=IFCMAPPEDITEM(#1555,#1595);
#1597=IFCSHAPEREPRESENTATION(#24,'Body','MappedRepresentation',(#1596));
#1598=IFCOPENINGELEMENT('0Aa0Upu8b5Gf9JJ3MTvkwo',$,'Opening',$,$,#1767,#1626,$,.OPENING.);
#1614=IFCCARTESIANPOINT((0.,0.,0.));
#1615=IFCDIRECTION((1.,0.,0.));
#1616=IFCDIRECTION((0.,0.,1.));
#1617=IFCAXIS2PLACEMENT3D(#1614,#1616,#1615);
#1618=IFCREPRESENTATIONMAP(#1617,#1757);
#1619=IFCCARTESIANPOINT((0.,0.,0.));
#1620=IFCDIRECTION((1.,0.,0.));
#1621=IFCDIRECTION((0.,1.,0.));
#1622=IFCDIRECTION((0.,0.,1.));
#1623=IFCCARTESIANTRANSFORMATIONOPERATOR3D(#1620,#1621,#1619,1.,#1622);
#1624=IFCMAPPEDITEM(#1618,#1623);
#1625=IFCSHAPEREPRESENTATION(#11,'Body','MappedRepresentation',(#1624));
#1626=IFCPRODUCTDEFINITIONSHAPE($,$,(#1625));
#1627=IFCRELVOIDSELEMENT('26QJ4HvgT7SP3uZ928thCS',$,$,$,#620,#1598);
#1633=IFCRELFILLSELEMENT('0dMcDz4Eb67OUsLFfJpHqv',$,$,$,#1598,#1574);
#1654=IFCCARTESIANPOINTLIST3D(((0.,0.,0.),(0.89999997615814209,0.,0.),(0.89999997615814209,0.,2.),(0.,0.,2.)));
#1655=IFCINDEXEDPOLYCURVE(#1654,(IFCLINEINDEX((1,2,3,4,1))),$);
#1656=IFCSHAPEREPRESENTATION(#18,'Profile','Curve3D',(#1655));
#1657=IFCCARTESIANPOINTLIST2D(((0.,0.),(0.,2.),(0.89999997615814209,2.),(0.89999997615814209,0.),(0.87499997578561306,0.),(0.87499997578561306,1.974999999627471),(0.02500000037252903,1.974999999627471),(0.02500000037252903,0.)));
#1658=IFCINDEXEDPOLYCURVE(#1657,(IFCLINEINDEX((1,2,3,4,5,6,7,8,1))),$);
#1659=IFCARBITRARYCLOSEDPROFILEDEF(.AREA.,$,#1658);
#1660=IFCCARTESIANPOINT((0.,0.02500000037252903,0.));
#1661=IFCDIRECTION((0.,-1.,0.));
#1662=IFCDIRECTION((1.,0.,0.));
#1663=IFCAXIS2PLACEMENT3D(#1660,#1661,#1662);
#1664=IFCDIRECTION((0.,0.,-1.));
#1665=IFCEXTRUDEDAREASOLID(#1659,#1663,#1664,0.02500000037252903);
#1666=IFCCARTESIANPOINTLIST2D(((0.,0.),(0.,2.),(0.89999997615814209,2.),(0.89999997615814209,0.),(0.84999997541308403,0.),(0.84999997541308403,1.9499999992549419),(0.05000000074505806,1.9499999992549419),(0.05000000074505806,0.)));
#1667=IFCINDEXEDPOLYCURVE(#1666,(IFCLINEINDEX((1,2,3,4,5,6,7,8,1))),$);
#1668=IFCARBITRARYCLOSEDPROFILEDEF(.AREA.,$,#1667);
#1669=IFCCARTESIANPOINT((0.,0.,0.));
#1670=IFCDIRECTION((0.,-1.,0.));
#1671=IFCDIRECTION((1.,0.,0.));
#1672=IFCAXIS2PLACEMENT3D(#1669,#1670,#1671);
#1673=IFCDIRECTION((0.,0.,-1.));
#1674=IFCEXTRUDEDAREASOLID(#1668,#1672,#1673,0.02500000037252903);
#1675=IFCCARTESIANPOINTLIST2D(((0.,0.),(0.79999997466802597,0.),(0.79999997466802597,0.10000000149011612),(0.,0.10000000149011612)));
#1676=IFCINDEXEDPOLYCURVE(#1675,(IFCLINEINDEX((1,2,3,4,1))),$);
#1677=IFCARBITRARYCLOSEDPROFILEDEF(.AREA.,$,#1676);
#1678=IFCCARTESIANPOINT((0.05000000074505806,0.,0.));
#1679=IFCDIRECTION((0.,0.,1.));
#1680=IFCDIRECTION((1.,0.,0.));
#1681=IFCAXIS2PLACEMENT3D(#1678,#1679,#1680);
#1682=IFCDIRECTION((0.,0.,1.));
#1683=IFCEXTRUDEDAREASOLID(#1677,#1681,#1682,0.02500000037252903);
#1684=IFCCARTESIANPOINTLIST2D(((0.,0.),(0.,2.0250000022351742),(0.94999998062849045,2.0250000022351742),(0.94999998062849045,0.),(0.87499997764825821,0.),(0.87499997764825821,1.9499999992549419),(0.075000002980232239,1.9499999992549419),(0.075000002980232239,0.)));
#1685=IFCINDEXEDPOLYCURVE(#1684,(IFCLINEINDEX((1,2,3,4,5,6,7,8,1))),$);
#1686=IFCARBITRARYCLOSEDPROFILEDEF(.AREA.,$,#1685);
#1687=IFCCARTESIANPOINT((-0.025000002235174179,-0.004999999888241291,0.));
#1688=IFCDIRECTION((0.,-1.,0.));
#1689=IFCDIRECTION((1.,0.,0.));
#1690=IFCAXIS2PLACEMENT3D(#1687,#1688,#1689);
#1691=IFCDIRECTION((0.,0.,-1.));
#1692=IFCEXTRUDEDAREASOLID(#1686,#1690,#1691,0.004999999888241291);
#1693=IFCCARTESIANPOINTLIST2D(((0.,0.),(0.,2.0250000022351742),(0.94999998062849045,2.0250000022351742),(0.94999998062849045,0.),(0.89999997802078724,0.),(0.89999997802078724,1.974999999627471),(0.050000002607703209,1.974999999627471),(0.050000002607703209,0.)));
#1694=IFCINDEXEDPOLYCURVE(#1693,(IFCLINEINDEX((1,2,3,4,5,6,7,8,1))),$);
#1695=IFCARBITRARYCLOSEDPROFILEDEF(.AREA.,$,#1694);
#1696=IFCCARTESIANPOINT((-0.025000002235174179,0.05000000074505806,0.));
#1697=IFCDIRECTION((0.,-1.,0.));
#1698=IFCDIRECTION((1.,0.,0.));
#1699=IFCAXIS2PLACEMENT3D(#1696,#1697,#1698);
#1700=IFCDIRECTION((0.,0.,-1.));
#1701=IFCEXTRUDEDAREASOLID(#1695,#1699,#1700,0.004999999888241291);
#1702=IFCCARTESIANPOINTLIST2D(((0.,0.),(0.84999997541308403,0.),(0.84999997541308403,0.035000000149011612),(0.,0.035000000149011612)));
#1703=IFCINDEXEDPOLYCURVE(#1702,(IFCLINEINDEX((1,2,3,4,1))),$);
#1704=IFCARBITRARYCLOSEDPROFILEDEF(.AREA.,$,#1703);
#1705=IFCCARTESIANPOINT((0.02500000037252903,0.02500000037252903,0.02500000037252903));
#1706=IFCDIRECTION((0.,0.,1.));
#1707=IFCDIRECTION((1.,0.,0.));
#1708=IFCAXIS2PLACEMENT3D(#1705,#1706,#1707);
#1709=IFCDIRECTION((0.,0.,1.));
#1710=IFCEXTRUDEDAREASOLID(#1704,#1708,#1709,1.9499999992549419);
#1711=IFCCARTESIANPOINTLIST2D(((0.,0.),(0.,-0.040000000000000001),(0.12,-0.040000000000000001),(0.12,-0.02),(0.02,-0.02),(0.02,0.)));
#1712=IFCINDEXEDPOLYCURVE(#1711,(IFCLINEINDEX((1,2,3,4,5,6,1))),$);
#1713=IFCARBITRARYCLOSEDPROFILEDEF(.AREA.,$,#1712);
#1714=IFCCARTESIANPOINT((0.075000000372529033,0.02500000037252903,1.015000000372529));
#1715=IFCDIRECTION((0.,0.,1.));
#1716=IFCDIRECTION((1.,0.,0.));
#1717=IFCAXIS2PLACEMENT3D(#1714,#1715,#1716);
#1718=IFCDIRECTION((0.,0.,1.));
#1719=IFCEXTRUDEDAREASOLID(#1713,#1717,#1718,0.02);
#1720=IFCEXTRUDEDAREASOLID(#1721,#1724,#1728,0.02);
#1721=IFCARBITRARYCLOSEDPROFILEDEF(.AREA.,$,#1722);
#1722=IFCINDEXEDPOLYCURVE(#1723,(IFCLINEINDEX((1,2,3,4,5,6,1))),$);
#1723=IFCCARTESIANPOINTLIST2D(((0.,0.),(0.,0.040000000000000008),(0.11999999999999998,0.040000000000000008),(0.11999999999999998,0.020000000000000004),(0.020000000000000004,0.020000000000000004),(0.020000000000000004,0.)));
#1724=IFCAXIS2PLACEMENT3D(#1725,#1726,#1727);
#1725=IFCCARTESIANPOINT((0.075000000372529033,0.060000000521540642,1.015000000372529));
#1726=IFCDIRECTION((0.,0.,1.));
#1727=IFCDIRECTION((1.,0.,0.));
#1728=IFCDIRECTION((0.,0.,1.));
#1729=IFCSHAPEREPRESENTATION(#11,'Body','SweptSolid',(#1665,#1674,#1710,#1719,#1720,#1683,#1692,#1701));
#1730=IFCSHAPEREPRESENTATION(#11,'Body','SweptSolid',(#1665,#1674,#1683,#1692,#1701));
#1731=IFCSHAPEASPECT((#1730),'Lining',$,.T.,#1583);
#1732=IFCSHAPEREPRESENTATION(#11,'Body','SweptSolid',(#1710,#1719,#1720));
#1733=IFCSHAPEASPECT((#1732),'Framing',$,.T.,#1583);
#1734=IFCCARTESIANPOINTLIST2D(((0.,0.),(0.,0.05000000074505806),(0.02500000037252903,0.05000000074505806),(0.02500000037252903,0.02500000037252903),(0.05000000074505806,0.02500000037252903),(0.05000000074505806,0.)));
#1735=IFCINDEXEDPOLYCURVE(#1734,(IFCLINEINDEX((1,2,3,4,5,6,1))),$);
#1736=IFCINDEXEDPOLYCURVE(#1737,(IFCLINEINDEX((1,2,3,4,5,6,1))),$);
#1737=IFCCARTESIANPOINTLIST2D(((0.89999997615814209,0.),(0.89999997615814209,0.05000000074505806),(0.87499997578561306,0.05000000074505806),(0.87499997578561306,0.02500000037252903),(0.84999997541308403,0.02500000037252903),(0.84999997541308403,0.)));
#1738=IFCDIRECTION((1.,0.));
#1739=IFCCARTESIANPOINT((0.83999997563660145,0.05000000074505806));
#1740=IFCAXIS2PLACEMENT2D(#1739,#1738);
#1741=IFCELLIPSE(#1740,0.81499997526407242,0.84999997541308403);
#1742=IFCCARTESIANPOINT((0.83999997563660145,0.89999997615814209));
#1743=IFCCARTESIANPOINT((0.02500000037252903,0.05000000074505806));
#1744=IFCTRIMMEDCURVE(#1741,(#1742),(#1743),.T.,.CARTESIAN.);
#1745=IFCCARTESIANPOINTLIST2D(((0.87499997578561306,0.05000000074505806),(0.83999997563660145,0.05000000074505806),(0.83999997563660145,0.89999997615814209),(0.87499997578561306,0.89999997615814209)));
#1746=IFCINDEXEDPOLYCURVE(#1745,(IFCLINEINDEX((1,2,3,4,1))),$);
#1747=IFCSHAPEREPRESENTATION(#24,'Body','Curve2D',(#1735,#1736,#1744,#1746));
#1748=IFCCARTESIANPOINTLIST2D(((0.,0.),(0.89999997615814209,0.),(0.89999997615814209,2.),(0.,2.)));
#1749=IFCINDEXEDPOLYCURVE(#1748,(IFCLINEINDEX((1,2,3,4,1))),$);
#1750=IFCARBITRARYCLOSEDPROFILEDEF(.AREA.,$,#1749);
#1751=IFCCARTESIANPOINT((0.,-0.60000002384185791,0.));
#1752=IFCDIRECTION((0.,-1.,0.));
#1753=IFCDIRECTION((1.,0.,0.));
#1754=IFCAXIS2PLACEMENT3D(#1751,#1752,#1753);
#1755=IFCDIRECTION((0.,0.,-1.));
#1756=IFCEXTRUDEDAREASOLID(#1750,#1754,#1755,1.2);
#1757=IFCSHAPEREPRESENTATION(#11,'Body','SweptSolid',(#1756));
#1763=IFCCARTESIANPOINT((1.5749603714794009,-5.9907731664310404E-08,0.));
#1764=IFCDIRECTION((0.,0.,1.));
#1765=IFCDIRECTION((0.99999999999997147,-2.384185719961227E-07,0.));
#1766=IFCAXIS2PLACEMENT3D(#1763,#1764,#1765);
#1767=IFCLOCALPLACEMENT(#631,#1766);
#1768=IFCCARTESIANPOINT((0.,-5.5511151231257827E-17,0.));
#1769=IFCDIRECTION((0.,0.,1.));
#1770=IFCDIRECTION((1.,5.2939559203393771E-23,0.));
#1771=IFCAXIS2PLACEMENT3D(#1768,#1769,#1770);
#1772=IFCLOCALPLACEMENT(#1767,#1771);
#1773=IFCDOORTYPE('03jRd84wz3SwCS28eyKjgA',$,'Bathroom-GF',$,$,(#1774),(#1776,#1784,#1862),$,$,.DOOR.,.SINGLE_SWING_LEFT.,$,$);
#1774=IFCPROPERTYSET('10pC7bHYj2FPQUeBh5$KSs',$,'BBIM_Door',$,(#1775));
#1775=IFCPROPERTYSINGLEVALUE('Data',$,IFCTEXT('{"door_type": "SINGLE_SWING_LEFT", "overall_height": 2.0, "overall_width": 0.7054365873336792, "lining_properties": {"lining_depth": 0.05000000074505806, "lining_thickness": 0.05000000074505806, "lining_offset": 0.0, "lining_to_panel_offset_x": 0.02500000037252903, "lining_to_panel_offset_y": 0.02500000037252903, "transom_thickness": 0.0, "casing_thickness": 0.07500000298023224, "casing_depth": 0.004999999888241291, "threshold_thickness": 0.02500000037252903, "threshold_depth": 0.10000000149011612, "threshold_offset": 0.0}, "panel_properties": {"panel_depth": 0.03500000014901161, "panel_width_ratio": 1.0}}'),$);
#1776=IFCREPRESENTATIONMAP(#1777,#2477);
#1777=IFCAXIS2PLACEMENT3D(#1778,#1779,#1780);
#1778=IFCCARTESIANPOINT((0.,0.,0.));
#1779=IFCDIRECTION((0.,0.,1.));
#1780=IFCDIRECTION((1.,0.,0.));
#1784=IFCREPRESENTATIONMAP(#1785,#2550);
#1785=IFCAXIS2PLACEMENT3D(#1786,#1787,#1788);
#1786=IFCCARTESIANPOINT((0.,0.,0.));
#1787=IFCDIRECTION((0.,0.,1.));
#1788=IFCDIRECTION((1.,0.,0.));
#1862=IFCREPRESENTATIONMAP(#1863,#2564);
#1863=IFCAXIS2PLACEMENT3D(#1864,#1865,#1866);
#1864=IFCCARTESIANPOINT((0.,0.,0.));
#1865=IFCDIRECTION((0.,0.,1.));
#1866=IFCDIRECTION((1.,0.,0.));
#1946=IFCDOOR('0Qzc5aHXj8m8lObqr89toR',$,'Door',$,$,#2589,#1955,$,2.,0.7054365873336792,$,.SINGLE_SWING_LEFT.,$);
#1947=IFCRELDEFINESBYTYPE('3vNsm$O$f6l8JJYzCH9cTw',$,$,$,(#1946),#1773);
#1948=IFCCARTESIANPOINT((0.,0.,0.));
#1949=IFCDIRECTION((1.,0.,0.));
#1950=IFCDIRECTION((0.,1.,0.));
#1951=IFCDIRECTION((0.,0.,1.));
#1952=IFCCARTESIANTRANSFORMATIONOPERATOR3D(#1949,#1950,#1948,1.,#1951);
#1953=IFCMAPPEDITEM(#1776,#1952);
#1954=IFCSHAPEREPRESENTATION(#18,'Profile','MappedRepresentation',(#1953));
#1955=IFCPRODUCTDEFINITIONSHAPE($,$,(#1954,#1962,#1969));
#1956=IFCCARTESIANPOINT((0.,0.,0.));
#1957=IFCDIRECTION((1.,0.,0.));
#1958=IFCDIRECTION((0.,1.,0.));
#1959=IFCDIRECTION((0.,0.,1.));
#1960=IFCCARTESIANTRANSFORMATIONOPERATOR3D(#1957,#1958,#1956,1.,#1959);
#1961=IFCMAPPEDITEM(#1784,#1960);
#1962=IFCSHAPEREPRESENTATION(#11,'Body','MappedRepresentation',(#1961));
#1963=IFCCARTESIANPOINT((0.,0.,0.));
#1964=IFCDIRECTION((1.,0.,0.));
#1965=IFCDIRECTION((0.,1.,0.));
#1966=IFCDIRECTION((0.,0.,1.));
#1967=IFCCARTESIANTRANSFORMATIONOPERATOR3D(#1964,#1965,#1963,1.,#1966);
#1968=IFCMAPPEDITEM(#1862,#1967);
#1969=IFCSHAPEREPRESENTATION(#24,'Body','MappedRepresentation',(#1968));
#1970=IFCOPENINGELEMENT('2K7DAejfD4ux96NwVrGl2A',$,'Opening',$,$,#2584,#1998,$,.OPENING.);
#1986=IFCCARTESIANPOINT((0.,0.,0.));
#1987=IFCDIRECTION((1.,0.,0.));
#1988=IFCDIRECTION((0.,0.,1.));
#1989=IFCAXIS2PLACEMENT3D(#1986,#1988,#1987);
#1990=IFCREPRESENTATIONMAP(#1989,#2574);
#1991=IFCCARTESIANPOINT((0.,0.,0.));
#1992=IFCDIRECTION((1.,0.,0.));
#1993=IFCDIRECTION((0.,1.,0.));
#1994=IFCDIRECTION((0.,0.,1.));
#1995=IFCCARTESIANTRANSFORMATIONOPERATOR3D(#1992,#1993,#1991,1.,#1994);
#1996=IFCMAPPEDITEM(#1990,#1995);
#1997=IFCSHAPEREPRESENTATION(#11,'Body','MappedRepresentation',(#1996));
#1998=IFCPRODUCTDEFINITIONSHAPE($,$,(#1997));
#1999=IFCRELVOIDSELEMENT('0t6KEwhIr02PfZT84wbtSV',$,$,$,#750,#1970);
#2005=IFCRELFILLSELEMENT('1T0xQzgv14WOa9QqurWT5W',$,$,$,#1970,#1946);
#2014=IFCCARTESIANPOINTLIST2D(((0.,0.),(0.,2.),(0.67652547359466553,2.),(0.67652547359466553,0.),(0.6515254732221365,0.),(0.6515254732221365,1.974999999627471),(0.02500000037252903,1.974999999627471),(0.02500000037252903,0.)));
#2015=IFCINDEXEDPOLYCURVE(#2014,(IFCLINEINDEX((1,2,3,4,5,6,7,8,1))),$);
#2016=IFCARBITRARYCLOSEDPROFILEDEF(.AREA.,$,#2015);
#2017=IFCCARTESIANPOINT((0.,0.02500000037252903,0.));
#2018=IFCDIRECTION((0.,-1.,0.));
#2019=IFCDIRECTION((1.,0.,0.));
#2020=IFCAXIS2PLACEMENT3D(#2017,#2018,#2019);
#2021=IFCDIRECTION((0.,0.,-1.));
#2022=IFCEXTRUDEDAREASOLID(#2016,#2020,#2021,0.02500000037252903);
#2023=IFCCARTESIANPOINTLIST2D(((0.,0.),(0.,2.),(0.67652547359466553,2.),(0.67652547359466553,0.),(0.62652547284960747,0.),(0.62652547284960747,1.9499999992549419),(0.05000000074505806,1.9499999992549419),(0.05000000074505806,0.)));
#2024=IFCINDEXEDPOLYCURVE(#2023,(IFCLINEINDEX((1,2,3,4,5,6,7,8,1))),$);
#2025=IFCARBITRARYCLOSEDPROFILEDEF(.AREA.,$,#2024);
#2026=IFCCARTESIANPOINT((0.,0.,0.));
#2027=IFCDIRECTION((0.,-1.,0.));
#2028=IFCDIRECTION((1.,0.,0.));
#2029=IFCAXIS2PLACEMENT3D(#2026,#2027,#2028);
#2030=IFCDIRECTION((0.,0.,-1.));
#2031=IFCEXTRUDEDAREASOLID(#2025,#2029,#2030,0.02500000037252903);
#2032=IFCCARTESIANPOINTLIST2D(((0.,0.),(0.57652547210454941,0.),(0.57652547210454941,0.10000000149011612),(0.,0.10000000149011612)));
#2033=IFCINDEXEDPOLYCURVE(#2032,(IFCLINEINDEX((1,2,3,4,1))),$);
#2034=IFCARBITRARYCLOSEDPROFILEDEF(.AREA.,$,#2033);
#2035=IFCCARTESIANPOINT((0.05000000074505806,0.,0.));
#2036=IFCDIRECTION((0.,0.,1.));
#2037=IFCDIRECTION((1.,0.,0.));
#2038=IFCAXIS2PLACEMENT3D(#2035,#2036,#2037);
#2039=IFCDIRECTION((0.,0.,1.));
#2040=IFCEXTRUDEDAREASOLID(#2034,#2038,#2039,0.02500000037252903);
#2041=IFCCARTESIANPOINTLIST2D(((0.,0.),(0.,2.0250000022351742),(0.72652547806501389,2.0250000022351742),(0.72652547806501389,0.),(0.65152547508478165,0.),(0.65152547508478165,1.9499999992549419),(0.075000002980232239,1.9499999992549419),(0.075000002980232239,0.)));
#2042=IFCINDEXEDPOLYCURVE(#2041,(IFCLINEINDEX((1,2,3,4,5,6,7,8,1))),$);
#2043=IFCARBITRARYCLOSEDPROFILEDEF(.AREA.,$,#2042);
#2044=IFCCARTESIANPOINT((-0.025000002235174179,-0.004999999888241291,0.));
#2045=IFCDIRECTION((0.,-1.,0.));
#2046=IFCDIRECTION((1.,0.,0.));
#2047=IFCAXIS2PLACEMENT3D(#2044,#2045,#2046);
#2048=IFCDIRECTION((0.,0.,-1.));
#2049=IFCEXTRUDEDAREASOLID(#2043,#2047,#2048,0.004999999888241291);
#2050=IFCCARTESIANPOINTLIST2D(((0.,0.),(0.,2.0250000022351742),(0.72652547806501389,2.0250000022351742),(0.72652547806501389,0.),(0.67652547545731068,0.),(0.67652547545731068,1.974999999627471),(0.050000002607703209,1.974999999627471),(0.050000002607703209,0.)));
#2051=IFCINDEXEDPOLYCURVE(#2050,(IFCLINEINDEX((1,2,3,4,5,6,7,8,1))),$);
#2052=IFCARBITRARYCLOSEDPROFILEDEF(.AREA.,$,#2051);
#2053=IFCCARTESIANPOINT((-0.025000002235174179,0.05000000074505806,0.));
#2054=IFCDIRECTION((0.,-1.,0.));
#2055=IFCDIRECTION((1.,0.,0.));
#2056=IFCAXIS2PLACEMENT3D(#2053,#2054,#2055);
#2057=IFCDIRECTION((0.,0.,-1.));
#2058=IFCEXTRUDEDAREASOLID(#2052,#2056,#2057,0.004999999888241291);
#2059=IFCCARTESIANPOINTLIST2D(((0.,0.),(0.62652547284960747,0.),(0.62652547284960747,0.035000000149011612),(0.,0.035000000149011612)));
#2060=IFCINDEXEDPOLYCURVE(#2059,(IFCLINEINDEX((1,2,3,4,1))),$);
#2061=IFCARBITRARYCLOSEDPROFILEDEF(.AREA.,$,#2060);
#2062=IFCCARTESIANPOINT((0.02500000037252903,0.02500000037252903,0.02500000037252903));
#2063=IFCDIRECTION((0.,0.,1.));
#2064=IFCDIRECTION((1.,0.,0.));
#2065=IFCAXIS2PLACEMENT3D(#2062,#2063,#2064);
#2066=IFCDIRECTION((0.,0.,1.));
#2067=IFCEXTRUDEDAREASOLID(#2061,#2065,#2066,1.9499999992549419);
#2068=IFCCARTESIANPOINTLIST2D(((0.,0.),(0.,-0.040000000000000001),(-0.11999999999999994,-0.040000000000000001),(-0.11999999999999994,-0.02),(-0.020000000000000018,-0.02),(-0.020000000000000018,0.)));
#2069=IFCINDEXEDPOLYCURVE(#2068,(IFCLINEINDEX((1,2,3,4,5,6,1))),$);
#2070=IFCARBITRARYCLOSEDPROFILEDEF(.AREA.,$,#2069);
#2071=IFCCARTESIANPOINT((0.60152547322213645,0.02500000037252903,1.015000000372529));
#2072=IFCDIRECTION((0.,0.,1.));
#2073=IFCDIRECTION((1.,0.,0.));
#2074=IFCAXIS2PLACEMENT3D(#2071,#2072,#2073);
#2075=IFCDIRECTION((0.,0.,1.));
#2076=IFCEXTRUDEDAREASOLID(#2070,#2074,#2075,0.02);
#2077=IFCEXTRUDEDAREASOLID(#2078,#2081,#2085,0.02);
#2078=IFCARBITRARYCLOSEDPROFILEDEF(.AREA.,$,#2079);
#2079=IFCINDEXEDPOLYCURVE(#2080,(IFCLINEINDEX((1,2,3,4,5,6,1))),$);
#2080=IFCCARTESIANPOINTLIST2D(((0.,0.),(0.,0.040000000000000008),(-0.11999999999999994,0.040000000000000008),(-0.11999999999999994,0.020000000000000004),(-0.020000000000000018,0.020000000000000004),(-0.020000000000000018,0.)));
#2081=IFCAXIS2PLACEMENT3D(#2082,#2083,#2084);
#2082=IFCCARTESIANPOINT((0.60152547322213645,0.060000000521540642,1.015000000372529));
#2083=IFCDIRECTION((0.,0.,1.));
#2084=IFCDIRECTION((1.,0.,0.));
#2085=IFCDIRECTION((0.,0.,1.));
#2087=IFCSHAPEREPRESENTATION(#11,'Body','SweptSolid',(#2031,#2389,#2522,#2292,#2380,#2513,#2150,#2283,#2371,#2504,#2141,#2022,#2274,#2177,#2495,#2265,#2407,#2256,#2398,#2486,#2058,#2168,#2049,#2159,#2040));
#2088=IFCSHAPEASPECT((#2087),'Lining',$,.T.,#1955);
#2089=IFCSHAPEREPRESENTATION(#11,'Body','SweptSolid',(#2540,#2531,#2067,#2195,#2196,#2310,#2186,#2311,#2425,#2301,#2076,#2416,#2077,#2541,#2426));
#2090=IFCSHAPEASPECT((#2089),'Framing',$,.T.,#1955);
#2133=IFCCARTESIANPOINTLIST2D(((0.,0.),(0.,2.),(0.67652547359466553,2.),(0.67652547359466553,0.),(0.6515254732221365,0.),(0.6515254732221365,1.974999999627471),(0.02500000037252903,1.974999999627471),(0.02500000037252903,0.)));
#2134=IFCINDEXEDPOLYCURVE(#2133,(IFCLINEINDEX((1,2,3,4,5,6,7,8,1))),$);
#2135=IFCARBITRARYCLOSEDPROFILEDEF(.AREA.,$,#2134);
#2136=IFCCARTESIANPOINT((0.,0.02500000037252903,0.));
#2137=IFCDIRECTION((0.,-1.,0.));
#2138=IFCDIRECTION((1.,0.,0.));
#2139=IFCAXIS2PLACEMENT3D(#2136,#2137,#2138);
#2140=IFCDIRECTION((0.,0.,-1.));
#2141=IFCEXTRUDEDAREASOLID(#2135,#2139,#2140,0.02500000037252903);
#2142=IFCCARTESIANPOINTLIST2D(((0.,0.),(0.,2.),(0.67652547359466553,2.),(0.67652547359466553,0.),(0.62652547284960747,0.),(0.62652547284960747,1.9499999992549419),(0.05000000074505806,1.9499999992549419),(0.05000000074505806,0.)));
#2143=IFCINDEXEDPOLYCURVE(#2142,(IFCLINEINDEX((1,2,3,4,5,6,7,8,1))),$);
#2144=IFCARBITRARYCLOSEDPROFILEDEF(.AREA.,$,#2143);
#2145=IFCCARTESIANPOINT((0.,0.,0.));
#2146=IFCDIRECTION((0.,-1.,0.));
#2147=IFCDIRECTION((1.,0.,0.));
#2148=IFCAXIS2PLACEMENT3D(#2145,#2146,#2147);
#2149=IFCDIRECTION((0.,0.,-1.));
#2150=IFCEXTRUDEDAREASOLID(#2144,#2148,#2149,0.02500000037252903);
#2151=IFCCARTESIANPOINTLIST2D(((0.,0.),(0.57652547210454941,0.),(0.57652547210454941,0.10000000149011612),(0.,0.10000000149011612)));
#2152=IFCINDEXEDPOLYCURVE(#2151,(IFCLINEINDEX((1,2,3,4,1))),$);
#2153=IFCARBITRARYCLOSEDPROFILEDEF(.AREA.,$,#2152);
#2154=IFCCARTESIANPOINT((0.05000000074505806,0.,0.));
#2155=IFCDIRECTION((0.,0.,1.));
#2156=IFCDIRECTION((1.,0.,0.));
#2157=IFCAXIS2PLACEMENT3D(#2154,#2155,#2156);
#2158=IFCDIRECTION((0.,0.,1.));
#2159=IFCEXTRUDEDAREASOLID(#2153,#2157,#2158,0.02500000037252903);
#2160=IFCCARTESIANPOINTLIST2D(((0.,0.),(0.,2.0250000022351742),(0.72652547806501389,2.0250000022351742),(0.72652547806501389,0.),(0.65152547508478165,0.),(0.65152547508478165,1.9499999992549419),(0.075000002980232239,1.9499999992549419),(0.075000002980232239,0.)));
#2161=IFCINDEXEDPOLYCURVE(#2160,(IFCLINEINDEX((1,2,3,4,5,6,7,8,1))),$);
#2162=IFCARBITRARYCLOSEDPROFILEDEF(.AREA.,$,#2161);
#2163=IFCCARTESIANPOINT((-0.025000002235174179,-0.004999999888241291,0.));
#2164=IFCDIRECTION((0.,-1.,0.));
#2165=IFCDIRECTION((1.,0.,0.));
#2166=IFCAXIS2PLACEMENT3D(#2163,#2164,#2165);
#2167=IFCDIRECTION((0.,0.,-1.));
#2168=IFCEXTRUDEDAREASOLID(#2162,#2166,#2167,0.004999999888241291);
#2169=IFCCARTESIANPOINTLIST2D(((0.,0.),(0.,2.0250000022351742),(0.72652547806501389,2.0250000022351742),(0.72652547806501389,0.),(0.67652547545731068,0.),(0.67652547545731068,1.974999999627471),(0.050000002607703209,1.974999999627471),(0.050000002607703209,0.)));
#2170=IFCINDEXEDPOLYCURVE(#2169,(IFCLINEINDEX((1,2,3,4,5,6,7,8,1))),$);
#2171=IFCARBITRARYCLOSEDPROFILEDEF(.AREA.,$,#2170);
#2172=IFCCARTESIANPOINT((-0.025000002235174179,0.05000000074505806,0.));
#2173=IFCDIRECTION((0.,-1.,0.));
#2174=IFCDIRECTION((1.,0.,0.));
#2175=IFCAXIS2PLACEMENT3D(#2172,#2173,#2174);
#2176=IFCDIRECTION((0.,0.,-1.));
#2177=IFCEXTRUDEDAREASOLID(#2171,#2175,#2176,0.004999999888241291);
#2178=IFCCARTESIANPOINTLIST2D(((0.,0.),(0.62652547284960747,0.),(0.62652547284960747,0.035000000149011612),(0.,0.035000000149011612)));
#2179=IFCINDEXEDPOLYCURVE(#2178,(IFCLINEINDEX((1,2,3,4,1))),$);
#2180=IFCARBITRARYCLOSEDPROFILEDEF(.AREA.,$,#2179);
#2181=IFCCARTESIANPOINT((0.02500000037252903,0.02500000037252903,0.02500000037252903));
#2182=IFCDIRECTION((0.,0.,1.));
#2183=IFCDIRECTION((1.,0.,0.));
#2184=IFCAXIS2PLACEMENT3D(#2181,#2182,#2183);
#2185=IFCDIRECTION((0.,0.,1.));
#2186=IFCEXTRUDEDAREASOLID(#2180,#2184,#2185,1.9499999992549419);
#2187=IFCCARTESIANPOINTLIST2D(((0.,0.),(0.,-0.040000000000000001),(-0.11999999999999994,-0.040000000000000001),(-0.11999999999999994,-0.02),(-0.020000000000000018,-0.02),(-0.020000000000000018,0.)));
#2188=IFCINDEXEDPOLYCURVE(#2187,(IFCLINEINDEX((1,2,3,4,5,6,1))),$);
#2189=IFCARBITRARYCLOSEDPROFILEDEF(.AREA.,$,#2188);
#2190=IFCCARTESIANPOINT((0.60152547322213645,0.02500000037252903,1.015000000372529));
#2191=IFCDIRECTION((0.,0.,1.));
#2192=IFCDIRECTION((1.,0.,0.));
#2193=IFCAXIS2PLACEMENT3D(#2190,#2191,#2192);
#2194=IFCDIRECTION((0.,0.,1.));
#2195=IFCEXTRUDEDAREASOLID(#2189,#2193,#2194,0.02);
#2196=IFCEXTRUDEDAREASOLID(#2197,#2200,#2204,0.02);
#2197=IFCARBITRARYCLOSEDPROFILEDEF(.AREA.,$,#2198);
#2198=IFCINDEXEDPOLYCURVE(#2199,(IFCLINEINDEX((1,2,3,4,5,6,1))),$);
#2199=IFCCARTESIANPOINTLIST2D(((0.,0.),(0.,0.040000000000000008),(-0.11999999999999994,0.040000000000000008),(-0.11999999999999994,0.020000000000000004),(-0.020000000000000018,0.020000000000000004),(-0.020000000000000018,0.)));
#2200=IFCAXIS2PLACEMENT3D(#2201,#2202,#2203);
#2201=IFCCARTESIANPOINT((0.60152547322213645,0.060000000521540642,1.015000000372529));
#2202=IFCDIRECTION((0.,0.,1.));
#2203=IFCDIRECTION((1.,0.,0.));
#2204=IFCDIRECTION((0.,0.,1.));
#2248=IFCCARTESIANPOINTLIST2D(((0.,0.),(0.,2.),(0.7054365873336792,2.),(0.7054365873336792,0.),(0.68043658696115017,0.),(0.68043658696115017,1.974999999627471),(0.02500000037252903,1.974999999627471),(0.02500000037252903,0.)));
#2249=IFCINDEXEDPOLYCURVE(#2248,(IFCLINEINDEX((1,2,3,4,5,6,7,8,1))),$);
#2250=IFCARBITRARYCLOSEDPROFILEDEF(.AREA.,$,#2249);
#2251=IFCCARTESIANPOINT((0.,0.02500000037252903,0.));
#2252=IFCDIRECTION((0.,-1.,0.));
#2253=IFCDIRECTION((1.,0.,0.));
#2254=IFCAXIS2PLACEMENT3D(#2251,#2252,#2253);
#2255=IFCDIRECTION((0.,0.,-1.));
#2256=IFCEXTRUDEDAREASOLID(#2250,#2254,#2255,0.02500000037252903);
#2257=IFCCARTESIANPOINTLIST2D(((0.,0.),(0.,2.),(0.7054365873336792,2.),(0.7054365873336792,0.),(0.65543658658862114,0.),(0.65543658658862114,1.9499999992549419),(0.05000000074505806,1.9499999992549419),(0.05000000074505806,0.)));
#2258=IFCINDEXEDPOLYCURVE(#2257,(IFCLINEINDEX((1,2,3,4,5,6,7,8,1))),$);
#2259=IFCARBITRARYCLOSEDPROFILEDEF(.AREA.,$,#2258);
#2260=IFCCARTESIANPOINT((0.,0.,0.));
#2261=IFCDIRECTION((0.,-1.,0.));
#2262=IFCDIRECTION((1.,0.,0.));
#2263=IFCAXIS2PLACEMENT3D(#2260,#2261,#2262);
#2264=IFCDIRECTION((0.,0.,-1.));
#2265=IFCEXTRUDEDAREASOLID(#2259,#2263,#2264,0.02500000037252903);
#2266=IFCCARTESIANPOINTLIST2D(((0.,0.),(0.60543658584356308,0.),(0.60543658584356308,0.10000000149011612),(0.,0.10000000149011612)));
#2267=IFCINDEXEDPOLYCURVE(#2266,(IFCLINEINDEX((1,2,3,4,1))),$);
#2268=IFCARBITRARYCLOSEDPROFILEDEF(.AREA.,$,#2267);
#2269=IFCCARTESIANPOINT((0.05000000074505806,0.,0.));
#2270=IFCDIRECTION((0.,0.,1.));
#2271=IFCDIRECTION((1.,0.,0.));
#2272=IFCAXIS2PLACEMENT3D(#2269,#2270,#2271);
#2273=IFCDIRECTION((0.,0.,1.));
#2274=IFCEXTRUDEDAREASOLID(#2268,#2272,#2273,0.02500000037252903);
#2275=IFCCARTESIANPOINTLIST2D(((0.,0.),(0.,2.0250000022351742),(0.75543659180402756,2.0250000022351742),(0.75543659180402756,0.),(0.68043658882379532,0.),(0.68043658882379532,1.9499999992549419),(0.075000002980232239,1.9499999992549419),(0.075000002980232239,0.)));
#2276=IFCINDEXEDPOLYCURVE(#2275,(IFCLINEINDEX((1,2,3,4,5,6,7,8,1))),$);
#2277=IFCARBITRARYCLOSEDPROFILEDEF(.AREA.,$,#2276);
#2278=IFCCARTESIANPOINT((-0.025000002235174179,-0.004999999888241291,0.));
#2279=IFCDIRECTION((0.,-1.,0.));
#2280=IFCDIRECTION((1.,0.,0.));
#2281=IFCAXIS2PLACEMENT3D(#2278,#2279,#2280);
#2282=IFCDIRECTION((0.,0.,-1.));
#2283=IFCEXTRUDEDAREASOLID(#2277,#2281,#2282,0.004999999888241291);
#2284=IFCCARTESIANPOINTLIST2D(((0.,0.),(0.,2.0250000022351742),(0.75543659180402756,2.0250000022351742),(0.75543659180402756,0.),(0.70543658919632435,0.),(0.70543658919632435,1.974999999627471),(0.050000002607703209,1.974999999627471),(0.050000002607703209,0.)));
#2285=IFCINDEXEDPOLYCURVE(#2284,(IFCLINEINDEX((1,2,3,4,5,6,7,8,1))),$);
#2286=IFCARBITRARYCLOSEDPROFILEDEF(.AREA.,$,#2285);
#2287=IFCCARTESIANPOINT((-0.025000002235174179,0.05000000074505806,0.));
#2288=IFCDIRECTION((0.,-1.,0.));
#2289=IFCDIRECTION((1.,0.,0.));
#2290=IFCAXIS2PLACEMENT3D(#2287,#2288,#2289);
#2291=IFCDIRECTION((0.,0.,-1.));
#2292=IFCEXTRUDEDAREASOLID(#2286,#2290,#2291,0.004999999888241291);
#2293=IFCCARTESIANPOINTLIST2D(((0.,0.),(0.65543658658862114,0.),(0.65543658658862114,0.035000000149011612),(0.,0.035000000149011612)));
#2294=IFCINDEXEDPOLYCURVE(#2293,(IFCLINEINDEX((1,2,3,4,1))),$);
#2295=IFCARBITRARYCLOSEDPROFILEDEF(.AREA.,$,#2294);
#2296=IFCCARTESIANPOINT((0.02500000037252903,0.02500000037252903,0.02500000037252903));
#2297=IFCDIRECTION((0.,0.,1.));
#2298=IFCDIRECTION((1.,0.,0.));
#2299=IFCAXIS2PLACEMENT3D(#2296,#2297,#2298);
#2300=IFCDIRECTION((0.,0.,1.));
#2301=IFCEXTRUDEDAREASOLID(#2295,#2299,#2300,1.9499999992549419);
#2302=IFCCARTESIANPOINTLIST2D(((0.,0.),(0.,-0.040000000000000001),(-0.11999999999999988,-0.040000000000000001),(-0.11999999999999988,-0.02),(-0.020000000000000018,-0.02),(-0.020000000000000018,0.)));
#2303=IFCINDEXEDPOLYCURVE(#2302,(IFCLINEINDEX((1,2,3,4,5,6,1))),$);
#2304=IFCARBITRARYCLOSEDPROFILEDEF(.AREA.,$,#2303);
#2305=IFCCARTESIANPOINT((0.63043658696115012,0.02500000037252903,1.015000000372529));
#2306=IFCDIRECTION((0.,0.,1.));
#2307=IFCDIRECTION((1.,0.,0.));
#2308=IFCAXIS2PLACEMENT3D(#2305,#2306,#2307);
#2309=IFCDIRECTION((0.,0.,1.));
#2310=IFCEXTRUDEDAREASOLID(#2304,#2308,#2309,0.02);
#2311=IFCEXTRUDEDAREASOLID(#2312,#2315,#2319,0.02);
#2312=IFCARBITRARYCLOSEDPROFILEDEF(.AREA.,$,#2313);
#2313=IFCINDEXEDPOLYCURVE(#2314,(IFCLINEINDEX((1,2,3,4,5,6,1))),$);
#2314=IFCCARTESIANPOINTLIST2D(((0.,0.),(0.,0.040000000000000008),(-0.11999999999999988,0.040000000000000008),(-0.11999999999999988,0.020000000000000004),(-0.020000000000000018,0.020000000000000004),(-0.020000000000000018,0.)));
#2315=IFCAXIS2PLACEMENT3D(#2316,#2317,#2318);
#2316=IFCCARTESIANPOINT((0.63043658696115012,0.060000000521540642,1.015000000372529));
#2317=IFCDIRECTION((0.,0.,1.));
#2318=IFCDIRECTION((1.,0.,0.));
#2319=IFCDIRECTION((0.,0.,1.));
#2363=IFCCARTESIANPOINTLIST2D(((0.,0.),(0.,2.),(0.7054365873336792,2.),(0.7054365873336792,0.),(0.68043658696115017,0.),(0.68043658696115017,1.974999999627471),(0.02500000037252903,1.974999999627471),(0.02500000037252903,0.)));
#2364=IFCINDEXEDPOLYCURVE(#2363,(IFCLINEINDEX((1,2,3,4,5,6,7,8,1))),$);
#2365=IFCARBITRARYCLOSEDPROFILEDEF(.AREA.,$,#2364);
#2366=IFCCARTESIANPOINT((0.,0.02500000037252903,0.));
#2367=IFCDIRECTION((0.,-1.,0.));
#2368=IFCDIRECTION((1.,0.,0.));
#2369=IFCAXIS2PLACEMENT3D(#2366,#2367,#2368);
#2370=IFCDIRECTION((0.,0.,-1.));
#2371=IFCEXTRUDEDAREASOLID(#2365,#2369,#2370,0.02500000037252903);
#2372=IFCCARTESIANPOINTLIST2D(((0.,0.),(0.,2.),(0.7054365873336792,2.),(0.7054365873336792,0.),(0.65543658658862114,0.),(0.65543658658862114,1.9499999992549419),(0.05000000074505806,1.9499999992549419),(0.05000000074505806,0.)));
#2373=IFCINDEXEDPOLYCURVE(#2372,(IFCLINEINDEX((1,2,3,4,5,6,7,8,1))),$);
#2374=IFCARBITRARYCLOSEDPROFILEDEF(.AREA.,$,#2373);
#2375=IFCCARTESIANPOINT((0.,0.,0.));
#2376=IFCDIRECTION((0.,-1.,0.));
#2377=IFCDIRECTION((1.,0.,0.));
#2378=IFCAXIS2PLACEMENT3D(#2375,#2376,#2377);
#2379=IFCDIRECTION((0.,0.,-1.));
#2380=IFCEXTRUDEDAREASOLID(#2374,#2378,#2379,0.02500000037252903);
#2381=IFCCARTESIANPOINTLIST2D(((0.,0.),(0.60543658584356308,0.),(0.60543658584356308,0.10000000149011612),(0.,0.10000000149011612)));
#2382=IFCINDEXEDPOLYCURVE(#2381,(IFCLINEINDEX((1,2,3,4,1))),$);
#2383=IFCARBITRARYCLOSEDPROFILEDEF(.AREA.,$,#2382);
#2384=IFCCARTESIANPOINT((0.05000000074505806,0.,0.));
#2385=IFCDIRECTION((0.,0.,1.));
#2386=IFCDIRECTION((1.,0.,0.));
#2387=IFCAXIS2PLACEMENT3D(#2384,#2385,#2386);
#2388=IFCDIRECTION((0.,0.,1.));
#2389=IFCEXTRUDEDAREASOLID(#2383,#2387,#2388,0.02500000037252903);
#2390=IFCCARTESIANPOINTLIST2D(((0.,0.),(0.,2.0250000022351742),(0.75543659180402756,2.0250000022351742),(0.75543659180402756,0.),(0.68043658882379532,0.),(0.68043658882379532,1.9499999992549419),(0.075000002980232239,1.9499999992549419),(0.075000002980232239,0.)));
#2391=IFCINDEXEDPOLYCURVE(#2390,(IFCLINEINDEX((1,2,3,4,5,6,7,8,1))),$);
#2392=IFCARBITRARYCLOSEDPROFILEDEF(.AREA.,$,#2391);
#2393=IFCCARTESIANPOINT((-0.025000002235174179,-0.004999999888241291,0.));
#2394=IFCDIRECTION((0.,-1.,0.));
#2395=IFCDIRECTION((1.,0.,0.));
#2396=IFCAXIS2PLACEMENT3D(#2393,#2394,#2395);
#2397=IFCDIRECTION((0.,0.,-1.));
#2398=IFCEXTRUDEDAREASOLID(#2392,#2396,#2397,0.004999999888241291);
#2399=IFCCARTESIANPOINTLIST2D(((0.,0.),(0.,2.0250000022351742),(0.75543659180402756,2.0250000022351742),(0.75543659180402756,0.),(0.70543658919632435,0.),(0.70543658919632435,1.974999999627471),(0.050000002607703209,1.974999999627471),(0.050000002607703209,0.)));
#2400=IFCINDEXEDPOLYCURVE(#2399,(IFCLINEINDEX((1,2,3,4,5,6,7,8,1))),$);
#2401=IFCARBITRARYCLOSEDPROFILEDEF(.AREA.,$,#2400);
#2402=IFCCARTESIANPOINT((-0.025000002235174179,0.05000000074505806,0.));
#2403=IFCDIRECTION((0.,-1.,0.));
#2404=IFCDIRECTION((1.,0.,0.));
#2405=IFCAXIS2PLACEMENT3D(#2402,#2403,#2404);
#2406=IFCDIRECTION((0.,0.,-1.));
#2407=IFCEXTRUDEDAREASOLID(#2401,#2405,#2406,0.004999999888241291);
#2408=IFCCARTESIANPOINTLIST2D(((0.,0.),(0.65543658658862114,0.),(0.65543658658862114,0.035000000149011612),(0.,0.035000000149011612)));
#2409=IFCINDEXEDPOLYCURVE(#2408,(IFCLINEINDEX((1,2,3,4,1))),$);
#2410=IFCARBITRARYCLOSEDPROFILEDEF(.AREA.,$,#2409);
#2411=IFCCARTESIANPOINT((0.02500000037252903,0.02500000037252903,0.02500000037252903));
#2412=IFCDIRECTION((0.,0.,1.));
#2413=IFCDIRECTION((1.,0.,0.));
#2414=IFCAXIS2PLACEMENT3D(#2411,#2412,#2413);
#2415=IFCDIRECTION((0.,0.,1.));
#2416=IFCEXTRUDEDAREASOLID(#2410,#2414,#2415,1.9499999992549419);
#2417=IFCCARTESIANPOINTLIST2D(((0.,0.),(0.,-0.040000000000000001),(-0.11999999999999988,-0.040000000000000001),(-0.11999999999999988,-0.02),(-0.020000000000000018,-0.02),(-0.020000000000000018,0.)));
#2418=IFCINDEXEDPOLYCURVE(#2417,(IFCLINEINDEX((1,2,3,4,5,6,1))),$);
#2419=IFCARBITRARYCLOSEDPROFILEDEF(.AREA.,$,#2418);
#2420=IFCCARTESIANPOINT((0.63043658696115012,0.02500000037252903,1.015000000372529));
#2421=IFCDIRECTION((0.,0.,1.));
#2422=IFCDIRECTION((1.,0.,0.));
#2423=IFCAXIS2PLACEMENT3D(#2420,#2421,#2422);
#2424=IFCDIRECTION((0.,0.,1.));
#2425=IFCEXTRUDEDAREASOLID(#2419,#2423,#2424,0.02);
#2426=IFCEXTRUDEDAREASOLID(#2427,#2430,#2434,0.02);
#2427=IFCARBITRARYCLOSEDPROFILEDEF(.AREA.,$,#2428);
#2428=IFCINDEXEDPOLYCURVE(#2429,(IFCLINEINDEX((1,2,3,4,5,6,1))),$);
#2429=IFCCARTESIANPOINTLIST2D(((0.,0.),(0.,0.040000000000000008),(-0.11999999999999988,0.040000000000000008),(-0.11999999999999988,0.020000000000000004),(-0.020000000000000018,0.020000000000000004),(-0.020000000000000018,0.)));
#2430=IFCAXIS2PLACEMENT3D(#2431,#2432,#2433);
#2431=IFCCARTESIANPOINT((0.63043658696115012,0.060000000521540642,1.015000000372529));
#2432=IFCDIRECTION((0.,0.,1.));
#2433=IFCDIRECTION((1.,0.,0.));
#2434=IFCDIRECTION((0.,0.,1.));
#2475=IFCCARTESIANPOINTLIST3D(((0.,0.,0.),(0.7054365873336792,0.,0.),(0.7054365873336792,0.,2.),(0.,0.,2.)));
#2476=IFCINDEXEDPOLYCURVE(#2475,(IFCLINEINDEX((1,2,3,4,1))),$);
#2477=IFCSHAPEREPRESENTATION(#18,'Profile','Curve3D',(#2476));
#2478=IFCCARTESIANPOINTLIST2D(((0.,0.),(0.,2.),(0.7054365873336792,2.),(0.7054365873336792,0.),(0.68043658696115017,0.),(0.68043658696115017,1.974999999627471),(0.02500000037252903,1.974999999627471),(0.02500000037252903,0.)));
#2479=IFCINDEXEDPOLYCURVE(#2478,(IFCLINEINDEX((1,2,3,4,5,6,7,8,1))),$);
#2480=IFCARBITRARYCLOSEDPROFILEDEF(.AREA.,$,#2479);
#2481=IFCCARTESIANPOINT((0.,0.02500000037252903,0.));
#2482=IFCDIRECTION((0.,-1.,0.));
#2483=IFCDIRECTION((1.,0.,0.));
#2484=IFCAXIS2PLACEMENT3D(#2481,#2482,#2483);
#2485=IFCDIRECTION((0.,0.,-1.));
#2486=IFCEXTRUDEDAREASOLID(#2480,#2484,#2485,0.02500000037252903);
#2487=IFCCARTESIANPOINTLIST2D(((0.,0.),(0.,2.),(0.7054365873336792,2.),(0.7054365873336792,0.),(0.65543658658862114,0.),(0.65543658658862114,1.9499999992549419),(0.05000000074505806,1.9499999992549419),(0.05000000074505806,0.)));
#2488=IFCINDEXEDPOLYCURVE(#2487,(IFCLINEINDEX((1,2,3,4,5,6,7,8,1))),$);
#2489=IFCARBITRARYCLOSEDPROFILEDEF(.AREA.,$,#2488);
#2490=IFCCARTESIANPOINT((0.,0.,0.));
#2491=IFCDIRECTION((0.,-1.,0.));
#2492=IFCDIRECTION((1.,0.,0.));
#2493=IFCAXIS2PLACEMENT3D(#2490,#2491,#2492);
#2494=IFCDIRECTION((0.,0.,-1.));
#2495=IFCEXTRUDEDAREASOLID(#2489,#2493,#2494,0.02500000037252903);
#2496=IFCCARTESIANPOINTLIST2D(((0.,0.),(0.60543658584356308,0.),(0.60543658584356308,0.10000000149011612),(0.,0.10000000149011612)));
#2497=IFCINDEXEDPOLYCURVE(#2496,(IFCLINEINDEX((1,2,3,4,1))),$);
#2498=IFCARBITRARYCLOSEDPROFILEDEF(.AREA.,$,#2497);
#2499=IFCCARTESIANPOINT((0.05000000074505806,0.,0.));
#2500=IFCDIRECTION((0.,0.,1.));
#2501=IFCDIRECTION((1.,0.,0.));
#2502=IFCAXIS2PLACEMENT3D(#2499,#2500,#2501);
#2503=IFCDIRECTION((0.,0.,1.));
#2504=IFCEXTRUDEDAREASOLID(#2498,#2502,#2503,0.02500000037252903);
#2505=IFCCARTESIANPOINTLIST2D(((0.,0.),(0.,2.0250000022351742),(0.75543659180402756,2.0250000022351742),(0.75543659180402756,0.),(0.68043658882379532,0.),(0.68043658882379532,1.9499999992549419),(0.075000002980232239,1.9499999992549419),(0.075000002980232239,0.)));
#2506=IFCINDEXEDPOLYCURVE(#2505,(IFCLINEINDEX((1,2,3,4,5,6,7,8,1))),$);
#2507=IFCARBITRARYCLOSEDPROFILEDEF(.AREA.,$,#2506);
#2508=IFCCARTESIANPOINT((-0.025000002235174179,-0.004999999888241291,0.));
#2509=IFCDIRECTION((0.,-1.,0.));
#2510=IFCDIRECTION((1.,0.,0.));
#2511=IFCAXIS2PLACEMENT3D(#2508,#2509,#2510);
#2512=IFCDIRECTION((0.,0.,-1.));
#2513=IFCEXTRUDEDAREASOLID(#2507,#2511,#2512,0.004999999888241291);
#2514=IFCCARTESIANPOINTLIST2D(((0.,0.),(0.,2.0250000022351742),(0.75543659180402756,2.0250000022351742),(0.75543659180402756,0.),(0.70543658919632435,0.),(0.70543658919632435,1.974999999627471),(0.050000002607703209,1.974999999627471),(0.050000002607703209,0.)));
#2515=IFCINDEXEDPOLYCURVE(#2514,(IFCLINEINDEX((1,2,3,4,5,6,7,8,1))),$);
#2516=IFCARBITRARYCLOSEDPROFILEDEF(.AREA.,$,#2515);
#2517=IFCCARTESIANPOINT((-0.025000002235174179,0.05000000074505806,0.));
#2518=IFCDIRECTION((0.,-1.,0.));
#2519=IFCDIRECTION((1.,0.,0.));
#2520=IFCAXIS2PLACEMENT3D(#2517,#2518,#2519);
#2521=IFCDIRECTION((0.,0.,-1.));
#2522=IFCEXTRUDEDAREASOLID(#2516,#2520,#2521,0.004999999888241291);
#2523=IFCCARTESIANPOINTLIST2D(((0.,0.),(0.65543658658862114,0.),(0.65543658658862114,0.035000000149011612),(0.,0.035000000149011612)));
#2524=IFCINDEXEDPOLYCURVE(#2523,(IFCLINEINDEX((1,2,3,4,1))),$);
#2525=IFCARBITRARYCLOSEDPROFILEDEF(.AREA.,$,#2524);
#2526=IFCCARTESIANPOINT((0.02500000037252903,0.02500000037252903,0.02500000037252903));
#2527=IFCDIRECTION((0.,0.,1.));
#2528=IFCDIRECTION((1.,0.,0.));
#2529=IFCAXIS2PLACEMENT3D(#2526,#2527,#2528);
#2530=IFCDIRECTION((0.,0.,1.));
#2531=IFCEXTRUDEDAREASOLID(#2525,#2529,#2530,1.9499999992549419);
#2532=IFCCARTESIANPOINTLIST2D(((0.,0.),(0.,-0.040000000000000001),(-0.11999999999999988,-0.040000000000000001),(-0.11999999999999988,-0.02),(-0.020000000000000018,-0.02),(-0.020000000000000018,0.)));
#2533=IFCINDEXEDPOLYCURVE(#2532,(IFCLINEINDEX((1,2,3,4,5,6,1))),$);
#2534=IFCARBITRARYCLOSEDPROFILEDEF(.AREA.,$,#2533);
#2535=IFCCARTESIANPOINT((0.63043658696115012,0.02500000037252903,1.015000000372529));
#2536=IFCDIRECTION((0.,0.,1.));
#2537=IFCDIRECTION((1.,0.,0.));
#2538=IFCAXIS2PLACEMENT3D(#2535,#2536,#2537);
#2539=IFCDIRECTION((0.,0.,1.));
#2540=IFCEXTRUDEDAREASOLID(#2534,#2538,#2539,0.02);
#2541=IFCEXTRUDEDAREASOLID(#2542,#2545,#2549,0.02);
#2542=IFCARBITRARYCLOSEDPROFILEDEF(.AREA.,$,#2543);
#2543=IFCINDEXEDPOLYCURVE(#2544,(IFCLINEINDEX((1,2,3,4,5,6,1))),$);
#2544=IFCCARTESIANPOINTLIST2D(((0.,0.),(0.,0.040000000000000008),(-0.11999999999999988,0.040000000000000008),(-0.11999999999999988,0.020000000000000004),(-0.020000000000000018,0.020000000000000004),(-0.020000000000000018,0.)));
#2545=IFCAXIS2PLACEMENT3D(#2546,#2547,#2548);
#2546=IFCCARTESIANPOINT((0.63043658696115012,0.060000000521540642,1.015000000372529));
#2547=IFCDIRECTION((0.,0.,1.));
#2548=IFCDIRECTION((1.,0.,0.));
#2549=IFCDIRECTION((0.,0.,1.));
#2550=IFCSHAPEREPRESENTATION(#11,'Body','SweptSolid',(#2486,#2495,#2531,#2540,#2541,#2504,#2513,#2522));
#2551=IFCCARTESIANPOINTLIST2D(((0.,0.),(0.,0.05000000074505806),(0.02500000037252903,0.05000000074505806),(0.02500000037252903,0.02500000037252903),(0.05000000074505806,0.02500000037252903),(0.05000000074505806,0.)));
#2552=IFCINDEXEDPOLYCURVE(#2551,(IFCLINEINDEX((1,2,3,4,5,6,1))),$);
#2553=IFCINDEXEDPOLYCURVE(#2554,(IFCLINEINDEX((1,2,3,4,5,6,1))),$);
#2554=IFCCARTESIANPOINTLIST2D(((0.7054365873336792,0.),(0.7054365873336792,0.05000000074505806),(0.68043658696115017,0.05000000074505806),(0.68043658696115017,0.02500000037252903),(0.65543658658862114,0.02500000037252903),(0.65543658658862114,0.)));
#2555=IFCDIRECTION((1.,0.));
#2556=IFCCARTESIANPOINT((0.060000000521540642,0.05000000074505806));
#2557=IFCAXIS2PLACEMENT2D(#2556,#2555);
#2558=IFCELLIPSE(#2557,0.62043658643960953,0.65543658658862114);
#2559=IFCCARTESIANPOINT((0.68043658696115017,0.05000000074505806));
#2560=IFCCARTESIANPOINT((0.060000000521540642,0.7054365873336792));
#2561=IFCTRIMMEDCURVE(#2558,(#2559),(#2560),.T.,.CARTESIAN.);
#2562=IFCCARTESIANPOINTLIST2D(((0.02500000037252903,0.05000000074505806),(0.060000000521540642,0.05000000074505806),(0.060000000521540642,0.7054365873336792),(0.02500000037252903,0.7054365873336792)));
#2563=IFCINDEXEDPOLYCURVE(#2562,(IFCLINEINDEX((1,2,3,4,1))),$);
#2564=IFCSHAPEREPRESENTATION(#24,'Body','Curve2D',(#2552,#2553,#2561,#2563));
#2565=IFCCARTESIANPOINTLIST2D(((0.,0.),(0.7054365873336792,0.),(0.7054365873336792,2.),(0.,2.)));
#2566=IFCINDEXEDPOLYCURVE(#2565,(IFCLINEINDEX((1,2,3,4,1))),$);
#2567=IFCARBITRARYCLOSEDPROFILEDEF(.AREA.,$,#2566);
#2568=IFCCARTESIANPOINT((0.,-0.60000002384185791,0.));
#2569=IFCDIRECTION((0.,-1.,0.));
#2570=IFCDIRECTION((1.,0.,0.));
#2571=IFCAXIS2PLACEMENT3D(#2568,#2569,#2570);
#2572=IFCDIRECTION((0.,0.,-1.));
#2573=IFCEXTRUDEDAREASOLID(#2567,#2571,#2572,1.2);
#2574=IFCSHAPEREPRESENTATION(#11,'Body','SweptSolid',(#2573));
#2580=IFCCARTESIANPOINT((0.072088238656542014,0.014999999730983538,0.));
#2581=IFCDIRECTION((0.,0.,1.));
#2582=IFCDIRECTION((0.99999999999999289,-1.1920928955077312E-07,0.));
#2583=IFCAXIS2PLACEMENT3D(#2580,#2581,#2582);
#2584=IFCLOCALPLACEMENT(#792,#2583);
#2585=IFCCARTESIANPOINT((4.4408920985006262E-16,-2.2204460492503131E-16,0.));
#2586=IFCDIRECTION((0.,0.,1.));
#2587=IFCDIRECTION((0.99999999999999989,0.,0.));
#2588=IFCAXIS2PLACEMENT3D(#2585,#2586,#2587);
#2589=IFCLOCALPLACEMENT(#2584,#2588);
#2590=IFCDOORTYPE('0fGOp27gPF$vvKnt75nlMp',$,'Maids-GF',$,$,(#2591),(#2593,#2601,#2679,#3170),$,$,.DOOR.,.SINGLE_SWING_LEFT.,$,$);
#2591=IFCPROPERTYSET('2ZG6Rp$HLCDRS4lienxLm5',$,'BBIM_Door',$,(#2592));
#2592=IFCPROPERTYSINGLEVALUE('Data',$,IFCTEXT('{"door_type": "SLIDING_TO_RIGHT", "overall_height": 2.0, "overall_width": 1.6585674285888672, "lining_properties": {"lining_depth": 0.05000000074505806, "lining_thickness": 0.05000000074505806, "lining_offset": 0.0, "transom_thickness": 0.0, "casing_thickness": 0.07500000298023224, "casing_depth": 0.004999999888241291, "threshold_thickness": 0.02500000037252903, "threshold_depth": 0.10000000149011612, "threshold_offset": 0.0}, "panel_properties": {"panel_depth": 0.03500000014901161, "panel_width_ratio": 1.0}}'),$);
#2593=IFCREPRESENTATIONMAP(#2594,#3085);
#2594=IFCAXIS2PLACEMENT3D(#2595,#2596,#2597);
#2595=IFCCARTESIANPOINT((0.,0.,0.));
#2596=IFCDIRECTION((0.,0.,1.));
#2597=IFCDIRECTION((1.,0.,0.));
#2601=IFCREPRESENTATIONMAP(#2602,#3149);
#2602=IFCAXIS2PLACEMENT3D(#2603,#2604,#2605);
#2603=IFCCARTESIANPOINT((0.,0.,0.));
#2604=IFCDIRECTION((0.,0.,1.));
#2605=IFCDIRECTION((1.,0.,0.));
#2679=IFCREPRESENTATIONMAP(#2680,#3160);
#2680=IFCAXIS2PLACEMENT3D(#2681,#2682,#2683);
#2681=IFCCARTESIANPOINT((0.,0.,0.));
#2682=IFCDIRECTION((0.,0.,1.));
#2683=IFCDIRECTION((1.,0.,0.));
#2763=IFCDOOR('36XysP7$P7Nv90Vy0ldnku',$,'Door',$,$,#3202,#2772,$,2.,1.6585674285888672,$,.SLIDING_TO_RIGHT.,$);
#2764=IFCRELDEFINESBYTYPE('0GX6GzFVvF5OSp9PaJZnVc',$,$,$,(#2763),#2590);
#2765=IFCCARTESIANPOINT((0.,0.,0.));
#2766=IFCDIRECTION((1.,0.,0.));
#2767=IFCDIRECTION((0.,1.,0.));
#2768=IFCDIRECTION((0.,0.,1.));
#2769=IFCCARTESIANTRANSFORMATIONOPERATOR3D(#2766,#2767,#2765,1.,#2768);
#2770=IFCMAPPEDITEM(#2593,#2769);
#2771=IFCSHAPEREPRESENTATION(#18,'Profile','MappedRepresentation',(#2770));
#2772=IFCPRODUCTDEFINITIONSHAPE($,$,(#2771,#2779,#2786,#3177));
#2773=IFCCARTESIANPOINT((0.,0.,0.));
#2774=IFCDIRECTION((1.,0.,0.));
#2775=IFCDIRECTION((0.,1.,0.));
#2776=IFCDIRECTION((0.,0.,1.));
#2777=IFCCARTESIANTRANSFORMATIONOPERATOR3D(#2774,#2775,#2773,1.,#2776);
#2778=IFCMAPPEDITEM(#2601,#2777);
#2779=IFCSHAPEREPRESENTATION(#11,'Body','MappedRepresentation',(#2778));
#2780=IFCCARTESIANPOINT((0.,0.,0.));
#2781=IFCDIRECTION((1.,0.,0.));
#2782=IFCDIRECTION((0.,1.,0.));
#2783=IFCDIRECTION((0.,0.,1.));
#2784=IFCCARTESIANTRANSFORMATIONOPERATOR3D(#2781,#2782,#2780,1.,#2783);
#2785=IFCMAPPEDITEM(#2679,#2784);
#2786=IFCSHAPEREPRESENTATION(#24,'Body','MappedRepresentation',(#2785));
#2787=IFCOPENINGELEMENT('2nxMJyXQrC98VaQScSDEQt',$,'Opening',$,$,#3197,#2815,$,.OPENING.);
#2803=IFCCARTESIANPOINT((0.,0.,0.));
#2804=IFCDIRECTION((1.,0.,0.));
#2805=IFCDIRECTION((0.,0.,1.));
#2806=IFCAXIS2PLACEMENT3D(#2803,#2805,#2804);
#2807=IFCREPRESENTATIONMAP(#2806,#3187);
#2808=IFCCARTESIANPOINT((0.,0.,0.));
#2809=IFCDIRECTION((1.,0.,0.));
#2810=IFCDIRECTION((0.,1.,0.));
#2811=IFCDIRECTION((0.,0.,1.));
#2812=IFCCARTESIANTRANSFORMATIONOPERATOR3D(#2809,#2810,#2808,1.,#2811);
#2813=IFCMAPPEDITEM(#2807,#2812);
#2814=IFCSHAPEREPRESENTATION(#11,'Body','MappedRepresentation',(#2813));
#2815=IFCPRODUCTDEFINITIONSHAPE($,$,(#2814));
#2816=IFCRELVOIDSELEMENT('2lpbAMX0jAtRDfE0pwtPAG',$,$,$,#845,#2787);
#2822=IFCRELFILLSELEMENT('1cQrgX3IPBfhUDo7kVuKGF',$,$,$,#2787,#2763);
#3083=IFCCARTESIANPOINTLIST3D(((0.,0.,0.),(1.6585674285888672,0.,0.),(1.6585674285888672,0.,2.),(0.,0.,2.)));
#3084=IFCINDEXEDPOLYCURVE(#3083,(IFCLINEINDEX((1,2,3,4,1))),$);
#3085=IFCSHAPEREPRESENTATION(#18,'Profile','Curve3D',(#3084));
#3086=IFCCARTESIANPOINTLIST2D(((0.,0.),(0.,2.),(1.6585674285888672,2.),(1.6585674285888672,0.),(1.6085674278438091,0.),(1.6085674278438091,1.9499999992549419),(0.05000000074505806,1.9499999992549419),(0.05000000074505806,0.)));
#3087=IFCINDEXEDPOLYCURVE(#3086,(IFCLINEINDEX((1,2,3,4,5,6,7,8,1))),$);
#3088=IFCARBITRARYCLOSEDPROFILEDEF(.AREA.,$,#3087);
#3089=IFCCARTESIANPOINT((0.,0.,0.));
#3090=IFCDIRECTION((0.,-1.,0.));
#3091=IFCDIRECTION((1.,0.,0.));
#3092=IFCAXIS2PLACEMENT3D(#3089,#3090,#3091);
#3093=IFCDIRECTION((0.,0.,-1.));
#3094=IFCEXTRUDEDAREASOLID(#3088,#3092,#3093,0.05000000074505806);
#3095=IFCCARTESIANPOINTLIST2D(((0.,0.),(1.5585674270987511,0.),(1.5585674270987511,0.10000000149011612),(0.,0.10000000149011612)));
#3096=IFCINDEXEDPOLYCURVE(#3095,(IFCLINEINDEX((1,2,3,4,1))),$);
#3097=IFCARBITRARYCLOSEDPROFILEDEF(.AREA.,$,#3096);
#3098=IFCCARTESIANPOINT((0.05000000074505806,0.,0.));
#3099=IFCDIRECTION((0.,0.,1.));
#3100=IFCDIRECTION((1.,0.,0.));
#3101=IFCAXIS2PLACEMENT3D(#3098,#3099,#3100);
#3102=IFCDIRECTION((0.,0.,1.));
#3103=IFCEXTRUDEDAREASOLID(#3097,#3101,#3102,0.02500000037252903);
#3104=IFCCARTESIANPOINTLIST2D(((0.,0.),(0.,2.0250000022351742),(1.7085674330592155,2.0250000022351742),(1.7085674330592155,0.),(1.6335674300789833,0.),(1.6335674300789833,1.9499999992549419),(0.075000002980232239,1.9499999992549419),(0.075000002980232239,0.)));
#3105=IFCINDEXEDPOLYCURVE(#3104,(IFCLINEINDEX((1,2,3,4,5,6,7,8,1))),$);
#3106=IFCARBITRARYCLOSEDPROFILEDEF(.AREA.,$,#3105);
#3107=IFCCARTESIANPOINT((-0.025000002235174179,-0.004999999888241291,0.));
#3108=IFCDIRECTION((0.,-1.,0.));
#3109=IFCDIRECTION((1.,0.,0.));
#3110=IFCAXIS2PLACEMENT3D(#3107,#3108,#3109);
#3111=IFCDIRECTION((0.,0.,-1.));
#3112=IFCEXTRUDEDAREASOLID(#3106,#3110,#3111,0.004999999888241291);
#3113=IFCCARTESIANPOINTLIST2D(((0.,0.),(0.,2.0250000022351742),(1.7085674330592155,2.0250000022351742),(1.7085674330592155,0.),(1.6335674300789833,0.),(1.6335674300789833,1.9499999992549419),(0.075000002980232239,1.9499999992549419),(0.075000002980232239,0.)));
#3114=IFCINDEXEDPOLYCURVE(#3113,(IFCLINEINDEX((1,2,3,4,5,6,7,8,1))),$);
#3115=IFCARBITRARYCLOSEDPROFILEDEF(.AREA.,$,#3114);
#3116=IFCCARTESIANPOINT((-0.025000002235174179,0.05000000074505806,0.));
#3117=IFCDIRECTION((0.,-1.,0.));
#3118=IFCDIRECTION((1.,0.,0.));
#3119=IFCAXIS2PLACEMENT3D(#3116,#3117,#3118);
#3120=IFCDIRECTION((0.,0.,-1.));
#3121=IFCEXTRUDEDAREASOLID(#3115,#3119,#3120,0.004999999888241291);
#3122=IFCCARTESIANPOINTLIST2D(((0.,0.),(1.5585674270987511,0.),(1.5585674270987511,0.035000000149011612),(0.,0.035000000149011612)));
#3123=IFCINDEXEDPOLYCURVE(#3122,(IFCLINEINDEX((1,2,3,4,1))),$);
#3124=IFCARBITRARYCLOSEDPROFILEDEF(.AREA.,$,#3123);
#3125=IFCCARTESIANPOINT((0.05000000074505806,-0.035000000149011612,0.02500000037252903));
#3126=IFCDIRECTION((0.,0.,1.));
#3127=IFCDIRECTION((1.,0.,0.));
#3128=IFCAXIS2PLACEMENT3D(#3125,#3126,#3127);
#3129=IFCDIRECTION((0.,0.,1.));
#3130=IFCEXTRUDEDAREASOLID(#3124,#3128,#3129,1.9249999988824129);
#3131=IFCCARTESIANPOINTLIST2D(((0.,0.),(0.,-0.040000000000000001),(0.12,-0.040000000000000001),(0.12,-0.02),(0.02,-0.02),(0.02,0.)));
#3132=IFCINDEXEDPOLYCURVE(#3131,(IFCLINEINDEX((1,2,3,4,5,6,1))),$);
#3133=IFCARBITRARYCLOSEDPROFILEDEF(.AREA.,$,#3132);
#3134=IFCCARTESIANPOINT((0.10000000074505806,-0.035000000149011612,1.015000000372529));
#3135=IFCDIRECTION((0.,0.,1.));
#3136=IFCDIRECTION((1.,0.,0.));
#3137=IFCAXIS2PLACEMENT3D(#3134,#3135,#3136);
#3138=IFCDIRECTION((0.,0.,1.));
#3139=IFCEXTRUDEDAREASOLID(#3133,#3137,#3138,0.02);
#3140=IFCEXTRUDEDAREASOLID(#3141,#3144,#3148,0.02);
#3141=IFCARBITRARYCLOSEDPROFILEDEF(.AREA.,$,#3142);
#3142=IFCINDEXEDPOLYCURVE(#3143,(IFCLINEINDEX((1,2,3,4,5,6,1))),$);
#3143=IFCCARTESIANPOINTLIST2D(((0.,0.),(0.,0.040000000000000008),(0.11999999999999998,0.040000000000000008),(0.11999999999999998,0.020000000000000004),(0.020000000000000004,0.020000000000000004),(0.020000000000000004,0.)));
#3144=IFCAXIS2PLACEMENT3D(#3145,#3146,#3147);
#3145=IFCCARTESIANPOINT((0.10000000074505806,0.,1.015000000372529));
#3146=IFCDIRECTION((0.,0.,1.));
#3147=IFCDIRECTION((1.,0.,0.));
#3148=IFCDIRECTION((0.,0.,1.));
#3149=IFCSHAPEREPRESENTATION(#11,'Body','SweptSolid',(#3094,#3130,#3139,#3140,#3103,#3112,#3121));
#3150=IFCSHAPEREPRESENTATION(#11,'Body','SweptSolid',(#3094,#3103,#3112,#3121));
#3151=IFCSHAPEASPECT((#3150),'Lining',$,.T.,#2772);
#3152=IFCSHAPEREPRESENTATION(#11,'Body','SweptSolid',(#3130,#3139,#3140));
#3153=IFCSHAPEASPECT((#3152),'Framing',$,.T.,#2772);
#3154=IFCCARTESIANPOINTLIST2D(((0.,0.),(0.05000000074505806,0.),(0.05000000074505806,0.05000000074505806),(0.,0.05000000074505806)));
#3155=IFCINDEXEDPOLYCURVE(#3154,(IFCLINEINDEX((1,2,3,4,1))),$);
#3156=IFCINDEXEDPOLYCURVE(#3157,(IFCLINEINDEX((1,2,3,4,1))),$);
#3157=IFCCARTESIANPOINTLIST2D(((1.6585674285888672,0.),(1.6085674278438091,0.),(1.6085674278438091,0.05000000074505806),(1.6585674285888672,0.05000000074505806)));
#3158=IFCCARTESIANPOINTLIST2D(((2.3878511413931847,-0.035000000149011612),(0.82928371429443359,-0.035000000149011612),(0.82928371429443359,0.),(2.3878511413931847,0.)));
#3159=IFCINDEXEDPOLYCURVE(#3158,(IFCLINEINDEX((1,2,3,4,1))),$);
#3160=IFCSHAPEREPRESENTATION(#24,'Body','Curve2D',(#3155,#3156,#3159));
#3161=IFCCARTESIANPOINTLIST2D(((0.59549860022962087,-0.081587428267465345),(1.0630688283592462,-0.081587428267465345)));
#3162=IFCINDEXEDPOLYCURVE(#3161,$,$);
#3163=IFCCARTESIANPOINTLIST2D(((0.62549860022962089,-0.050529142855162856),(0.59549860022962087,-0.081587428267465345),(0.62549860022962089,-0.11264571367976783)));
#3164=IFCINDEXEDPOLYCURVE(#3163,$,$);
#3165=IFCSHAPEREPRESENTATION(#25,'Annotation','Curve2D',(#3162,#3164));
#3166=IFCCARTESIANPOINT((0.,0.,0.));
#3167=IFCDIRECTION((1.,0.,0.));
#3168=IFCDIRECTION((0.,0.,1.));
#3169=IFCAXIS2PLACEMENT3D(#3166,#3168,#3167);
#3170=IFCREPRESENTATIONMAP(#3169,#3165);
#3171=IFCCARTESIANPOINT((0.,0.,0.));
#3172=IFCDIRECTION((1.,0.,0.));
#3173=IFCDIRECTION((0.,1.,0.));
#3174=IFCDIRECTION((0.,0.,1.));
#3175=IFCCARTESIANTRANSFORMATIONOPERATOR3D(#3172,#3173,#3171,1.,#3174);
#3176=IFCMAPPEDITEM(#3170,#3175);
#3177=IFCSHAPEREPRESENTATION(#25,'Annotation','MappedRepresentation',(#3176));
#3178=IFCCARTESIANPOINTLIST2D(((0.,0.),(1.6585674285888672,0.),(1.6585674285888672,2.),(0.,2.)));
#3179=IFCINDEXEDPOLYCURVE(#3178,(IFCLINEINDEX((1,2,3,4,1))),$);
#3180=IFCARBITRARYCLOSEDPROFILEDEF(.AREA.,$,#3179);
#3181=IFCCARTESIANPOINT((0.,-0.60000002384185791,0.));
#3182=IFCDIRECTION((0.,-1.,0.));
#3183=IFCDIRECTION((1.,0.,0.));
#3184=IFCAXIS2PLACEMENT3D(#3181,#3182,#3183);
#3185=IFCDIRECTION((0.,0.,-1.));
#3186=IFCEXTRUDEDAREASOLID(#3180,#3184,#3185,1.2);
#3187=IFCSHAPEREPRESENTATION(#11,'Body','SweptSolid',(#3186));
#3193=IFCCARTESIANPOINT((0.058949548719457123,0.075000309058037118,0.));
#3194=IFCDIRECTION((0.,0.,1.));
#3195=IFCDIRECTION((0.99999999999988631,-4.7683715820291007E-07,0.));
#3196=IFCAXIS2PLACEMENT3D(#3193,#3194,#3195);
#3197=IFCLOCALPLACEMENT(#1065,#3196);
#3198=IFCCARTESIANPOINT((-1.1102230246251565E-16,4.4408920985006262E-16,0.));
#3199=IFCDIRECTION((0.,0.,1.));
#3200=IFCDIRECTION((1.,1.0587911840678754E-22,0.));
#3201=IFCAXIS2PLACEMENT3D(#3198,#3199,#3200);
#3202=IFCLOCALPLACEMENT(#3197,#3201);
#3347=IFCWINDOWTYPE('1ZKMUOekX1Efx2gn7HqQmt',$,'Living-GF',$,$,(#3348),(#3357,#3405,#3427),$,$,.WINDOW.,.SINGLE_PANEL.,$,$);
#3348=IFCPROPERTYSET('1emb3Wgxz3jBbXM2vMuPMr',$,'BBIM_Window',$,(#3349));
#3349=IFCPROPERTYSINGLEVALUE('Data',$,IFCTEXT('{"window_type": "SINGLE_PANEL", "overall_height": 0.8999999761581421, "overall_width": 0.8035346269607544, "lining_properties": {"lining_depth": 0.05000000074505806, "lining_thickness": 0.05000000074505806, "lining_offset": 0.05000000074505806, "lining_to_panel_offset_x": 0.02500000037252903, "lining_to_panel_offset_y": 0.02500000037252903}, "panel_properties": {"frame_depth": [0.03500000014901161, 0.03500000014901161, 0.03500000014901161], "frame_thickness": [0.03500000014901161, 0.03500000014901161, 0.03500000014901161]}}'),$);
#3353=IFCCARTESIANPOINT((0.,0.,0.));
#3354=IFCDIRECTION((1.,0.,0.));
#3355=IFCDIRECTION((0.,0.,1.));
#3356=IFCAXIS2PLACEMENT3D(#3353,#3355,#3354);
#3357=IFCREPRESENTATIONMAP(#3356,#3604);
#3401=IFCCARTESIANPOINT((0.,0.,0.));
#3402=IFCDIRECTION((1.,0.,0.));
#3403=IFCDIRECTION((0.,0.,1.));
#3404=IFCAXIS2PLACEMENT3D(#3401,#3403,#3402);
#3405=IFCREPRESENTATIONMAP(#3404,#3647);
#3423=IFCCARTESIANPOINT((0.,0.,0.));
#3424=IFCDIRECTION((1.,0.,0.));
#3425=IFCDIRECTION((0.,0.,1.));
#3426=IFCAXIS2PLACEMENT3D(#3423,#3425,#3424);
#3427=IFCREPRESENTATIONMAP(#3426,#3664);
#3428=IFCWINDOW('3jkYQMn2X6jx1nJvqBX6oG',$,'Window',$,$,#5210,#3437,$,0.89999997615814209,0.80353462696075439,$,.SINGLE_PANEL.,$);
#3429=IFCRELDEFINESBYTYPE('1chll5RW14PPscekFco1Ly',$,$,$,(#3428),#3347);
#3430=IFCCARTESIANPOINT((0.,0.,0.));
#3431=IFCDIRECTION((1.,0.,0.));
#3432=IFCDIRECTION((0.,1.,0.));
#3433=IFCDIRECTION((0.,0.,1.));
#3434=IFCCARTESIANTRANSFORMATIONOPERATOR3D(#3431,#3432,#3430,1.,#3433);
#3435=IFCMAPPEDITEM(#3357,#3434);
#3436=IFCSHAPEREPRESENTATION(#18,'Profile','MappedRepresentation',(#3435));
#3437=IFCPRODUCTDEFINITIONSHAPE($,$,(#3436,#3444,#3451));
#3438=IFCCARTESIANPOINT((0.,0.,0.));
#3439=IFCDIRECTION((1.,0.,0.));
#3440=IFCDIRECTION((0.,1.,0.));
#3441=IFCDIRECTION((0.,0.,1.));
#3442=IFCCARTESIANTRANSFORMATIONOPERATOR3D(#3439,#3440,#3438,1.,#3441);
#3443=IFCMAPPEDITEM(#3405,#3442);
#3444=IFCSHAPEREPRESENTATION(#11,'Body','MappedRepresentation',(#3443));
#3445=IFCCARTESIANPOINT((0.,0.,0.));
#3446=IFCDIRECTION((1.,0.,0.));
#3447=IFCDIRECTION((0.,1.,0.));
#3448=IFCDIRECTION((0.,0.,1.));
#3449=IFCCARTESIANTRANSFORMATIONOPERATOR3D(#3446,#3447,#3445,1.,#3448);
#3450=IFCMAPPEDITEM(#3427,#3449);
#3451=IFCSHAPEREPRESENTATION(#24,'Body','MappedRepresentation',(#3450));
#3452=IFCOPENINGELEMENT('1kh9Yk4Q91Wv3FF9cq5IWq',$,'Opening',$,$,#3714,#3480,$,.OPENING.);
#3468=IFCCARTESIANPOINT((0.,0.,0.));
#3469=IFCDIRECTION((1.,0.,0.));
#3470=IFCDIRECTION((0.,0.,1.));
#3471=IFCAXIS2PLACEMENT3D(#3468,#3470,#3469);
#3472=IFCREPRESENTATIONMAP(#3471,#3674);
#3473=IFCCARTESIANPOINT((0.,0.,0.));
#3474=IFCDIRECTION((1.,0.,0.));
#3475=IFCDIRECTION((0.,1.,0.));
#3476=IFCDIRECTION((0.,0.,1.));
#3477=IFCCARTESIANTRANSFORMATIONOPERATOR3D(#3474,#3475,#3473,1.,#3476);
#3478=IFCMAPPEDITEM(#3472,#3477);
#3479=IFCSHAPEREPRESENTATION(#11,'Body','MappedRepresentation',(#3478));
#3480=IFCPRODUCTDEFINITIONSHAPE($,$,(#3479));
#3481=IFCRELVOIDSELEMENT('2iTarLfev3q8yAteRCASQv',$,$,$,#127,#3452);
#3487=IFCRELFILLSELEMENT('27pCltkt17Qw$2AV1d5qNB',$,$,$,#3452,#3428);
#3496=IFCCARTESIANPOINTLIST2D(((0.,0.),(0.6465221643447876,0.),(0.6465221643447876,0.89999997615814209),(0.,0.89999997615814209)));
#3497=IFCINDEXEDPOLYCURVE(#3496,(IFCLINEINDEX((1,2,3,4,1))),$);
#3498=IFCCARTESIANPOINTLIST2D(((0.02500000037252903,0.02500000037252903),(0.62152216397225857,0.02500000037252903),(0.62152216397225857,0.87499997578561306),(0.02500000037252903,0.87499997578561306)));
#3499=IFCINDEXEDPOLYCURVE(#3498,(IFCLINEINDEX((1,2,3,4,1))),$);
#3500=IFCARBITRARYPROFILEDEFWITHVOIDS(.AREA.,$,#3497,(#3499));
#3501=IFCCARTESIANPOINT((0.,0.090000001713633537,0.));
#3502=IFCDIRECTION((0.,-1.,0.));
#3503=IFCDIRECTION((1.,0.,0.));
#3504=IFCAXIS2PLACEMENT3D(#3501,#3502,#3503);
#3505=IFCDIRECTION((0.,0.,-1.));
#3506=IFCEXTRUDEDAREASOLID(#3500,#3504,#3505,0.0099999997764825821);
#3507=IFCCARTESIANPOINTLIST2D(((0.,0.),(0.6465221643447876,0.),(0.6465221643447876,0.89999997615814209),(0.,0.89999997615814209)));
#3508=IFCINDEXEDPOLYCURVE(#3507,(IFCLINEINDEX((1,2,3,4,1))),$);
#3509=IFCCARTESIANPOINTLIST2D(((0.05000000074505806,0.05000000074505806),(0.59652216359972954,0.05000000074505806),(0.59652216359972954,0.84999997541308403),(0.05000000074505806,0.84999997541308403)));
#3510=IFCINDEXEDPOLYCURVE(#3509,(IFCLINEINDEX((1,2,3,4,1))),$);
#3511=IFCARBITRARYPROFILEDEFWITHVOIDS(.AREA.,$,#3508,(#3510));
#3512=IFCCARTESIANPOINT((0.,0.05000000074505806,0.));
#3513=IFCDIRECTION((0.,-1.,0.));
#3514=IFCDIRECTION((1.,0.,0.));
#3515=IFCAXIS2PLACEMENT3D(#3512,#3513,#3514);
#3516=IFCDIRECTION((0.,0.,-1.));
#3517=IFCEXTRUDEDAREASOLID(#3511,#3515,#3516,0.040000000968575478);
#3518=IFCCARTESIANPOINTLIST2D(((0.,0.),(0.59652216359972954,0.),(0.59652216359972954,0.84999997541308403),(0.,0.84999997541308403)));
#3519=IFCINDEXEDPOLYCURVE(#3518,(IFCLINEINDEX((1,2,3,4,1))),$);
#3520=IFCCARTESIANPOINTLIST2D(((0.035000000149011612,0.035000000149011612),(0.56152216345071793,0.035000000149011612),(0.56152216345071793,0.81499997526407242),(0.035000000149011612,0.81499997526407242)));
#3521=IFCINDEXEDPOLYCURVE(#3520,(IFCLINEINDEX((1,2,3,4,1))),$);
#3522=IFCARBITRARYPROFILEDEFWITHVOIDS(.AREA.,$,#3519,(#3521));
#3523=IFCCARTESIANPOINT((0.02500000037252903,0.090000001713633537,0.02500000037252903));
#3524=IFCDIRECTION((0.,-1.,0.));
#3525=IFCDIRECTION((1.,0.,0.));
#3526=IFCAXIS2PLACEMENT3D(#3523,#3524,#3525);
#3527=IFCDIRECTION((0.,0.,-1.));
#3528=IFCEXTRUDEDAREASOLID(#3522,#3526,#3527,0.035000000149011612);
#3529=IFCINDEXEDPOLYCURVE(#3530,(IFCLINEINDEX((1,2,3,4,1))),$);
#3530=IFCCARTESIANPOINTLIST2D(((0.035000000149011612,0.035000000149011612),(0.56152216345071793,0.035000000149011612),(0.56152216345071793,0.81499997526407242),(0.035000000149011612,0.81499997526407242)));
#3531=IFCARBITRARYCLOSEDPROFILEDEF(.AREA.,$,#3529);
#3532=IFCCARTESIANPOINT((0.02500000037252903,0.10250000178813934,0.02500000037252903));
#3533=IFCDIRECTION((0.,-1.,0.));
#3534=IFCDIRECTION((1.,0.,0.));
#3535=IFCAXIS2PLACEMENT3D(#3532,#3533,#3534);
#3536=IFCDIRECTION((0.,0.,-1.));
#3537=IFCEXTRUDEDAREASOLID(#3531,#3535,#3536,0.01);
#3539=IFCSHAPEREPRESENTATION(#11,'Body','SweptSolid',(#3615,#3517,#3626,#3506));
#3540=IFCSHAPEASPECT((#3539),'Lining',$,.T.,#3437);
#3541=IFCSHAPEREPRESENTATION(#11,'Body','SweptSolid',(#3637,#3528));
#3542=IFCSHAPEASPECT((#3541),'Framing',$,.T.,#3437);
#3543=IFCSHAPEREPRESENTATION(#11,'Body','SweptSolid',(#3537,#3646));
#3544=IFCSHAPEASPECT((#3543),'Glazing',$,.T.,#3437);
#3602=IFCCARTESIANPOINTLIST3D(((0.,0.,0.),(0.80353462696075439,0.,0.),(0.80353462696075439,0.,0.89999997615814209),(0.,0.,0.89999997615814209)));
#3603=IFCINDEXEDPOLYCURVE(#3602,(IFCLINEINDEX((1,2,3,4,1))),$);
#3604=IFCSHAPEREPRESENTATION(#18,'Profile','Curve3D',(#3603));
#3605=IFCCARTESIANPOINTLIST2D(((0.,0.),(0.80353462696075439,0.),(0.80353462696075439,0.89999997615814209),(0.,0.89999997615814209)));
#3606=IFCINDEXEDPOLYCURVE(#3605,(IFCLINEINDEX((1,2,3,4,1))),$);
#3607=IFCCARTESIANPOINTLIST2D(((0.02500000037252903,0.02500000037252903),(0.77853462658822536,0.02500000037252903),(0.77853462658822536,0.87499997578561306),(0.02500000037252903,0.87499997578561306)));
#3608=IFCINDEXEDPOLYCURVE(#3607,(IFCLINEINDEX((1,2,3,4,1))),$);
#3609=IFCARBITRARYPROFILEDEFWITHVOIDS(.AREA.,$,#3606,(#3608));
#3610=IFCCARTESIANPOINT((0.,0.090000001713633537,0.));
#3611=IFCDIRECTION((0.,-1.,0.));
#3612=IFCDIRECTION((1.,0.,0.));
#3613=IFCAXIS2PLACEMENT3D(#3610,#3611,#3612);
#3614=IFCDIRECTION((0.,0.,-1.));
#3615=IFCEXTRUDEDAREASOLID(#3609,#3613,#3614,0.0099999997764825821);
#3616=IFCCARTESIANPOINTLIST2D(((0.,0.),(0.80353462696075439,0.),(0.80353462696075439,0.89999997615814209),(0.,0.89999997615814209)));
#3617=IFCINDEXEDPOLYCURVE(#3616,(IFCLINEINDEX((1,2,3,4,1))),$);
#3618=IFCCARTESIANPOINTLIST2D(((0.05000000074505806,0.05000000074505806),(0.75353462621569633,0.05000000074505806),(0.75353462621569633,0.84999997541308403),(0.05000000074505806,0.84999997541308403)));
#3619=IFCINDEXEDPOLYCURVE(#3618,(IFCLINEINDEX((1,2,3,4,1))),$);
#3620=IFCARBITRARYPROFILEDEFWITHVOIDS(.AREA.,$,#3617,(#3619));
#3621=IFCCARTESIANPOINT((0.,0.05000000074505806,0.));
#3622=IFCDIRECTION((0.,-1.,0.));
#3623=IFCDIRECTION((1.,0.,0.));
#3624=IFCAXIS2PLACEMENT3D(#3621,#3622,#3623);
#3625=IFCDIRECTION((0.,0.,-1.));
#3626=IFCEXTRUDEDAREASOLID(#3620,#3624,#3625,0.040000000968575478);
#3627=IFCCARTESIANPOINTLIST2D(((0.,0.),(0.75353462621569633,0.),(0.75353462621569633,0.84999997541308403),(0.,0.84999997541308403)));
#3628=IFCINDEXEDPOLYCURVE(#3627,(IFCLINEINDEX((1,2,3,4,1))),$);
#3629=IFCCARTESIANPOINTLIST2D(((0.035000000149011612,0.035000000149011612),(0.71853462606668472,0.035000000149011612),(0.71853462606668472,0.81499997526407242),(0.035000000149011612,0.81499997526407242)));
#3630=IFCINDEXEDPOLYCURVE(#3629,(IFCLINEINDEX((1,2,3,4,1))),$);
#3631=IFCARBITRARYPROFILEDEFWITHVOIDS(.AREA.,$,#3628,(#3630));
#3632=IFCCARTESIANPOINT((0.02500000037252903,0.090000001713633537,0.02500000037252903));
#3633=IFCDIRECTION((0.,-1.,0.));
#3634=IFCDIRECTION((1.,0.,0.));
#3635=IFCAXIS2PLACEMENT3D(#3632,#3633,#3634);
#3636=IFCDIRECTION((0.,0.,-1.));
#3637=IFCEXTRUDEDAREASOLID(#3631,#3635,#3636,0.035000000149011612);
#3638=IFCINDEXEDPOLYCURVE(#3639,(IFCLINEINDEX((1,2,3,4,1))),$);
#3639=IFCCARTESIANPOINTLIST2D(((0.035000000149011612,0.035000000149011612),(0.71853462606668472,0.035000000149011612),(0.71853462606668472,0.81499997526407242),(0.035000000149011612,0.81499997526407242)));
#3640=IFCARBITRARYCLOSEDPROFILEDEF(.AREA.,$,#3638);
#3641=IFCCARTESIANPOINT((0.02500000037252903,0.10250000178813934,0.02500000037252903));
#3642=IFCDIRECTION((0.,-1.,0.));
#3643=IFCDIRECTION((1.,0.,0.));
#3644=IFCAXIS2PLACEMENT3D(#3641,#3642,#3643);
#3645=IFCDIRECTION((0.,0.,-1.));
#3646=IFCEXTRUDEDAREASOLID(#3640,#3644,#3645,0.01);
#3647=IFCSHAPEREPRESENTATION(#11,'Body','SweptSolid',(#3615,#3626,#3637,#3646));
#3648=IFCCARTESIANPOINTLIST2D(((0.05000000074505806,0.05000000074505806),(0.75353462621569633,0.05000000074505806)));
#3649=IFCINDEXEDPOLYCURVE(#3648,$,$);
#3650=IFCCARTESIANPOINTLIST2D(((0.,0.10000000149011612),(0.02500000037252903,0.10000000149011612),(0.02500000037252903,0.090000001713633537),(0.05000000074505806,0.090000001713633537),(0.05000000074505806,0.05000000074505806),(0.,0.05000000074505806)));
#3651=IFCINDEXEDPOLYCURVE(#3650,(IFCLINEINDEX((1,2,3,4,5,6,1))),$);
#3652=IFCCARTESIANPOINTLIST2D(((0.80353462696075439,0.10000000149011612),(0.77853462658822536,0.10000000149011612),(0.77853462658822536,0.090000001713633537),(0.75353462621569633,0.090000001713633537),(0.75353462621569633,0.05000000074505806),(0.80353462696075439,0.05000000074505806)));
#3653=IFCINDEXEDPOLYCURVE(#3652,(IFCLINEINDEX((1,2,3,4,5,6,1))),$);
#3654=IFCCARTESIANPOINTLIST2D(((0.02500000037252903,0.090000001713633537),(0.060000000521540642,0.090000001713633537),(0.060000000521540642,0.12500000186264515),(0.02500000037252903,0.12500000186264515)));
#3655=IFCINDEXEDPOLYCURVE(#3654,(IFCLINEINDEX((1,2,3,4,1))),$);
#3656=IFCINDEXEDPOLYCURVE(#3657,(IFCLINEINDEX((1,2,3,4,1))),$);
#3657=IFCCARTESIANPOINTLIST2D(((0.77853462658822536,0.090000001713633537),(0.74353462643921375,0.090000001713633537),(0.74353462643921375,0.12500000186264515),(0.77853462658822536,0.12500000186264515)));
#3658=IFCCARTESIANPOINTLIST2D(((0.060000000521540642,0.090000001713633537),(0.74353462643921375,0.090000001713633537)));
#3659=IFCINDEXEDPOLYCURVE(#3658,$,$);
#3660=IFCINDEXEDPOLYCURVE(#3661,$,$);
#3661=IFCCARTESIANPOINTLIST2D(((0.060000000521540642,0.12500000186264515),(0.74353462643921375,0.12500000186264515)));
#3662=IFCINDEXEDPOLYCURVE(#3663,$,$);
#3663=IFCCARTESIANPOINTLIST2D(((0.060000000521540642,0.10750000178813934),(0.74353462643921375,0.10750000178813934)));
#3664=IFCSHAPEREPRESENTATION(#24,'Body','Curve2D',(#3649,#3651,#3653,#3655,#3656,#3659,#3660,#3662));
#3665=IFCCARTESIANPOINTLIST2D(((0.,0.),(0.80353462696075439,0.),(0.80353462696075439,0.89999997615814209),(0.,0.89999997615814209)));
#3666=IFCINDEXEDPOLYCURVE(#3665,(IFCLINEINDEX((1,2,3,4,1))),$);
#3667=IFCARBITRARYCLOSEDPROFILEDEF(.AREA.,$,#3666);
#3668=IFCCARTESIANPOINT((0.,-0.60000002384185791,0.));
#3669=IFCDIRECTION((0.,-1.,0.));
#3670=IFCDIRECTION((1.,0.,0.));
#3671=IFCAXIS2PLACEMENT3D(#3668,#3669,#3670);
#3672=IFCDIRECTION((0.,0.,-1.));
#3673=IFCEXTRUDEDAREASOLID(#3667,#3671,#3672,1.2);
#3674=IFCSHAPEREPRESENTATION(#11,'Body','SweptSolid',(#3673));
#3710=IFCCARTESIANPOINT((1.7647387768812255,9.5367431640625E-07,1.));
#3711=IFCDIRECTION((0.,0.,1.));
#3712=IFCDIRECTION((0.99999999999988631,-4.7683715820307079E-07,0.));
#3713=IFCAXIS2PLACEMENT3D(#3710,#3711,#3712);
#3714=IFCLOCALPLACEMENT(#1084,#3713);
#3720=IFCWINDOWTYPE('1riM7LeDH1QhXkuhe$VQLg',$,'Guest-1-GF',$,$,(#3721),(#3723,#3731,#3779),$,$,.WINDOW.,.SINGLE_PANEL.,$,$);
#3721=IFCPROPERTYSET('2$2kA$yc99F8h5sDMC$WRr',$,'BBIM_Window',$,(#3722));
#3722=IFCPROPERTYSINGLEVALUE('Data',$,IFCTEXT('{"window_type": "DOUBLE_PANEL_VERTICAL", "overall_height": 0.8999999761581421, "overall_width": 1.2571804523468018, "lining_properties": {"lining_depth": 0.05000000074505806, "lining_thickness": 0.05000000074505806, "lining_offset": 0.05000000074505806, "lining_to_panel_offset_x": 0.02500000037252903, "lining_to_panel_offset_y": 0.02500000037252903, "mullion_thickness": 0.05000000074505806, "first_mullion_offset": 0.6541453003883362}, "panel_properties": {"frame_depth": [0.03500000014901161, 0.03500000014901161, 0.03500000014901161], "frame_thickness": [0.03500000014901161, 0.005552083253860474, 0.03500000014901161]}}'),$);
#3723=IFCREPRESENTATIONMAP(#3724,#4315);
#3724=IFCAXIS2PLACEMENT3D(#3725,#3726,#3727);
#3725=IFCCARTESIANPOINT((0.,0.,0.));
#3726=IFCDIRECTION((0.,0.,1.));
#3727=IFCDIRECTION((1.,0.,0.));
#3731=IFCREPRESENTATIONMAP(#3732,#4396);
#3732=IFCAXIS2PLACEMENT3D(#3733,#3734,#3735);
#3733=IFCCARTESIANPOINT((0.,0.,0.));
#3734=IFCDIRECTION((0.,0.,1.));
#3735=IFCDIRECTION((1.,0.,0.));
#3779=IFCREPRESENTATIONMAP(#3780,#4429);
#3780=IFCAXIS2PLACEMENT3D(#3781,#3782,#3783);
#3781=IFCCARTESIANPOINT((0.,0.,0.));
#3782=IFCDIRECTION((0.,0.,1.));
#3783=IFCDIRECTION((1.,0.,0.));
#3801=IFCWINDOW('0MIyiOcnD0BBXt1lLf5Am9',$,'Window',$,$,#4454,#3810,$,0.89999997615814209,1.2571804523468018,$,.DOUBLE_PANEL_VERTICAL.,$);
#3802=IFCRELDEFINESBYTYPE('0$TuhWgTnBi8mtYclhZ82z',$,$,$,(#3801),#3720);
#3803=IFCCARTESIANPOINT((0.,0.,0.));
#3804=IFCDIRECTION((1.,0.,0.));
#3805=IFCDIRECTION((0.,1.,0.));
#3806=IFCDIRECTION((0.,0.,1.));
#3807=IFCCARTESIANTRANSFORMATIONOPERATOR3D(#3804,#3805,#3803,1.,#3806);
#3808=IFCMAPPEDITEM(#3723,#3807);
#3809=IFCSHAPEREPRESENTATION(#18,'Profile','MappedRepresentation',(#3808));
#3810=IFCPRODUCTDEFINITIONSHAPE($,$,(#3809,#3817,#3824));
#3811=IFCCARTESIANPOINT((0.,0.,0.));
#3812=IFCDIRECTION((1.,0.,0.));
#3813=IFCDIRECTION((0.,1.,0.));
#3814=IFCDIRECTION((0.,0.,1.));
#3815=IFCCARTESIANTRANSFORMATIONOPERATOR3D(#3812,#3813,#3811,1.,#3814);
#3816=IFCMAPPEDITEM(#3731,#3815);
#3817=IFCSHAPEREPRESENTATION(#11,'Body','MappedRepresentation',(#3816));
#3818=IFCCARTESIANPOINT((0.,0.,0.));
#3819=IFCDIRECTION((1.,0.,0.));
#3820=IFCDIRECTION((0.,1.,0.));
#3821=IFCDIRECTION((0.,0.,1.));
#3822=IFCCARTESIANTRANSFORMATIONOPERATOR3D(#3819,#3820,#3818,1.,#3821);
#3823=IFCMAPPEDITEM(#3779,#3822);
#3824=IFCSHAPEREPRESENTATION(#24,'Body','MappedRepresentation',(#3823));
#3825=IFCOPENINGELEMENT('0sL0rQXVf79v2AT41jnJft',$,'Opening',$,$,#4449,#3853,$,.OPENING.);
#3841=IFCCARTESIANPOINT((0.,0.,0.));
#3842=IFCDIRECTION((1.,0.,0.));
#3843=IFCDIRECTION((0.,0.,1.));
#3844=IFCAXIS2PLACEMENT3D(#3841,#3843,#3842);
#3845=IFCREPRESENTATIONMAP(#3844,#4439);
#3846=IFCCARTESIANPOINT((0.,0.,0.));
#3847=IFCDIRECTION((1.,0.,0.));
#3848=IFCDIRECTION((0.,1.,0.));
#3849=IFCDIRECTION((0.,0.,1.));
#3850=IFCCARTESIANTRANSFORMATIONOPERATOR3D(#3847,#3848,#3846,1.,#3849);
#3851=IFCMAPPEDITEM(#3845,#3850);
#3852=IFCSHAPEREPRESENTATION(#11,'Body','MappedRepresentation',(#3851));
#3853=IFCPRODUCTDEFINITIONSHAPE($,$,(#3852));
#3854=IFCRELVOIDSELEMENT('186ClQeurBUR014GkSssIO',$,$,$,#292,#3825);
#3860=IFCRELFILLSELEMENT('2o$SF$wQbDxe3ltmsoSHok',$,$,$,#3825,#3801);
#3884=IFCCARTESIANPOINTLIST2D(((0.30000001192092896,0.),(0.,0.),(0.,0.89999997615814209),(0.30000001192092896,0.89999997615814209),(0.30000001192092896,0.87499997578561306),(0.02500000037252903,0.87499997578561306),(0.02500000037252903,0.02500000037252903),(0.30000001192092896,0.02500000037252903)));
#3885=IFCINDEXEDPOLYCURVE(#3884,(IFCLINEINDEX((1,2,3,4,5,6,7,8,1))),$);
#3886=IFCARBITRARYCLOSEDPROFILEDEF(.AREA.,$,#3885);
#3887=IFCCARTESIANPOINT((0.,0.090000001713633537,0.));
#3888=IFCDIRECTION((0.,-1.,0.));
#3889=IFCDIRECTION((1.,0.,0.));
#3890=IFCAXIS2PLACEMENT3D(#3887,#3888,#3889);
#3891=IFCDIRECTION((0.,0.,-1.));
#3892=IFCEXTRUDEDAREASOLID(#3886,#3890,#3891,0.0099999997764825821);
#3893=IFCCARTESIANPOINTLIST2D(((0.,0.),(0.30000001192092896,0.),(0.30000001192092896,0.89999997615814209),(0.,0.89999997615814209)));
#3894=IFCINDEXEDPOLYCURVE(#3893,(IFCLINEINDEX((1,2,3,4,1))),$);
#3895=IFCCARTESIANPOINTLIST2D(((0.05000000074505806,0.05000000074505806),(0.27500001154839993,0.05000000074505806),(0.27500001154839993,0.84999997541308403),(0.05000000074505806,0.84999997541308403)));
#3896=IFCINDEXEDPOLYCURVE(#3895,(IFCLINEINDEX((1,2,3,4,1))),$);
#3897=IFCARBITRARYPROFILEDEFWITHVOIDS(.AREA.,$,#3894,(#3896));
#3898=IFCCARTESIANPOINT((0.,0.05000000074505806,0.));
#3899=IFCDIRECTION((0.,-1.,0.));
#3900=IFCDIRECTION((1.,0.,0.));
#3901=IFCAXIS2PLACEMENT3D(#3898,#3899,#3900);
#3902=IFCDIRECTION((0.,0.,-1.));
#3903=IFCEXTRUDEDAREASOLID(#3897,#3901,#3902,0.040000000968575478);
#3904=IFCCARTESIANPOINTLIST2D(((0.,0.),(0.27500001154839993,0.),(0.27500001154839993,0.84999997541308403),(0.,0.84999997541308403)));
#3905=IFCINDEXEDPOLYCURVE(#3904,(IFCLINEINDEX((1,2,3,4,1))),$);
#3906=IFCCARTESIANPOINTLIST2D(((0.035000000149011612,0.035000000149011612),(0.24000001139938831,0.035000000149011612),(0.24000001139938831,0.81499997526407242),(0.035000000149011612,0.81499997526407242)));
#3907=IFCINDEXEDPOLYCURVE(#3906,(IFCLINEINDEX((1,2,3,4,1))),$);
#3908=IFCARBITRARYPROFILEDEFWITHVOIDS(.AREA.,$,#3905,(#3907));
#3909=IFCCARTESIANPOINT((0.02500000037252903,0.090000001713633537,0.02500000037252903));
#3910=IFCDIRECTION((0.,-1.,0.));
#3911=IFCDIRECTION((1.,0.,0.));
#3912=IFCAXIS2PLACEMENT3D(#3909,#3910,#3911);
#3913=IFCDIRECTION((0.,0.,-1.));
#3914=IFCEXTRUDEDAREASOLID(#3908,#3912,#3913,0.035000000149011612);
#3915=IFCINDEXEDPOLYCURVE(#3916,(IFCLINEINDEX((1,2,3,4,1))),$);
#3916=IFCCARTESIANPOINTLIST2D(((0.035000000149011612,0.035000000149011612),(0.24000001139938831,0.035000000149011612),(0.24000001139938831,0.81499997526407242),(0.035000000149011612,0.81499997526407242)));
#3917=IFCARBITRARYCLOSEDPROFILEDEF(.AREA.,$,#3915);
#3918=IFCCARTESIANPOINT((0.02500000037252903,0.10250000178813934,0.02500000037252903));
#3919=IFCDIRECTION((0.,-1.,0.));
#3920=IFCDIRECTION((1.,0.,0.));
#3921=IFCAXIS2PLACEMENT3D(#3918,#3919,#3920);
#3922=IFCDIRECTION((0.,0.,-1.));
#3923=IFCEXTRUDEDAREASOLID(#3917,#3921,#3922,0.01);
#3924=IFCCARTESIANPOINTLIST2D(((0.,0.89999997615814209),(0.92352718114852905,0.89999997615814209),(0.92352718114852905,0.),(0.,0.),(0.,0.02500000037252903),(0.89852718077600002,0.02500000037252903),(0.89852718077600002,0.87499997578561306),(0.,0.87499997578561306)));
#3925=IFCINDEXEDPOLYCURVE(#3924,(IFCLINEINDEX((1,2,3,4,5,6,7,8,1))),$);
#3926=IFCARBITRARYCLOSEDPROFILEDEF(.AREA.,$,#3925);
#3927=IFCCARTESIANPOINT((0.30000001192092896,0.090000001713633537,0.));
#3928=IFCDIRECTION((0.,-1.,0.));
#3929=IFCDIRECTION((1.,0.,0.));
#3930=IFCAXIS2PLACEMENT3D(#3927,#3928,#3929);
#3931=IFCDIRECTION((0.,0.,-1.));
#3932=IFCEXTRUDEDAREASOLID(#3926,#3930,#3931,0.0099999997764825821);
#3933=IFCCARTESIANPOINTLIST2D(((0.,0.),(0.92352718114852905,0.),(0.92352718114852905,0.89999997615814209),(0.,0.89999997615814209)));
#3934=IFCINDEXEDPOLYCURVE(#3933,(IFCLINEINDEX((1,2,3,4,1))),$);
#3935=IFCCARTESIANPOINTLIST2D(((0.02500000037252903,0.05000000074505806),(0.87352718040347099,0.05000000074505806),(0.87352718040347099,0.84999997541308403),(0.02500000037252903,0.84999997541308403)));
#3936=IFCINDEXEDPOLYCURVE(#3935,(IFCLINEINDEX((1,2,3,4,1))),$);
#3937=IFCARBITRARYPROFILEDEFWITHVOIDS(.AREA.,$,#3934,(#3936));
#3938=IFCCARTESIANPOINT((0.30000001192092896,0.05000000074505806,0.));
#3939=IFCDIRECTION((0.,-1.,0.));
#3940=IFCDIRECTION((1.,0.,0.));
#3941=IFCAXIS2PLACEMENT3D(#3938,#3939,#3940);
#3942=IFCDIRECTION((0.,0.,-1.));
#3943=IFCEXTRUDEDAREASOLID(#3937,#3941,#3942,0.040000000968575478);
#3944=IFCCARTESIANPOINTLIST2D(((0.,0.),(0.89852718077600002,0.),(0.89852718077600002,0.84999997541308403),(0.,0.84999997541308403)));
#3945=IFCINDEXEDPOLYCURVE(#3944,(IFCLINEINDEX((1,2,3,4,1))),$);
#3946=IFCCARTESIANPOINTLIST2D(((0.28941860795021057,0.28941860795021057),(0.60910857282578945,0.28941860795021057),(0.60910857282578945,0.56058136746287346),(0.28941860795021057,0.56058136746287346)));
#3947=IFCINDEXEDPOLYCURVE(#3946,(IFCLINEINDEX((1,2,3,4,1))),$);
#3948=IFCARBITRARYPROFILEDEFWITHVOIDS(.AREA.,$,#3945,(#3947));
#3949=IFCCARTESIANPOINT((0.30000001192092896,0.090000001713633537,0.02500000037252903));
#3950=IFCDIRECTION((0.,-1.,0.));
#3951=IFCDIRECTION((1.,0.,0.));
#3952=IFCAXIS2PLACEMENT3D(#3949,#3950,#3951);
#3953=IFCDIRECTION((0.,0.,-1.));
#3954=IFCEXTRUDEDAREASOLID(#3948,#3952,#3953,0.035000000149011612);
#3955=IFCINDEXEDPOLYCURVE(#3956,(IFCLINEINDEX((1,2,3,4,1))),$);
#3956=IFCCARTESIANPOINTLIST2D(((0.28941860795021057,0.28941860795021057),(0.60910857282578945,0.28941860795021057),(0.60910857282578945,0.56058136746287346),(0.28941860795021057,0.56058136746287346)));
#3957=IFCARBITRARYCLOSEDPROFILEDEF(.AREA.,$,#3955);
#3958=IFCCARTESIANPOINT((0.30000001192092896,0.10250000178813934,0.02500000037252903));
#3959=IFCDIRECTION((0.,-1.,0.));
#3960=IFCDIRECTION((1.,0.,0.));
#3961=IFCAXIS2PLACEMENT3D(#3958,#3959,#3960);
#3962=IFCDIRECTION((0.,0.,-1.));
#3963=IFCEXTRUDEDAREASOLID(#3957,#3961,#3962,0.01);
#3965=IFCSHAPEREPRESENTATION(#11,'Body','SweptSolid',(#4080,#4222,#4193,#3903,#4324,#4335,#4040,#4051,#3943,#3932,#3892,#4233,#4091,#4182,#4375,#4364));
#3966=IFCSHAPEASPECT((#3965),'Lining',$,.T.,#3810);
#3967=IFCSHAPEREPRESENTATION(#11,'Body','SweptSolid',(#4102,#3914,#4386,#4062,#4204,#4346,#4244,#3954));
#3968=IFCSHAPEASPECT((#3967),'Framing',$,.T.,#3810);
#3969=IFCSHAPEREPRESENTATION(#11,'Body','SweptSolid',(#4071,#4213,#3923,#4355,#4253,#3963,#4111,#4395));
#3970=IFCSHAPEASPECT((#3969),'Glazing',$,.T.,#3810);
#4032=IFCCARTESIANPOINTLIST2D(((0.65414530038833618,0.),(0.,0.),(0.,0.89999997615814209),(0.65414530038833618,0.89999997615814209),(0.65414530038833618,0.87499997578561306),(0.02500000037252903,0.87499997578561306),(0.02500000037252903,0.02500000037252903),(0.65414530038833618,0.02500000037252903)));
#4033=IFCINDEXEDPOLYCURVE(#4032,(IFCLINEINDEX((1,2,3,4,5,6,7,8,1))),$);
#4034=IFCARBITRARYCLOSEDPROFILEDEF(.AREA.,$,#4033);
#4035=IFCCARTESIANPOINT((0.,0.090000001713633537,0.));
#4036=IFCDIRECTION((0.,-1.,0.));
#4037=IFCDIRECTION((1.,0.,0.));
#4038=IFCAXIS2PLACEMENT3D(#4035,#4036,#4037);
#4039=IFCDIRECTION((0.,0.,-1.));
#4040=IFCEXTRUDEDAREASOLID(#4034,#4038,#4039,0.0099999997764825821);
#4041=IFCCARTESIANPOINTLIST2D(((0.,0.),(0.65414530038833618,0.),(0.65414530038833618,0.89999997615814209),(0.,0.89999997615814209)));
#4042=IFCINDEXEDPOLYCURVE(#4041,(IFCLINEINDEX((1,2,3,4,1))),$);
#4043=IFCCARTESIANPOINTLIST2D(((0.05000000074505806,0.05000000074505806),(0.62914530001580715,0.05000000074505806),(0.62914530001580715,0.84999997541308403),(0.05000000074505806,0.84999997541308403)));
#4044=IFCINDEXEDPOLYCURVE(#4043,(IFCLINEINDEX((1,2,3,4,1))),$);
#4045=IFCARBITRARYPROFILEDEFWITHVOIDS(.AREA.,$,#4042,(#4044));
#4046=IFCCARTESIANPOINT((0.,0.05000000074505806,0.));
#4047=IFCDIRECTION((0.,-1.,0.));
#4048=IFCDIRECTION((1.,0.,0.));
#4049=IFCAXIS2PLACEMENT3D(#4046,#4047,#4048);
#4050=IFCDIRECTION((0.,0.,-1.));
#4051=IFCEXTRUDEDAREASOLID(#4045,#4049,#4050,0.040000000968575478);
#4052=IFCCARTESIANPOINTLIST2D(((0.,0.),(0.62914530001580715,0.),(0.62914530001580715,0.84999997541308403),(0.,0.84999997541308403)));
#4053=IFCINDEXEDPOLYCURVE(#4052,(IFCLINEINDEX((1,2,3,4,1))),$);
#4054=IFCCARTESIANPOINTLIST2D(((0.035000000149011612,0.035000000149011612),(0.59414529986679554,0.035000000149011612),(0.59414529986679554,0.81499997526407242),(0.035000000149011612,0.81499997526407242)));
#4055=IFCINDEXEDPOLYCURVE(#4054,(IFCLINEINDEX((1,2,3,4,1))),$);
#4056=IFCARBITRARYPROFILEDEFWITHVOIDS(.AREA.,$,#4053,(#4055));
#4057=IFCCARTESIANPOINT((0.02500000037252903,0.090000001713633537,0.02500000037252903));
#4058=IFCDIRECTION((0.,-1.,0.));
#4059=IFCDIRECTION((1.,0.,0.));
#4060=IFCAXIS2PLACEMENT3D(#4057,#4058,#4059);
#4061=IFCDIRECTION((0.,0.,-1.));
#4062=IFCEXTRUDEDAREASOLID(#4056,#4060,#4061,0.035000000149011612);
#4063=IFCINDEXEDPOLYCURVE(#4064,(IFCLINEINDEX((1,2,3,4,1))),$);
#4064=IFCCARTESIANPOINTLIST2D(((0.035000000149011612,0.035000000149011612),(0.59414529986679554,0.035000000149011612),(0.59414529986679554,0.81499997526407242),(0.035000000149011612,0.81499997526407242)));
#4065=IFCARBITRARYCLOSEDPROFILEDEF(.AREA.,$,#4063);
#4066=IFCCARTESIANPOINT((0.02500000037252903,0.10250000178813934,0.02500000037252903));
#4067=IFCDIRECTION((0.,-1.,0.));
#4068=IFCDIRECTION((1.,0.,0.));
#4069=IFCAXIS2PLACEMENT3D(#4066,#4067,#4068);
#4070=IFCDIRECTION((0.,0.,-1.));
#4071=IFCEXTRUDEDAREASOLID(#4065,#4069,#4070,0.01);
#4072=IFCCARTESIANPOINTLIST2D(((0.,0.89999997615814209),(0.56938189268112183,0.89999997615814209),(0.56938189268112183,0.),(0.,0.),(0.,0.02500000037252903),(0.5443818923085928,0.02500000037252903),(0.5443818923085928,0.87499997578561306),(0.,0.87499997578561306)));
#4073=IFCINDEXEDPOLYCURVE(#4072,(IFCLINEINDEX((1,2,3,4,5,6,7,8,1))),$);
#4074=IFCARBITRARYCLOSEDPROFILEDEF(.AREA.,$,#4073);
#4075=IFCCARTESIANPOINT((0.65414530038833618,0.090000001713633537,0.));
#4076=IFCDIRECTION((0.,-1.,0.));
#4077=IFCDIRECTION((1.,0.,0.));
#4078=IFCAXIS2PLACEMENT3D(#4075,#4076,#4077);
#4079=IFCDIRECTION((0.,0.,-1.));
#4080=IFCEXTRUDEDAREASOLID(#4074,#4078,#4079,0.0099999997764825821);
#4081=IFCCARTESIANPOINTLIST2D(((0.,0.),(0.56938189268112183,0.),(0.56938189268112183,0.89999997615814209),(0.,0.89999997615814209)));
#4082=IFCINDEXEDPOLYCURVE(#4081,(IFCLINEINDEX((1,2,3,4,1))),$);
#4083=IFCCARTESIANPOINTLIST2D(((0.02500000037252903,0.05000000074505806),(0.51938189193606377,0.05000000074505806),(0.51938189193606377,0.84999997541308403),(0.02500000037252903,0.84999997541308403)));
#4084=IFCINDEXEDPOLYCURVE(#4083,(IFCLINEINDEX((1,2,3,4,1))),$);
#4085=IFCARBITRARYPROFILEDEFWITHVOIDS(.AREA.,$,#4082,(#4084));
#4086=IFCCARTESIANPOINT((0.65414530038833618,0.05000000074505806,0.));
#4087=IFCDIRECTION((0.,-1.,0.));
#4088=IFCDIRECTION((1.,0.,0.));
#4089=IFCAXIS2PLACEMENT3D(#4086,#4087,#4088);
#4090=IFCDIRECTION((0.,0.,-1.));
#4091=IFCEXTRUDEDAREASOLID(#4085,#4089,#4090,0.040000000968575478);
#4092=IFCCARTESIANPOINTLIST2D(((0.,0.),(0.5443818923085928,0.),(0.5443818923085928,0.84999997541308403),(0.,0.84999997541308403)));
#4093=IFCINDEXEDPOLYCURVE(#4092,(IFCLINEINDEX((1,2,3,4,1))),$);
#4094=IFCCARTESIANPOINTLIST2D(((0.28941860795021057,0.28941860795021057),(0.25496328435838223,0.28941860795021057),(0.25496328435838223,0.56058136746287346),(0.28941860795021057,0.56058136746287346)));
#4095=IFCINDEXEDPOLYCURVE(#4094,(IFCLINEINDEX((1,2,3,4,1))),$);
#4096=IFCARBITRARYPROFILEDEFWITHVOIDS(.AREA.,$,#4093,(#4095));
#4097=IFCCARTESIANPOINT((0.65414530038833618,0.090000001713633537,0.02500000037252903));
#4098=IFCDIRECTION((0.,-1.,0.));
#4099=IFCDIRECTION((1.,0.,0.));
#4100=IFCAXIS2PLACEMENT3D(#4097,#4098,#4099);
#4101=IFCDIRECTION((0.,0.,-1.));
#4102=IFCEXTRUDEDAREASOLID(#4096,#4100,#4101,0.035000000149011612);
#4103=IFCINDEXEDPOLYCURVE(#4104,(IFCLINEINDEX((1,2,3,4,1))),$);
#4104=IFCCARTESIANPOINTLIST2D(((0.28941860795021057,0.28941860795021057),(0.25496328435838223,0.28941860795021057),(0.25496328435838223,0.56058136746287346),(0.28941860795021057,0.56058136746287346)));
#4105=IFCARBITRARYCLOSEDPROFILEDEF(.AREA.,$,#4103);
#4106=IFCCARTESIANPOINT((0.65414530038833618,0.10250000178813934,0.02500000037252903));
#4107=IFCDIRECTION((0.,-1.,0.));
#4108=IFCDIRECTION((1.,0.,0.));
#4109=IFCAXIS2PLACEMENT3D(#4106,#4107,#4108);
#4110=IFCDIRECTION((0.,0.,-1.));
#4111=IFCEXTRUDEDAREASOLID(#4105,#4109,#4110,0.01);
#4174=IFCCARTESIANPOINTLIST2D(((0.65414530038833618,0.),(0.,0.),(0.,0.89999997615814209),(0.65414530038833618,0.89999997615814209),(0.65414530038833618,0.87499997578561306),(0.02500000037252903,0.87499997578561306),(0.02500000037252903,0.02500000037252903),(0.65414530038833618,0.02500000037252903)));
#4175=IFCINDEXEDPOLYCURVE(#4174,(IFCLINEINDEX((1,2,3,4,5,6,7,8,1))),$);
#4176=IFCARBITRARYCLOSEDPROFILEDEF(.AREA.,$,#4175);
#4177=IFCCARTESIANPOINT((0.,0.090000001713633537,0.));
#4178=IFCDIRECTION((0.,-1.,0.));
#4179=IFCDIRECTION((1.,0.,0.));
#4180=IFCAXIS2PLACEMENT3D(#4177,#4178,#4179);
#4181=IFCDIRECTION((0.,0.,-1.));
#4182=IFCEXTRUDEDAREASOLID(#4176,#4180,#4181,0.0099999997764825821);
#4183=IFCCARTESIANPOINTLIST2D(((0.,0.),(0.65414530038833618,0.),(0.65414530038833618,0.89999997615814209),(0.,0.89999997615814209)));
#4184=IFCINDEXEDPOLYCURVE(#4183,(IFCLINEINDEX((1,2,3,4,1))),$);
#4185=IFCCARTESIANPOINTLIST2D(((0.05000000074505806,0.05000000074505806),(0.62914530001580715,0.05000000074505806),(0.62914530001580715,0.84999997541308403),(0.05000000074505806,0.84999997541308403)));
#4186=IFCINDEXEDPOLYCURVE(#4185,(IFCLINEINDEX((1,2,3,4,1))),$);
#4187=IFCARBITRARYPROFILEDEFWITHVOIDS(.AREA.,$,#4184,(#4186));
#4188=IFCCARTESIANPOINT((0.,0.05000000074505806,0.));
#4189=IFCDIRECTION((0.,-1.,0.));
#4190=IFCDIRECTION((1.,0.,0.));
#4191=IFCAXIS2PLACEMENT3D(#4188,#4189,#4190);
#4192=IFCDIRECTION((0.,0.,-1.));
#4193=IFCEXTRUDEDAREASOLID(#4187,#4191,#4192,0.040000000968575478);
#4194=IFCCARTESIANPOINTLIST2D(((0.,0.),(0.62914530001580715,0.),(0.62914530001580715,0.84999997541308403),(0.,0.84999997541308403)));
#4195=IFCINDEXEDPOLYCURVE(#4194,(IFCLINEINDEX((1,2,3,4,1))),$);
#4196=IFCCARTESIANPOINTLIST2D(((0.035000000149011612,0.035000000149011612),(0.59414529986679554,0.035000000149011612),(0.59414529986679554,0.81499997526407242),(0.035000000149011612,0.81499997526407242)));
#4197=IFCINDEXEDPOLYCURVE(#4196,(IFCLINEINDEX((1,2,3,4,1))),$);
#4198=IFCARBITRARYPROFILEDEFWITHVOIDS(.AREA.,$,#4195,(#4197));
#4199=IFCCARTESIANPOINT((0.02500000037252903,0.090000001713633537,0.02500000037252903));
#4200=IFCDIRECTION((0.,-1.,0.));
#4201=IFCDIRECTION((1.,0.,0.));
#4202=IFCAXIS2PLACEMENT3D(#4199,#4200,#4201);
#4203=IFCDIRECTION((0.,0.,-1.));
#4204=IFCEXTRUDEDAREASOLID(#4198,#4202,#4203,0.035000000149011612);
#4205=IFCINDEXEDPOLYCURVE(#4206,(IFCLINEINDEX((1,2,3,4,1))),$);
#4206=IFCCARTESIANPOINTLIST2D(((0.035000000149011612,0.035000000149011612),(0.59414529986679554,0.035000000149011612),(0.59414529986679554,0.81499997526407242),(0.035000000149011612,0.81499997526407242)));
#4207=IFCARBITRARYCLOSEDPROFILEDEF(.AREA.,$,#4205);
#4208=IFCCARTESIANPOINT((0.02500000037252903,0.10250000178813934,0.02500000037252903));
#4209=IFCDIRECTION((0.,-1.,0.));
#4210=IFCDIRECTION((1.,0.,0.));
#4211=IFCAXIS2PLACEMENT3D(#4208,#4209,#4210);
#4212=IFCDIRECTION((0.,0.,-1.));
#4213=IFCEXTRUDEDAREASOLID(#4207,#4211,#4212,0.01);
#4214=IFCCARTESIANPOINTLIST2D(((0.,0.89999997615814209),(0.56938189268112183,0.89999997615814209),(0.56938189268112183,0.),(0.,0.),(0.,0.02500000037252903),(0.5443818923085928,0.02500000037252903),(0.5443818923085928,0.87499997578561306),(0.,0.87499997578561306)));
#4215=IFCINDEXEDPOLYCURVE(#4214,(IFCLINEINDEX((1,2,3,4,5,6,7,8,1))),$);
#4216=IFCARBITRARYCLOSEDPROFILEDEF(.AREA.,$,#4215);
#4217=IFCCARTESIANPOINT((0.65414530038833618,0.090000001713633537,0.));
#4218=IFCDIRECTION((0.,-1.,0.));
#4219=IFCDIRECTION((1.,0.,0.));
#4220=IFCAXIS2PLACEMENT3D(#4217,#4218,#4219);
#4221=IFCDIRECTION((0.,0.,-1.));
#4222=IFCEXTRUDEDAREASOLID(#4216,#4220,#4221,0.0099999997764825821);
#4223=IFCCARTESIANPOINTLIST2D(((0.,0.),(0.56938189268112183,0.),(0.56938189268112183,0.89999997615814209),(0.,0.89999997615814209)));
#4224=IFCINDEXEDPOLYCURVE(#4223,(IFCLINEINDEX((1,2,3,4,1))),$);
#4225=IFCCARTESIANPOINTLIST2D(((0.02500000037252903,0.05000000074505806),(0.51938189193606377,0.05000000074505806),(0.51938189193606377,0.84999997541308403),(0.02500000037252903,0.84999997541308403)));
#4226=IFCINDEXEDPOLYCURVE(#4225,(IFCLINEINDEX((1,2,3,4,1))),$);
#4227=IFCARBITRARYPROFILEDEFWITHVOIDS(.AREA.,$,#4224,(#4226));
#4228=IFCCARTESIANPOINT((0.65414530038833618,0.05000000074505806,0.));
#4229=IFCDIRECTION((0.,-1.,0.));
#4230=IFCDIRECTION((1.,0.,0.));
#4231=IFCAXIS2PLACEMENT3D(#4228,#4229,#4230);
#4232=IFCDIRECTION((0.,0.,-1.));
#4233=IFCEXTRUDEDAREASOLID(#4227,#4231,#4232,0.040000000968575478);
#4234=IFCCARTESIANPOINTLIST2D(((0.,0.),(0.5443818923085928,0.),(0.5443818923085928,0.84999997541308403),(0.,0.84999997541308403)));
#4235=IFCINDEXEDPOLYCURVE(#4234,(IFCLINEINDEX((1,2,3,4,1))),$);
#4236=IFCCARTESIANPOINTLIST2D(((0.0055520832538604736,0.0055520832538604736),(0.53882980905473232,0.0055520832538604736),(0.53882980905473232,0.84444789215922356),(0.0055520832538604736,0.84444789215922356)));
#4237=IFCINDEXEDPOLYCURVE(#4236,(IFCLINEINDEX((1,2,3,4,1))),$);
#4238=IFCARBITRARYPROFILEDEFWITHVOIDS(.AREA.,$,#4235,(#4237));
#4239=IFCCARTESIANPOINT((0.65414530038833618,0.090000001713633537,0.02500000037252903));
#4240=IFCDIRECTION((0.,-1.,0.));
#4241=IFCDIRECTION((1.,0.,0.));
#4242=IFCAXIS2PLACEMENT3D(#4239,#4240,#4241);
#4243=IFCDIRECTION((0.,0.,-1.));
#4244=IFCEXTRUDEDAREASOLID(#4238,#4242,#4243,0.035000000149011612);
#4245=IFCINDEXEDPOLYCURVE(#4246,(IFCLINEINDEX((1,2,3,4,1))),$);
#4246=IFCCARTESIANPOINTLIST2D(((0.0055520832538604736,0.0055520832538604736),(0.53882980905473232,0.0055520832538604736),(0.53882980905473232,0.84444789215922356),(0.0055520832538604736,0.84444789215922356)));
#4247=IFCARBITRARYCLOSEDPROFILEDEF(.AREA.,$,#4245);
#4248=IFCCARTESIANPOINT((0.65414530038833618,0.10250000178813934,0.02500000037252903));
#4249=IFCDIRECTION((0.,-1.,0.));
#4250=IFCDIRECTION((1.,0.,0.));
#4251=IFCAXIS2PLACEMENT3D(#4248,#4249,#4250);
#4252=IFCDIRECTION((0.,0.,-1.));
#4253=IFCEXTRUDEDAREASOLID(#4247,#4251,#4252,0.01);
#4313=IFCCARTESIANPOINTLIST3D(((0.,0.,0.),(1.2571804523468018,0.,0.),(1.2571804523468018,0.,0.89999997615814209),(0.,0.,0.89999997615814209)));
#4314=IFCINDEXEDPOLYCURVE(#4313,(IFCLINEINDEX((1,2,3,4,1))),$);
#4315=IFCSHAPEREPRESENTATION(#18,'Profile','Curve3D',(#4314));
#4316=IFCCARTESIANPOINTLIST2D(((0.65414530038833618,0.),(0.,0.),(0.,0.89999997615814209),(0.65414530038833618,0.89999997615814209),(0.65414530038833618,0.87499997578561306),(0.02500000037252903,0.87499997578561306),(0.02500000037252903,0.02500000037252903),(0.65414530038833618,0.02500000037252903)));
#4317=IFCINDEXEDPOLYCURVE(#4316,(IFCLINEINDEX((1,2,3,4,5,6,7,8,1))),$);
#4318=IFCARBITRARYCLOSEDPROFILEDEF(.AREA.,$,#4317);
#4319=IFCCARTESIANPOINT((0.,0.090000001713633537,0.));
#4320=IFCDIRECTION((0.,-1.,0.));
#4321=IFCDIRECTION((1.,0.,0.));
#4322=IFCAXIS2PLACEMENT3D(#4319,#4320,#4321);
#4323=IFCDIRECTION((0.,0.,-1.));
#4324=IFCEXTRUDEDAREASOLID(#4318,#4322,#4323,0.0099999997764825821);
#4325=IFCCARTESIANPOINTLIST2D(((0.,0.),(0.65414530038833618,0.),(0.65414530038833618,0.89999997615814209),(0.,0.89999997615814209)));
#4326=IFCINDEXEDPOLYCURVE(#4325,(IFCLINEINDEX((1,2,3,4,1))),$);
#4327=IFCCARTESIANPOINTLIST2D(((0.05000000074505806,0.05000000074505806),(0.62914530001580715,0.05000000074505806),(0.62914530001580715,0.84999997541308403),(0.05000000074505806,0.84999997541308403)));
#4328=IFCINDEXEDPOLYCURVE(#4327,(IFCLINEINDEX((1,2,3,4,1))),$);
#4329=IFCARBITRARYPROFILEDEFWITHVOIDS(.AREA.,$,#4326,(#4328));
#4330=IFCCARTESIANPOINT((0.,0.05000000074505806,0.));
#4331=IFCDIRECTION((0.,-1.,0.));
#4332=IFCDIRECTION((1.,0.,0.));
#4333=IFCAXIS2PLACEMENT3D(#4330,#4331,#4332);
#4334=IFCDIRECTION((0.,0.,-1.));
#4335=IFCEXTRUDEDAREASOLID(#4329,#4333,#4334,0.040000000968575478);
#4336=IFCCARTESIANPOINTLIST2D(((0.,0.),(0.62914530001580715,0.),(0.62914530001580715,0.84999997541308403),(0.,0.84999997541308403)));
#4337=IFCINDEXEDPOLYCURVE(#4336,(IFCLINEINDEX((1,2,3,4,1))),$);
#4338=IFCCARTESIANPOINTLIST2D(((0.035000000149011612,0.035000000149011612),(0.59414529986679554,0.035000000149011612),(0.59414529986679554,0.81499997526407242),(0.035000000149011612,0.81499997526407242)));
#4339=IFCINDEXEDPOLYCURVE(#4338,(IFCLINEINDEX((1,2,3,4,1))),$);
#4340=IFCARBITRARYPROFILEDEFWITHVOIDS(.AREA.,$,#4337,(#4339));
#4341=IFCCARTESIANPOINT((0.02500000037252903,0.090000001713633537,0.02500000037252903));
#4342=IFCDIRECTION((0.,-1.,0.));
#4343=IFCDIRECTION((1.,0.,0.));
#4344=IFCAXIS2PLACEMENT3D(#4341,#4342,#4343);
#4345=IFCDIRECTION((0.,0.,-1.));
#4346=IFCEXTRUDEDAREASOLID(#4340,#4344,#4345,0.035000000149011612);
#4347=IFCINDEXEDPOLYCURVE(#4348,(IFCLINEINDEX((1,2,3,4,1))),$);
#4348=IFCCARTESIANPOINTLIST2D(((0.035000000149011612,0.035000000149011612),(0.59414529986679554,0.035000000149011612),(0.59414529986679554,0.81499997526407242),(0.035000000149011612,0.81499997526407242)));
#4349=IFCARBITRARYCLOSEDPROFILEDEF(.AREA.,$,#4347);
#4350=IFCCARTESIANPOINT((0.02500000037252903,0.10250000178813934,0.02500000037252903));
#4351=IFCDIRECTION((0.,-1.,0.));
#4352=IFCDIRECTION((1.,0.,0.));
#4353=IFCAXIS2PLACEMENT3D(#4350,#4351,#4352);
#4354=IFCDIRECTION((0.,0.,-1.));
#4355=IFCEXTRUDEDAREASOLID(#4349,#4353,#4354,0.01);
#4356=IFCCARTESIANPOINTLIST2D(((0.,0.89999997615814209),(0.60303515195846558,0.89999997615814209),(0.60303515195846558,0.),(0.,0.),(0.,0.02500000037252903),(0.57803515158593655,0.02500000037252903),(0.57803515158593655,0.87499997578561306),(0.,0.87499997578561306)));
#4357=IFCINDEXEDPOLYCURVE(#4356,(IFCLINEINDEX((1,2,3,4,5,6,7,8,1))),$);
#4358=IFCARBITRARYCLOSEDPROFILEDEF(.AREA.,$,#4357);
#4359=IFCCARTESIANPOINT((0.65414530038833618,0.090000001713633537,0.));
#4360=IFCDIRECTION((0.,-1.,0.));
#4361=IFCDIRECTION((1.,0.,0.));
#4362=IFCAXIS2PLACEMENT3D(#4359,#4360,#4361);
#4363=IFCDIRECTION((0.,0.,-1.));
#4364=IFCEXTRUDEDAREASOLID(#4358,#4362,#4363,0.0099999997764825821);
#4365=IFCCARTESIANPOINTLIST2D(((0.,0.),(0.60303515195846558,0.),(0.60303515195846558,0.89999997615814209),(0.,0.89999997615814209)));
#4366=IFCINDEXEDPOLYCURVE(#4365,(IFCLINEINDEX((1,2,3,4,1))),$);
#4367=IFCCARTESIANPOINTLIST2D(((0.02500000037252903,0.05000000074505806),(0.55303515121340752,0.05000000074505806),(0.55303515121340752,0.84999997541308403),(0.02500000037252903,0.84999997541308403)));
#4368=IFCINDEXEDPOLYCURVE(#4367,(IFCLINEINDEX((1,2,3,4,1))),$);
#4369=IFCARBITRARYPROFILEDEFWITHVOIDS(.AREA.,$,#4366,(#4368));
#4370=IFCCARTESIANPOINT((0.65414530038833618,0.05000000074505806,0.));
#4371=IFCDIRECTION((0.,-1.,0.));
#4372=IFCDIRECTION((1.,0.,0.));
#4373=IFCAXIS2PLACEMENT3D(#4370,#4371,#4372);
#4374=IFCDIRECTION((0.,0.,-1.));
#4375=IFCEXTRUDEDAREASOLID(#4369,#4373,#4374,0.040000000968575478);
#4376=IFCCARTESIANPOINTLIST2D(((0.,0.),(0.57803515158593655,0.),(0.57803515158593655,0.84999997541308403),(0.,0.84999997541308403)));
#4377=IFCINDEXEDPOLYCURVE(#4376,(IFCLINEINDEX((1,2,3,4,1))),$);
#4378=IFCCARTESIANPOINTLIST2D(((0.0055520832538604736,0.0055520832538604736),(0.57248306833207607,0.0055520832538604736),(0.57248306833207607,0.84444789215922356),(0.0055520832538604736,0.84444789215922356)));
#4379=IFCINDEXEDPOLYCURVE(#4378,(IFCLINEINDEX((1,2,3,4,1))),$);
#4380=IFCARBITRARYPROFILEDEFWITHVOIDS(.AREA.,$,#4377,(#4379));
#4381=IFCCARTESIANPOINT((0.65414530038833618,0.090000001713633537,0.02500000037252903));
#4382=IFCDIRECTION((0.,-1.,0.));
#4383=IFCDIRECTION((1.,0.,0.));
#4384=IFCAXIS2PLACEMENT3D(#4381,#4382,#4383);
#4385=IFCDIRECTION((0.,0.,-1.));
#4386=IFCEXTRUDEDAREASOLID(#4380,#4384,#4385,0.035000000149011612);
#4387=IFCINDEXEDPOLYCURVE(#4388,(IFCLINEINDEX((1,2,3,4,1))),$);
#4388=IFCCARTESIANPOINTLIST2D(((0.0055520832538604736,0.0055520832538604736),(0.57248306833207607,0.0055520832538604736),(0.57248306833207607,0.84444789215922356),(0.0055520832538604736,0.84444789215922356)));
#4389=IFCARBITRARYCLOSEDPROFILEDEF(.AREA.,$,#4387);
#4390=IFCCARTESIANPOINT((0.65414530038833618,0.10250000178813934,0.02500000037252903));
#4391=IFCDIRECTION((0.,-1.,0.));
#4392=IFCDIRECTION((1.,0.,0.));
#4393=IFCAXIS2PLACEMENT3D(#4390,#4391,#4392);
#4394=IFCDIRECTION((0.,0.,-1.));
#4395=IFCEXTRUDEDAREASOLID(#4389,#4393,#4394,0.01);
#4396=IFCSHAPEREPRESENTATION(#11,'Body','SweptSolid',(#4324,#4335,#4346,#4355,#4364,#4375,#4386,#4395));
#4397=IFCCARTESIANPOINTLIST2D(((0.05000000074505806,0.05000000074505806),(0.62914530001580715,0.05000000074505806)));
#4398=IFCINDEXEDPOLYCURVE(#4397,$,$);
#4399=IFCCARTESIANPOINTLIST2D(((0.,0.10000000149011612),(0.02500000037252903,0.10000000149011612),(0.02500000037252903,0.090000001713633537),(0.05000000074505806,0.090000001713633537),(0.05000000074505806,0.05000000074505806),(0.,0.05000000074505806)));
#4400=IFCINDEXEDPOLYCURVE(#4399,(IFCLINEINDEX((1,2,3,4,5,6,1))),$);
#4401=IFCCARTESIANPOINTLIST2D(((0.65414530038833618,0.10000000149011612),(0.65414530038833618,0.10000000149011612),(0.65414530038833618,0.090000001713633537),(0.62914530001580715,0.090000001713633537),(0.62914530001580715,0.05000000074505806),(0.65414530038833618,0.05000000074505806)));
#4402=IFCINDEXEDPOLYCURVE(#4401,$,$);
#4403=IFCCARTESIANPOINTLIST2D(((0.02500000037252903,0.090000001713633537),(0.060000000521540642,0.090000001713633537),(0.060000000521540642,0.12500000186264515),(0.02500000037252903,0.12500000186264515)));
#4404=IFCINDEXEDPOLYCURVE(#4403,(IFCLINEINDEX((1,2,3,4,1))),$);
#4405=IFCINDEXEDPOLYCURVE(#4406,(IFCLINEINDEX((1,2,3,4,1))),$);
#4406=IFCCARTESIANPOINTLIST2D(((0.65414530038833618,0.090000001713633537),(0.61914530023932457,0.090000001713633537),(0.61914530023932457,0.12500000186264515),(0.65414530038833618,0.12500000186264515)));
#4407=IFCCARTESIANPOINTLIST2D(((0.060000000521540642,0.090000001713633537),(0.61914530023932457,0.090000001713633537)));
#4408=IFCINDEXEDPOLYCURVE(#4407,$,$);
#4409=IFCINDEXEDPOLYCURVE(#4410,$,$);
#4410=IFCCARTESIANPOINTLIST2D(((0.060000000521540642,0.12500000186264515),(0.61914530023932457,0.12500000186264515)));
#4411=IFCINDEXEDPOLYCURVE(#4412,$,$);
#4412=IFCCARTESIANPOINTLIST2D(((0.060000000521540642,0.10750000178813934),(0.61914530023932457,0.10750000178813934)));
#4413=IFCCARTESIANPOINTLIST2D(((0.67914530076086521,0.05000000074505806),(1.2071804516017437,0.05000000074505806)));
#4414=IFCINDEXEDPOLYCURVE(#4413,$,$);
#4415=IFCCARTESIANPOINTLIST2D(((0.65414530038833618,0.10000000149011612),(0.65414530038833618,0.10000000149011612),(0.65414530038833618,0.090000001713633537),(0.67914530076086521,0.090000001713633537),(0.67914530076086521,0.05000000074505806),(0.65414530038833618,0.05000000074505806)));
#4416=IFCINDEXEDPOLYCURVE(#4415,$,$);
#4417=IFCCARTESIANPOINTLIST2D(((1.2571804523468018,0.10000000149011612),(1.2321804519742727,0.10000000149011612),(1.2321804519742727,0.090000001713633537),(1.2071804516017437,0.090000001713633537),(1.2071804516017437,0.05000000074505806),(1.2571804523468018,0.05000000074505806)));
#4418=IFCINDEXEDPOLYCURVE(#4417,(IFCLINEINDEX((1,2,3,4,5,6,1))),$);
#4419=IFCCARTESIANPOINTLIST2D(((0.65414530038833618,0.090000001713633537),(0.65969738364219666,0.090000001713633537),(0.65969738364219666,0.12500000186264515),(0.65414530038833618,0.12500000186264515)));
#4420=IFCINDEXEDPOLYCURVE(#4419,(IFCLINEINDEX((1,2,3,4,1))),$);
#4421=IFCINDEXEDPOLYCURVE(#4422,(IFCLINEINDEX((1,2,3,4,1))),$);
#4422=IFCCARTESIANPOINTLIST2D(((1.2321804519742727,0.090000001713633537),(1.2266283687204123,0.090000001713633537),(1.2266283687204123,0.12500000186264515),(1.2321804519742727,0.12500000186264515)));
#4423=IFCCARTESIANPOINTLIST2D(((0.65969738364219666,0.090000001713633537),(1.2266283687204123,0.090000001713633537)));
#4424=IFCINDEXEDPOLYCURVE(#4423,$,$);
#4425=IFCINDEXEDPOLYCURVE(#4426,$,$);
#4426=IFCCARTESIANPOINTLIST2D(((0.65969738364219666,0.12500000186264515),(1.2266283687204123,0.12500000186264515)));
#4427=IFCINDEXEDPOLYCURVE(#4428,$,$);
#4428=IFCCARTESIANPOINTLIST2D(((0.65969738364219666,0.10750000178813934),(1.2266283687204123,0.10750000178813934)));
#4429=IFCSHAPEREPRESENTATION(#24,'Body','Curve2D',(#4398,#4400,#4402,#4404,#4405,#4408,#4409,#4411,#4414,#4416,#4418,#4420,#4421,#4424,#4425,#4427));
#4430=IFCCARTESIANPOINTLIST2D(((0.,0.),(1.2571804523468018,0.),(1.2571804523468018,0.89999997615814209),(0.,0.89999997615814209)));
#4431=IFCINDEXEDPOLYCURVE(#4430,(IFCLINEINDEX((1,2,3,4,1))),$);
#4432=IFCARBITRARYCLOSEDPROFILEDEF(.AREA.,$,#4431);
#4433=IFCCARTESIANPOINT((0.,-0.60000002384185791,0.));
#4434=IFCDIRECTION((0.,-1.,0.));
#4435=IFCDIRECTION((1.,0.,0.));
#4436=IFCAXIS2PLACEMENT3D(#4433,#4434,#4435);
#4437=IFCDIRECTION((0.,0.,-1.));
#4438=IFCEXTRUDEDAREASOLID(#4432,#4436,#4437,1.2);
#4439=IFCSHAPEREPRESENTATION(#11,'Body','SweptSolid',(#4438));
#4445=IFCCARTESIANPOINT((1.0116473124492291,2.9802322387695312E-07,1.));
#4446=IFCDIRECTION((0.,0.,1.));
#4447=IFCDIRECTION((0.99999999999997158,-2.3841857910155572E-07,0.));
#4448=IFCAXIS2PLACEMENT3D(#4445,#4446,#4447);
#4449=IFCLOCALPLACEMENT(#574,#4448);
#4450=IFCCARTESIANPOINT((4.4408920985006262E-16,0.,0.));
#4451=IFCDIRECTION((0.,0.,1.));
#4452=IFCDIRECTION((1.,0.,0.));
#4453=IFCAXIS2PLACEMENT3D(#4450,#4451,#4452);
#4454=IFCLOCALPLACEMENT(#4449,#4453);
#4455=IFCWINDOWTYPE('3yPSweWHP6ABMdiTJYhFgV',$,'Guest-2-GF',$,$,(#4456),(#4458,#4466,#4514),$,$,.WINDOW.,.SINGLE_PANEL.,$,$);
#4456=IFCPROPERTYSET('14rfQRZhzFiAi6syeg1Kbk',$,'BBIM_Window',$,(#4457));
#4457=IFCPROPERTYSINGLEVALUE('Data',$,IFCTEXT('{"window_type": "SINGLE_PANEL", "overall_height": 0.8999999761581421, "overall_width": 0.7914193868637085, "lining_properties": {"lining_depth": 0.05000000074505806, "lining_thickness": 0.05000000074505806, "lining_offset": 0.05000000074505806, "lining_to_panel_offset_x": 0.02500000037252903, "lining_to_panel_offset_y": 0.02500000037252903}, "panel_properties": {"frame_depth": [0.03500000014901161, 0.03500000014901161, 0.03500000014901161], "frame_thickness": [0.03500000014901161, 0.03500000014901161, 0.03500000014901161]}}'),$);
#4458=IFCREPRESENTATIONMAP(#4459,#4618);
#4459=IFCAXIS2PLACEMENT3D(#4460,#4461,#4462);
#4460=IFCCARTESIANPOINT((0.,0.,0.));
#4461=IFCDIRECTION((0.,0.,1.));
#4462=IFCDIRECTION((1.,0.,0.));
#4466=IFCREPRESENTATIONMAP(#4467,#4661);
#4467=IFCAXIS2PLACEMENT3D(#4468,#4469,#4470);
#4468=IFCCARTESIANPOINT((0.,0.,0.));
#4469=IFCDIRECTION((0.,0.,1.));
#4470=IFCDIRECTION((1.,0.,0.));
#4514=IFCREPRESENTATIONMAP(#4515,#4684);
#4515=IFCAXIS2PLACEMENT3D(#4516,#4517,#4518);
#4516=IFCCARTESIANPOINT((0.,0.,0.));
#4517=IFCDIRECTION((0.,0.,1.));
#4518=IFCDIRECTION((1.,0.,0.));
#4536=IFCWINDOW('0H1dsmVFL5XBYu138_KLzi',$,'Window',$,$,#4709,#4545,$,0.89999997615814209,0.7914193868637085,$,.SINGLE_PANEL.,$);
#4537=IFCRELDEFINESBYTYPE('0kbEDjo4nBgfkAkBSrep8Q',$,$,$,(#4536),#4455);
#4538=IFCCARTESIANPOINT((0.,0.,0.));
#4539=IFCDIRECTION((1.,0.,0.));
#4540=IFCDIRECTION((0.,1.,0.));
#4541=IFCDIRECTION((0.,0.,1.));
#4542=IFCCARTESIANTRANSFORMATIONOPERATOR3D(#4539,#4540,#4538,1.,#4541);
#4543=IFCMAPPEDITEM(#4458,#4542);
#4544=IFCSHAPEREPRESENTATION(#18,'Profile','MappedRepresentation',(#4543));
#4545=IFCPRODUCTDEFINITIONSHAPE($,$,(#4544,#4552,#4559));
#4546=IFCCARTESIANPOINT((0.,0.,0.));
#4547=IFCDIRECTION((1.,0.,0.));
#4548=IFCDIRECTION((0.,1.,0.));
#4549=IFCDIRECTION((0.,0.,1.));
#4550=IFCCARTESIANTRANSFORMATIONOPERATOR3D(#4547,#4548,#4546,1.,#4549);
#4551=IFCMAPPEDITEM(#4466,#4550);
#4552=IFCSHAPEREPRESENTATION(#11,'Body','MappedRepresentation',(#4551));
#4553=IFCCARTESIANPOINT((0.,0.,0.));
#4554=IFCDIRECTION((1.,0.,0.));
#4555=IFCDIRECTION((0.,1.,0.));
#4556=IFCDIRECTION((0.,0.,1.));
#4557=IFCCARTESIANTRANSFORMATIONOPERATOR3D(#4554,#4555,#4553,1.,#4556);
#4558=IFCMAPPEDITEM(#4514,#4557);
#4559=IFCSHAPEREPRESENTATION(#24,'Body','MappedRepresentation',(#4558));
#4560=IFCOPENINGELEMENT('0jpkLU_i58YBm7mnU_4DGB',$,'Opening',$,$,#4704,#4588,$,.OPENING.);
#4576=IFCCARTESIANPOINT((0.,0.,0.));
#4577=IFCDIRECTION((1.,0.,0.));
#4578=IFCDIRECTION((0.,0.,1.));
#4579=IFCAXIS2PLACEMENT3D(#4576,#4578,#4577);
#4580=IFCREPRESENTATIONMAP(#4579,#4694);
#4581=IFCCARTESIANPOINT((0.,0.,0.));
#4582=IFCDIRECTION((1.,0.,0.));
#4583=IFCDIRECTION((0.,1.,0.));
#4584=IFCDIRECTION((0.,0.,1.));
#4585=IFCCARTESIANTRANSFORMATIONOPERATOR3D(#4582,#4583,#4581,1.,#4584);
#4586=IFCMAPPEDITEM(#4580,#4585);
#4587=IFCSHAPEREPRESENTATION(#11,'Body','MappedRepresentation',(#4586));
#4588=IFCPRODUCTDEFINITIONSHAPE($,$,(#4587));
#4589=IFCRELVOIDSELEMENT('1_22mjdf1F68LKbmrobwmq',$,$,$,#267,#4560);
#4595=IFCRELFILLSELEMENT('1fSsdq63j34A6RhQCoKKKf',$,$,$,#4560,#4536);
#4616=IFCCARTESIANPOINTLIST3D(((0.,0.,0.),(0.7914193868637085,0.,0.),(0.7914193868637085,0.,0.89999997615814209),(0.,0.,0.89999997615814209)));
#4617=IFCINDEXEDPOLYCURVE(#4616,(IFCLINEINDEX((1,2,3,4,1))),$);
#4618=IFCSHAPEREPRESENTATION(#18,'Profile','Curve3D',(#4617));
#4619=IFCCARTESIANPOINTLIST2D(((0.,0.),(0.7914193868637085,0.),(0.7914193868637085,0.89999997615814209),(0.,0.89999997615814209)));
#4620=IFCINDEXEDPOLYCURVE(#4619,(IFCLINEINDEX((1,2,3,4,1))),$);
#4621=IFCCARTESIANPOINTLIST2D(((0.02500000037252903,0.02500000037252903),(0.76641938649117947,0.02500000037252903),(0.76641938649117947,0.87499997578561306),(0.02500000037252903,0.87499997578561306)));
#4622=IFCINDEXEDPOLYCURVE(#4621,(IFCLINEINDEX((1,2,3,4,1))),$);
#4623=IFCARBITRARYPROFILEDEFWITHVOIDS(.AREA.,$,#4620,(#4622));
#4624=IFCCARTESIANPOINT((0.,0.090000001713633537,0.));
#4625=IFCDIRECTION((0.,-1.,0.));
#4626=IFCDIRECTION((1.,0.,0.));
#4627=IFCAXIS2PLACEMENT3D(#4624,#4625,#4626);
#4628=IFCDIRECTION((0.,0.,-1.));
#4629=IFCEXTRUDEDAREASOLID(#4623,#4627,#4628,0.0099999997764825821);
#4630=IFCCARTESIANPOINTLIST2D(((0.,0.),(0.7914193868637085,0.),(0.7914193868637085,0.89999997615814209),(0.,0.89999997615814209)));
#4631=IFCINDEXEDPOLYCURVE(#4630,(IFCLINEINDEX((1,2,3,4,1))),$);
#4632=IFCCARTESIANPOINTLIST2D(((0.05000000074505806,0.05000000074505806),(0.74141938611865044,0.05000000074505806),(0.74141938611865044,0.84999997541308403),(0.05000000074505806,0.84999997541308403)));
#4633=IFCINDEXEDPOLYCURVE(#4632,(IFCLINEINDEX((1,2,3,4,1))),$);
#4634=IFCARBITRARYPROFILEDEFWITHVOIDS(.AREA.,$,#4631,(#4633));
#4635=IFCCARTESIANPOINT((0.,0.05000000074505806,0.));
#4636=IFCDIRECTION((0.,-1.,0.));
#4637=IFCDIRECTION((1.,0.,0.));
#4638=IFCAXIS2PLACEMENT3D(#4635,#4636,#4637);
#4639=IFCDIRECTION((0.,0.,-1.));
#4640=IFCEXTRUDEDAREASOLID(#4634,#4638,#4639,0.040000000968575478);
#4641=IFCCARTESIANPOINTLIST2D(((0.,0.),(0.74141938611865044,0.),(0.74141938611865044,0.84999997541308403),(0.,0.84999997541308403)));
#4642=IFCINDEXEDPOLYCURVE(#4641,(IFCLINEINDEX((1,2,3,4,1))),$);
#4643=IFCCARTESIANPOINTLIST2D(((0.035000000149011612,0.035000000149011612),(0.70641938596963882,0.035000000149011612),(0.70641938596963882,0.81499997526407242),(0.035000000149011612,0.81499997526407242)));
#4644=IFCINDEXEDPOLYCURVE(#4643,(IFCLINEINDEX((1,2,3,4,1))),$);
#4645=IFCARBITRARYPROFILEDEFWITHVOIDS(.AREA.,$,#4642,(#4644));
#4646=IFCCARTESIANPOINT((0.02500000037252903,0.090000001713633537,0.02500000037252903));
#4647=IFCDIRECTION((0.,-1.,0.));
#4648=IFCDIRECTION((1.,0.,0.));
#4649=IFCAXIS2PLACEMENT3D(#4646,#4647,#4648);
#4650=IFCDIRECTION((0.,0.,-1.));
#4651=IFCEXTRUDEDAREASOLID(#4645,#4649,#4650,0.035000000149011612);
#4652=IFCINDEXEDPOLYCURVE(#4653,(IFCLINEINDEX((1,2,3,4,1))),$);
#4653=IFCCARTESIANPOINTLIST2D(((0.035000000149011612,0.035000000149011612),(0.70641938596963882,0.035000000149011612),(0.70641938596963882,0.81499997526407242),(0.035000000149011612,0.81499997526407242)));
#4654=IFCARBITRARYCLOSEDPROFILEDEF(.AREA.,$,#4652);
#4655=IFCCARTESIANPOINT((0.02500000037252903,0.10250000178813934,0.02500000037252903));
#4656=IFCDIRECTION((0.,-1.,0.));
#4657=IFCDIRECTION((1.,0.,0.));
#4658=IFCAXIS2PLACEMENT3D(#4655,#4656,#4657);
#4659=IFCDIRECTION((0.,0.,-1.));
#4660=IFCEXTRUDEDAREASOLID(#4654,#4658,#4659,0.01);
#4661=IFCSHAPEREPRESENTATION(#11,'Body','SweptSolid',(#4629,#4640,#4651,#4660));
#4662=IFCSHAPEREPRESENTATION(#11,'Body','SweptSolid',(#4629,#4640));
#4663=IFCSHAPEASPECT((#4662),'Lining',$,.T.,#4545);
#4664=IFCSHAPEREPRESENTATION(#11,'Body','SweptSolid',(#4651));
#4665=IFCSHAPEASPECT((#4664),'Framing',$,.T.,#4545);
#4666=IFCSHAPEREPRESENTATION(#11,'Body','SweptSolid',(#4660));
#4667=IFCSHAPEASPECT((#4666),'Glazing',$,.T.,#4545);
#4668=IFCCARTESIANPOINTLIST2D(((0.05000000074505806,0.05000000074505806),(0.74141938611865044,0.05000000074505806)));
#4669=IFCINDEXEDPOLYCURVE(#4668,$,$);
#4670=IFCCARTESIANPOINTLIST2D(((0.,0.10000000149011612),(0.02500000037252903,0.10000000149011612),(0.02500000037252903,0.090000001713633537),(0.05000000074505806,0.090000001713633537),(0.05000000074505806,0.05000000074505806),(0.,0.05000000074505806)));
#4671=IFCINDEXEDPOLYCURVE(#4670,(IFCLINEINDEX((1,2,3,4,5,6,1))),$);
#4672=IFCCARTESIANPOINTLIST2D(((0.7914193868637085,0.10000000149011612),(0.76641938649117947,0.10000000149011612),(0.76641938649117947,0.090000001713633537),(0.74141938611865044,0.090000001713633537),(0.74141938611865044,0.05000000074505806),(0.7914193868637085,0.05000000074505806)));
#4673=IFCINDEXEDPOLYCURVE(#4672,(IFCLINEINDEX((1,2,3,4,5,6,1))),$);
#4674=IFCCARTESIANPOINTLIST2D(((0.02500000037252903,0.090000001713633537),(0.060000000521540642,0.090000001713633537),(0.060000000521540642,0.12500000186264515),(0.02500000037252903,0.12500000186264515)));
#4675=IFCINDEXEDPOLYCURVE(#4674,(IFCLINEINDEX((1,2,3,4,1))),$);
#4676=IFCINDEXEDPOLYCURVE(#4677,(IFCLINEINDEX((1,2,3,4,1))),$);
#4677=IFCCARTESIANPOINTLIST2D(((0.76641938649117947,0.090000001713633537),(0.73141938634216785,0.090000001713633537),(0.73141938634216785,0.12500000186264515),(0.76641938649117947,0.12500000186264515)));
#4678=IFCCARTESIANPOINTLIST2D(((0.060000000521540642,0.090000001713633537),(0.73141938634216785,0.090000001713633537)));
#4679=IFCINDEXEDPOLYCURVE(#4678,$,$);
#4680=IFCINDEXEDPOLYCURVE(#4681,$,$);
#4681=IFCCARTESIANPOINTLIST2D(((0.060000000521540642,0.12500000186264515),(0.73141938634216785,0.12500000186264515)));
#4682=IFCINDEXEDPOLYCURVE(#4683,$,$);
#4683=IFCCARTESIANPOINTLIST2D(((0.060000000521540642,0.10750000178813934),(0.73141938634216785,0.10750000178813934)));
#4684=IFCSHAPEREPRESENTATION(#24,'Body','Curve2D',(#4669,#4671,#4673,#4675,#4676,#4679,#4680,#4682));
#4685=IFCCARTESIANPOINTLIST2D(((0.,0.),(0.7914193868637085,0.),(0.7914193868637085,0.89999997615814209),(0.,0.89999997615814209)));
#4686=IFCINDEXEDPOLYCURVE(#4685,(IFCLINEINDEX((1,2,3,4,1))),$);
#4687=IFCARBITRARYCLOSEDPROFILEDEF(.AREA.,$,#4686);
#4688=IFCCARTESIANPOINT((0.,-0.60000002384185791,0.));
#4689=IFCDIRECTION((0.,-1.,0.));
#4690=IFCDIRECTION((1.,0.,0.));
#4691=IFCAXIS2PLACEMENT3D(#4688,#4689,#4690);
#4692=IFCDIRECTION((0.,0.,-1.));
#4693=IFCEXTRUDEDAREASOLID(#4687,#4691,#4692,1.2);
#4694=IFCSHAPEREPRESENTATION(#11,'Body','SweptSolid',(#4693));
#4700=IFCCARTESIANPOINT((3.0202174897895651,7.2565430286886112E-07,1.));
#4701=IFCDIRECTION((0.,0.,1.));
#4702=IFCDIRECTION((0.99999999999999289,1.1920928244535129E-07,0.));
#4703=IFCAXIS2PLACEMENT3D(#4700,#4701,#4702);
#4704=IFCLOCALPLACEMENT(#542,#4703);
#4705=IFCCARTESIANPOINT((-8.8817841970012523E-16,0.,0.));
#4706=IFCDIRECTION((0.,0.,1.));
#4707=IFCDIRECTION((1.,0.,0.));
#4708=IFCAXIS2PLACEMENT3D(#4705,#4706,#4707);
#4709=IFCLOCALPLACEMENT(#4704,#4708);
#4710=IFCWINDOWTYPE('2I1QTGmdv4qgyd$Babnoba',$,'Maid-GF',$,$,(#4711),(#4713,#4721,#4769),$,$,.WINDOW.,.SINGLE_PANEL.,$,$);
#4711=IFCPROPERTYSET('0irpF3TffCQeTB94tAVLNF',$,'BBIM_Window',$,(#4712));
#4712=IFCPROPERTYSINGLEVALUE('Data',$,IFCTEXT('{"window_type": "SINGLE_PANEL", "overall_height": 0.8999999761581421, "overall_width": 0.8076488375663757, "lining_properties": {"lining_depth": 0.05000000074505806, "lining_thickness": 0.05000000074505806, "lining_offset": 0.05000000074505806, "lining_to_panel_offset_x": 0.02500000037252903, "lining_to_panel_offset_y": 0.02500000037252903}, "panel_properties": {"frame_depth": [0.03500000014901161, 0.03500000014901161, 0.03500000014901161], "frame_thickness": [0.03500000014901161, 0.03500000014901161, 0.03500000014901161]}}'),$);
#4713=IFCREPRESENTATIONMAP(#4714,#4967);
#4714=IFCAXIS2PLACEMENT3D(#4715,#4716,#4717);
#4715=IFCCARTESIANPOINT((0.,0.,0.));
#4716=IFCDIRECTION((0.,0.,1.));
#4717=IFCDIRECTION((1.,0.,0.));
#4721=IFCREPRESENTATIONMAP(#4722,#5010);
#4722=IFCAXIS2PLACEMENT3D(#4723,#4724,#4725);
#4723=IFCCARTESIANPOINT((0.,0.,0.));
#4724=IFCDIRECTION((0.,0.,1.));
#4725=IFCDIRECTION((1.,0.,0.));
#4769=IFCREPRESENTATIONMAP(#4770,#5027);
#4770=IFCAXIS2PLACEMENT3D(#4771,#4772,#4773);
#4771=IFCCARTESIANPOINT((0.,0.,0.));
#4772=IFCDIRECTION((0.,0.,1.));
#4773=IFCDIRECTION((1.,0.,0.));
#4791=IFCWINDOW('16qWvmkvT3reSXwee12MmP',$,'Window',$,$,#5052,#4800,$,0.89999997615814209,0.80764883756637573,$,.SINGLE_PANEL.,$);
#4792=IFCRELDEFINESBYTYPE('1jMZCVeWjA$xN4dpOIoNvS',$,$,$,(#4791),#4710);
#4793=IFCCARTESIANPOINT((0.,0.,0.));
#4794=IFCDIRECTION((1.,0.,0.));
#4795=IFCDIRECTION((0.,1.,0.));
#4796=IFCDIRECTION((0.,0.,1.));
#4797=IFCCARTESIANTRANSFORMATIONOPERATOR3D(#4794,#4795,#4793,1.,#4796);
#4798=IFCMAPPEDITEM(#4713,#4797);
#4799=IFCSHAPEREPRESENTATION(#18,'Profile','MappedRepresentation',(#4798));
#4800=IFCPRODUCTDEFINITIONSHAPE($,$,(#4799,#4807,#4814));
#4801=IFCCARTESIANPOINT((0.,0.,0.));
#4802=IFCDIRECTION((1.,0.,0.));
#4803=IFCDIRECTION((0.,1.,0.));
#4804=IFCDIRECTION((0.,0.,1.));
#4805=IFCCARTESIANTRANSFORMATIONOPERATOR3D(#4802,#4803,#4801,1.,#4804);
#4806=IFCMAPPEDITEM(#4721,#4805);
#4807=IFCSHAPEREPRESENTATION(#11,'Body','MappedRepresentation',(#4806));
#4808=IFCCARTESIANPOINT((0.,0.,0.));
#4809=IFCDIRECTION((1.,0.,0.));
#4810=IFCDIRECTION((0.,1.,0.));
#4811=IFCDIRECTION((0.,0.,1.));
#4812=IFCCARTESIANTRANSFORMATIONOPERATOR3D(#4809,#4810,#4808,1.,#4811);
#4813=IFCMAPPEDITEM(#4769,#4812);
#4814=IFCSHAPEREPRESENTATION(#24,'Body','MappedRepresentation',(#4813));
#4815=IFCOPENINGELEMENT('26gzsLeFv8QhQHrtESw$xM',$,'Opening',$,$,#5047,#4843,$,.OPENING.);
#4831=IFCCARTESIANPOINT((0.,0.,0.));
#4832=IFCDIRECTION((1.,0.,0.));
#4833=IFCDIRECTION((0.,0.,1.));
#4834=IFCAXIS2PLACEMENT3D(#4831,#4833,#4832);
#4835=IFCREPRESENTATIONMAP(#4834,#5037);
#4836=IFCCARTESIANPOINT((0.,0.,0.));
#4837=IFCDIRECTION((1.,0.,0.));
#4838=IFCDIRECTION((0.,1.,0.));
#4839=IFCDIRECTION((0.,0.,1.));
#4840=IFCCARTESIANTRANSFORMATIONOPERATOR3D(#4837,#4838,#4836,1.,#4839);
#4841=IFCMAPPEDITEM(#4835,#4840);
#4842=IFCSHAPEREPRESENTATION(#11,'Body','MappedRepresentation',(#4841));
#4843=IFCPRODUCTDEFINITIONSHAPE($,$,(#4842));
#4844=IFCRELVOIDSELEMENT('3UosCGmLTBxfC9AVf9$c$3',$,$,$,#242,#4815);
#4850=IFCRELFILLSELEMENT('1sK5BbhvP1wvDZS3gkh6zG',$,$,$,#4815,#4791);
#4859=IFCCARTESIANPOINTLIST2D(((0.,0.),(0.7914193868637085,0.),(0.7914193868637085,0.89999997615814209),(0.,0.89999997615814209)));
#4860=IFCINDEXEDPOLYCURVE(#4859,(IFCLINEINDEX((1,2,3,4,1))),$);
#4861=IFCCARTESIANPOINTLIST2D(((0.02500000037252903,0.02500000037252903),(0.76641938649117947,0.02500000037252903),(0.76641938649117947,0.87499997578561306),(0.02500000037252903,0.87499997578561306)));
#4862=IFCINDEXEDPOLYCURVE(#4861,(IFCLINEINDEX((1,2,3,4,1))),$);
#4863=IFCARBITRARYPROFILEDEFWITHVOIDS(.AREA.,$,#4860,(#4862));
#4864=IFCCARTESIANPOINT((0.,0.090000001713633537,0.));
#4865=IFCDIRECTION((0.,-1.,0.));
#4866=IFCDIRECTION((1.,0.,0.));
#4867=IFCAXIS2PLACEMENT3D(#4864,#4865,#4866);
#4868=IFCDIRECTION((0.,0.,-1.));
#4869=IFCEXTRUDEDAREASOLID(#4863,#4867,#4868,0.0099999997764825821);
#4870=IFCCARTESIANPOINTLIST2D(((0.,0.),(0.7914193868637085,0.),(0.7914193868637085,0.89999997615814209),(0.,0.89999997615814209)));
#4871=IFCINDEXEDPOLYCURVE(#4870,(IFCLINEINDEX((1,2,3,4,1))),$);
#4872=IFCCARTESIANPOINTLIST2D(((0.05000000074505806,0.05000000074505806),(0.74141938611865044,0.05000000074505806),(0.74141938611865044,0.84999997541308403),(0.05000000074505806,0.84999997541308403)));
#4873=IFCINDEXEDPOLYCURVE(#4872,(IFCLINEINDEX((1,2,3,4,1))),$);
#4874=IFCARBITRARYPROFILEDEFWITHVOIDS(.AREA.,$,#4871,(#4873));
#4875=IFCCARTESIANPOINT((0.,0.05000000074505806,0.));
#4876=IFCDIRECTION((0.,-1.,0.));
#4877=IFCDIRECTION((1.,0.,0.));
#4878=IFCAXIS2PLACEMENT3D(#4875,#4876,#4877);
#4879=IFCDIRECTION((0.,0.,-1.));
#4880=IFCEXTRUDEDAREASOLID(#4874,#4878,#4879,0.040000000968575478);
#4881=IFCCARTESIANPOINTLIST2D(((0.,0.),(0.74141938611865044,0.),(0.74141938611865044,0.84999997541308403),(0.,0.84999997541308403)));
#4882=IFCINDEXEDPOLYCURVE(#4881,(IFCLINEINDEX((1,2,3,4,1))),$);
#4883=IFCCARTESIANPOINTLIST2D(((0.035000000149011612,0.035000000149011612),(0.70641938596963882,0.035000000149011612),(0.70641938596963882,0.81499997526407242),(0.035000000149011612,0.81499997526407242)));
#4884=IFCINDEXEDPOLYCURVE(#4883,(IFCLINEINDEX((1,2,3,4,1))),$);
#4885=IFCARBITRARYPROFILEDEFWITHVOIDS(.AREA.,$,#4882,(#4884));
#4886=IFCCARTESIANPOINT((0.02500000037252903,0.090000001713633537,0.02500000037252903));
#4887=IFCDIRECTION((0.,-1.,0.));
#4888=IFCDIRECTION((1.,0.,0.));
#4889=IFCAXIS2PLACEMENT3D(#4886,#4887,#4888);
#4890=IFCDIRECTION((0.,0.,-1.));
#4891=IFCEXTRUDEDAREASOLID(#4885,#4889,#4890,0.035000000149011612);
#4892=IFCINDEXEDPOLYCURVE(#4893,(IFCLINEINDEX((1,2,3,4,1))),$);
#4893=IFCCARTESIANPOINTLIST2D(((0.035000000149011612,0.035000000149011612),(0.70641938596963882,0.035000000149011612),(0.70641938596963882,0.81499997526407242),(0.035000000149011612,0.81499997526407242)));
#4894=IFCARBITRARYCLOSEDPROFILEDEF(.AREA.,$,#4892);
#4895=IFCCARTESIANPOINT((0.02500000037252903,0.10250000178813934,0.02500000037252903));
#4896=IFCDIRECTION((0.,-1.,0.));
#4897=IFCDIRECTION((1.,0.,0.));
#4898=IFCAXIS2PLACEMENT3D(#4895,#4896,#4897);
#4899=IFCDIRECTION((0.,0.,-1.));
#4900=IFCEXTRUDEDAREASOLID(#4894,#4898,#4899,0.01);
#4902=IFCSHAPEREPRESENTATION(#11,'Body','SweptSolid',(#4869,#4978,#4989,#4880));
#4903=IFCSHAPEASPECT((#4902),'Lining',$,.T.,#4800);
#4904=IFCSHAPEREPRESENTATION(#11,'Body','SweptSolid',(#5000,#4891));
#4905=IFCSHAPEASPECT((#4904),'Framing',$,.T.,#4800);
#4906=IFCSHAPEREPRESENTATION(#11,'Body','SweptSolid',(#4900,#5009));
#4907=IFCSHAPEASPECT((#4906),'Glazing',$,.T.,#4800);
#4965=IFCCARTESIANPOINTLIST3D(((0.,0.,0.),(0.80764883756637573,0.,0.),(0.80764883756637573,0.,0.89999997615814209),(0.,0.,0.89999997615814209)));
#4966=IFCINDEXEDPOLYCURVE(#4965,(IFCLINEINDEX((1,2,3,4,1))),$);
#4967=IFCSHAPEREPRESENTATION(#18,'Profile','Curve3D',(#4966));
#4968=IFCCARTESIANPOINTLIST2D(((0.,0.),(0.80764883756637573,0.),(0.80764883756637573,0.89999997615814209),(0.,0.89999997615814209)));
#4969=IFCINDEXEDPOLYCURVE(#4968,(IFCLINEINDEX((1,2,3,4,1))),$);
#4970=IFCCARTESIANPOINTLIST2D(((0.02500000037252903,0.02500000037252903),(0.7826488371938467,0.02500000037252903),(0.7826488371938467,0.87499997578561306),(0.02500000037252903,0.87499997578561306)));
#4971=IFCINDEXEDPOLYCURVE(#4970,(IFCLINEINDEX((1,2,3,4,1))),$);
#4972=IFCARBITRARYPROFILEDEFWITHVOIDS(.AREA.,$,#4969,(#4971));
#4973=IFCCARTESIANPOINT((0.,0.090000001713633537,0.));
#4974=IFCDIRECTION((0.,-1.,0.));
#4975=IFCDIRECTION((1.,0.,0.));
#4976=IFCAXIS2PLACEMENT3D(#4973,#4974,#4975);
#4977=IFCDIRECTION((0.,0.,-1.));
#4978=IFCEXTRUDEDAREASOLID(#4972,#4976,#4977,0.0099999997764825821);
#4979=IFCCARTESIANPOINTLIST2D(((0.,0.),(0.80764883756637573,0.),(0.80764883756637573,0.89999997615814209),(0.,0.89999997615814209)));
#4980=IFCINDEXEDPOLYCURVE(#4979,(IFCLINEINDEX((1,2,3,4,1))),$);
#4981=IFCCARTESIANPOINTLIST2D(((0.05000000074505806,0.05000000074505806),(0.75764883682131767,0.05000000074505806),(0.75764883682131767,0.84999997541308403),(0.05000000074505806,0.84999997541308403)));
#4982=IFCINDEXEDPOLYCURVE(#4981,(IFCLINEINDEX((1,2,3,4,1))),$);
#4983=IFCARBITRARYPROFILEDEFWITHVOIDS(.AREA.,$,#4980,(#4982));
#4984=IFCCARTESIANPOINT((0.,0.05000000074505806,0.));
#4985=IFCDIRECTION((0.,-1.,0.));
#4986=IFCDIRECTION((1.,0.,0.));
#4987=IFCAXIS2PLACEMENT3D(#4984,#4985,#4986);
#4988=IFCDIRECTION((0.,0.,-1.));
#4989=IFCEXTRUDEDAREASOLID(#4983,#4987,#4988,0.040000000968575478);
#4990=IFCCARTESIANPOINTLIST2D(((0.,0.),(0.75764883682131767,0.),(0.75764883682131767,0.84999997541308403),(0.,0.84999997541308403)));
#4991=IFCINDEXEDPOLYCURVE(#4990,(IFCLINEINDEX((1,2,3,4,1))),$);
#4992=IFCCARTESIANPOINTLIST2D(((0.035000000149011612,0.035000000149011612),(0.72264883667230606,0.035000000149011612),(0.72264883667230606,0.81499997526407242),(0.035000000149011612,0.81499997526407242)));
#4993=IFCINDEXEDPOLYCURVE(#4992,(IFCLINEINDEX((1,2,3,4,1))),$);
#4994=IFCARBITRARYPROFILEDEFWITHVOIDS(.AREA.,$,#4991,(#4993));
#4995=IFCCARTESIANPOINT((0.02500000037252903,0.090000001713633537,0.02500000037252903));
#4996=IFCDIRECTION((0.,-1.,0.));
#4997=IFCDIRECTION((1.,0.,0.));
#4998=IFCAXIS2PLACEMENT3D(#4995,#4996,#4997);
#4999=IFCDIRECTION((0.,0.,-1.));
#5000=IFCEXTRUDEDAREASOLID(#4994,#4998,#4999,0.035000000149011612);
#5001=IFCINDEXEDPOLYCURVE(#5002,(IFCLINEINDEX((1,2,3,4,1))),$);
#5002=IFCCARTESIANPOINTLIST2D(((0.035000000149011612,0.035000000149011612),(0.72264883667230606,0.035000000149011612),(0.72264883667230606,0.81499997526407242),(0.035000000149011612,0.81499997526407242)));
#5003=IFCARBITRARYCLOSEDPROFILEDEF(.AREA.,$,#5001);
#5004=IFCCARTESIANPOINT((0.02500000037252903,0.10250000178813934,0.02500000037252903));
#5005=IFCDIRECTION((0.,-1.,0.));
#5006=IFCDIRECTION((1.,0.,0.));
#5007=IFCAXIS2PLACEMENT3D(#5004,#5005,#5006);
#5008=IFCDIRECTION((0.,0.,-1.));
#5009=IFCEXTRUDEDAREASOLID(#5003,#5007,#5008,0.01);
#5010=IFCSHAPEREPRESENTATION(#11,'Body','SweptSolid',(#4978,#4989,#5000,#5009));
#5011=IFCCARTESIANPOINTLIST2D(((0.05000000074505806,0.05000000074505806),(0.75764883682131767,0.05000000074505806)));
#5012=IFCINDEXEDPOLYCURVE(#5011,$,$);
#5013=IFCCARTESIANPOINTLIST2D(((0.,0.10000000149011612),(0.02500000037252903,0.10000000149011612),(0.02500000037252903,0.090000001713633537),(0.05000000074505806,0.090000001713633537),(0.05000000074505806,0.05000000074505806),(0.,0.05000000074505806)));
#5014=IFCINDEXEDPOLYCURVE(#5013,(IFCLINEINDEX((1,2,3,4,5,6,1))),$);
#5015=IFCCARTESIANPOINTLIST2D(((0.80764883756637573,0.10000000149011612),(0.7826488371938467,0.10000000149011612),(0.7826488371938467,0.090000001713633537),(0.75764883682131767,0.090000001713633537),(0.75764883682131767,0.05000000074505806),(0.80764883756637573,0.05000000074505806)));
#5016=IFCINDEXEDPOLYCURVE(#5015,(IFCLINEINDEX((1,2,3,4,5,6,1))),$);
#5017=IFCCARTESIANPOINTLIST2D(((0.02500000037252903,0.090000001713633537),(0.060000000521540642,0.090000001713633537),(0.060000000521540642,0.12500000186264515),(0.02500000037252903,0.12500000186264515)));
#5018=IFCINDEXEDPOLYCURVE(#5017,(IFCLINEINDEX((1,2,3,4,1))),$);
#5019=IFCINDEXEDPOLYCURVE(#5020,(IFCLINEINDEX((1,2,3,4,1))),$);
#5020=IFCCARTESIANPOINTLIST2D(((0.7826488371938467,0.090000001713633537),(0.74764883704483509,0.090000001713633537),(0.74764883704483509,0.12500000186264515),(0.7826488371938467,0.12500000186264515)));
#5021=IFCCARTESIANPOINTLIST2D(((0.060000000521540642,0.090000001713633537),(0.74764883704483509,0.090000001713633537)));
#5022=IFCINDEXEDPOLYCURVE(#5021,$,$);
#5023=IFCINDEXEDPOLYCURVE(#5024,$,$);
#5024=IFCCARTESIANPOINTLIST2D(((0.060000000521540642,0.12500000186264515),(0.74764883704483509,0.12500000186264515)));
#5025=IFCINDEXEDPOLYCURVE(#5026,$,$);
#5026=IFCCARTESIANPOINTLIST2D(((0.060000000521540642,0.10750000178813934),(0.74764883704483509,0.10750000178813934)));
#5027=IFCSHAPEREPRESENTATION(#24,'Body','Curve2D',(#5012,#5014,#5016,#5018,#5019,#5022,#5023,#5025));
#5028=IFCCARTESIANPOINTLIST2D(((0.,0.),(0.80764883756637573,0.),(0.80764883756637573,0.89999997615814209),(0.,0.89999997615814209)));
#5029=IFCINDEXEDPOLYCURVE(#5028,(IFCLINEINDEX((1,2,3,4,1))),$);
#5030=IFCARBITRARYCLOSEDPROFILEDEF(.AREA.,$,#5029);
#5031=IFCCARTESIANPOINT((0.,-0.60000002384185791,0.));
#5032=IFCDIRECTION((0.,-1.,0.));
#5033=IFCDIRECTION((1.,0.,0.));
#5034=IFCAXIS2PLACEMENT3D(#5031,#5032,#5033);
#5035=IFCDIRECTION((0.,0.,-1.));
#5036=IFCEXTRUDEDAREASOLID(#5030,#5034,#5035,1.2);
#5037=IFCSHAPEREPRESENTATION(#11,'Body','SweptSolid',(#5036));
#5043=IFCCARTESIANPOINT((0.76635766029370667,-1.7840647448252867E-07,1.));
#5044=IFCDIRECTION((0.,0.,1.));
#5045=IFCDIRECTION((0.99999999999997158,-2.3841857910149749E-07,0.));
#5046=IFCAXIS2PLACEMENT3D(#5043,#5044,#5045);
#5047=IFCLOCALPLACEMENT(#253,#5046);
#5048=IFCCARTESIANPOINT((0.,0.,0.));
#5049=IFCDIRECTION((0.,0.,1.));
#5050=IFCDIRECTION((1.,0.,0.));
#5051=IFCAXIS2PLACEMENT3D(#5048,#5049,#5050);
#5052=IFCLOCALPLACEMENT(#5047,#5051);
#5053=IFCCARTESIANPOINT((0.,0.,3.));
#5054=IFCDIRECTION((0.,0.,1.));
#5055=IFCDIRECTION((1.,0.,0.));
#5056=IFCAXIS2PLACEMENT3D(#5053,#5054,#5055);
#5057=IFCLOCALPLACEMENT(#56,#5056);
#5058=IFCSLAB('2IBqTtA61A5unFOmDtGxMv',$,'Slab',$,$,#5066,#5073,$,$);
#5059=IFCRELCONTAINEDINSPATIALSTRUCTURE('28$JrYva5EpQKr4c0gYR$A',$,$,$,(#5058),#39);
#5060=IFCMATERIALLAYERSETUSAGE(#1131,.AXIS3.,.POSITIVE.,-0.10000000149011612,$);
#5061=IFCRELASSOCIATESMATERIAL('3PEMSD$cvFx8J6koWqjAlt',$,$,$,(#5058),#5060);
#5062=IFCCARTESIANPOINT((4.2266049385070801,-2.5901062488555908,0.));
#5063=IFCDIRECTION((0.,0.,1.));
#5064=IFCDIRECTION((1.,0.,0.));
#5065=IFCAXIS2PLACEMENT3D(#5062,#5063,#5064);
#5066=IFCLOCALPLACEMENT(#5057,#5065);
#5067=IFCCARTESIANPOINTLIST2D(((0.,0.),(1.9073486328125E-06,9.1098432540893555),(-3.4499998092651367,9.1098423004150391),(-3.4499993324279785,7.6098423004150391),(-6.9999995231628418,7.6098442077636719),(-6.9999985694885254,2.4598429203033447),(-3.9999990463256836,2.4598429203033447),(-3.9999997615814209,0.),(0.,0.)));
#5068=IFCINDEXEDPOLYCURVE(#5067,$,$);
#5069=IFCDIRECTION((0.,0.,1.));
#5070=IFCARBITRARYCLOSEDPROFILEDEF(.AREA.,$,#5068);
#5071=IFCEXTRUDEDAREASOLID(#5070,#5080,#5069,0.10000000000000001);
#5072=IFCSHAPEREPRESENTATION(#11,'Body','SweptSolid',(#5071));
#5073=IFCPRODUCTDEFINITIONSHAPE($,$,(#5072));
#5074=IFCPROPERTYSET('3ChPxwLo59lenE6zFrvOgW',$,'EPset_Parametric',$,(#5076));
#5075=IFCRELDEFINESBYPROPERTIES('0j6scDG6D6NQJS$o3_HkvJ',$,$,$,(#5058),#5074);
#5076=IFCPROPERTYSINGLEVALUE('Engine',$,IFCLABEL('Bonsai.DumbLayer3'),$);
#5077=IFCCARTESIANPOINT((-0.,-0.,-0.10000000149011612));
#5078=IFCDIRECTION((0.,0.,1.));
#5079=IFCDIRECTION((1.,0.,0.));
#5080=IFCAXIS2PLACEMENT3D(#5077,#5078,#5079);
#5081=IFCROOFTYPE('1nmFGlKPH1tA3SEQgm_wAL',$,'Unnamed',$,$,(#5082),(#5111,#5139),$,$,.HIP_ROOF.);
#5082=IFCPROPERTYSET('1Yp9ZxN1r16wjptc06__V8',$,'BBIM_Roof',$,(#5083));
#5083=IFCPROPERTYSINGLEVALUE('Data',$,IFCTEXT('{"roof_type": "HIP/GABLE ROOF", "generation_method": "ANGLE", "roof_thickness": 0.10000000149011612, "rafter_edge_angle": 1.5707963705062866, "angle": 0.1745329201221466, "percentage": 17.63269805908203, "path_data": {"edges": [[0, 1], [1, 2], [2, 3], [3, 0]], "verts": [[-5.0, -5.0, 0.0], [-5.0, 5.0, 0.0], [5.0, 5.0, 0.0], [5.0, -5.0, 0.0]]}}'),$);
#5107=IFCCARTESIANPOINT((0.,0.,0.));
#5108=IFCDIRECTION((1.,0.,0.));
#5109=IFCDIRECTION((0.,0.,1.));
#5110=IFCAXIS2PLACEMENT3D(#5107,#5109,#5108);
#5111=IFCREPRESENTATIONMAP(#5110,#5130);
#5112=IFCINDEXEDPOLYGONALFACE((3,1,2));
#5113=IFCINDEXEDPOLYGONALFACE((2,4,3));
#5114=IFCINDEXEDPOLYGONALFACE((1,3,5));
#5115=IFCINDEXEDPOLYGONALFACE((4,5,3));
#5116=IFCINDEXEDPOLYGONALFACE((6,7,8));
#5117=IFCINDEXEDPOLYGONALFACE((8,2,1));
#5118=IFCINDEXEDPOLYGONALFACE((8,1,6));
#5119=IFCINDEXEDPOLYGONALFACE((8,7,9));
#5120=IFCINDEXEDPOLYGONALFACE((2,8,9));
#5121=IFCINDEXEDPOLYGONALFACE((2,9,4));
#5122=IFCINDEXEDPOLYGONALFACE((10,7,6));
#5123=IFCINDEXEDPOLYGONALFACE((6,1,5));
#5124=IFCINDEXEDPOLYGONALFACE((6,5,10));
#5125=IFCINDEXEDPOLYGONALFACE((9,7,10));
#5126=IFCINDEXEDPOLYGONALFACE((4,9,10));
#5127=IFCINDEXEDPOLYGONALFACE((4,10,5));
#5128=IFCCARTESIANPOINTLIST3D(((-5.,-5.,0.),(5.,-5.,0.),(0.,0.,0.88163489103317261),(5.,5.,0.),(-5.,5.,0.),(-5.,-5.,-0.10154265910387039),(0.,0.,0.78009223937988281),(5.,-5.,-0.10154265910387039),(5.,5.,-0.10154265910387039),(-5.,5.,-0.10154265910387039)));
#5129=IFCPOLYGONALFACESET(#5128,.T.,(#5112,#5113,#5114,#5115,#5116,#5117,#5118,#5119,#5120,#5121,#5122,#5123,#5124,#5125,#5126,#5127),$);
#5130=IFCSHAPEREPRESENTATION(#11,'Body','Tessellation',(#5129));
#5132=IFCCARTESIANPOINT((-5.,-5.,-0.10154265910387039));
#5133=IFCBOUNDINGBOX(#5132,10.,10.,0.9831775426864624);
#5134=IFCSHAPEREPRESENTATION(#13,'Box','BoundingBox',(#5133));
#5135=IFCCARTESIANPOINT((0.,0.,0.));
#5136=IFCDIRECTION((1.,0.,0.));
#5137=IFCDIRECTION((0.,0.,1.));
#5138=IFCAXIS2PLACEMENT3D(#5135,#5137,#5136);
#5139=IFCREPRESENTATIONMAP(#5138,#5134);
#5206=IFCCARTESIANPOINT((-2.2204460492503131E-16,0.,0.));
#5207=IFCDIRECTION((0.,0.,1.));
#5208=IFCDIRECTION((1.,0.,0.));
#5209=IFCAXIS2PLACEMENT3D(#5206,#5207,#5208);
#5210=IFCLOCALPLACEMENT(#3714,#5209);
ENDSEC;
END-ISO-10303-21;
